location	A.23.1_Upper	AV.1_Upper	AY.4.2_Upper	B.1.1.318_Upper	B.1.1.7_Upper	B.1.351_Upper	B.1.525_Upper	B.1.617.1_Upper	B.1.617.2_Upper	B.1.617.3_Upper	B.1.621_Upper	B.1.623_Upper	BA.1_Upper	BA.2_Upper	BA.2.75_Upper	BA.2.86_Upper	BA.3_Upper	BA.4_Upper	BA.4.6_Upper	BA.5_Upper	BQ.1_Upper	C.36.3_Upper	C.37_Upper	CH.1.1_Upper	EG.5.1_Upper	P.1_Upper	P.2_Upper	P.3_Upper	XBB_Upper	XBB.1.16_Upper	XBB.1.5_Upper	XD_Upper	XE_Upper	undetermined_Upper	A.23.1	AV.1	AY.4.2	B.1.1.318	B.1.1.7	B.1.351	B.1.525	B.1.617.1	B.1.617.2	B.1.617.3	B.1.621	B.1.623	BA.1	BA.2	BA.2.75	BA.2.86	BA.3	BA.4	BA.4.6	BA.5	BQ.1	C.36.3	C.37	CH.1.1	EG.5.1	P.1	P.2	P.3	XBB	XBB.1.16	XBB.1.5	XD	XE	undetermined	A.23.1_Lower	AV.1_Lower	AY.4.2_Lower	B.1.1.318_Lower	B.1.1.7_Lower	B.1.351_Lower	B.1.525_Lower	B.1.617.1_Lower	B.1.617.2_Lower	B.1.617.3_Lower	B.1.621_Lower	B.1.623_Lower	BA.1_Lower	BA.2_Lower	BA.2.75_Lower	BA.2.86_Lower	BA.3_Lower	BA.4_Lower	BA.4.6_Lower	BA.5_Lower	BQ.1_Lower	C.36.3_Lower	C.37_Lower	CH.1.1_Lower	EG.5.1_Lower	P.1_Lower	P.2_Lower	P.3_Lower	XBB_Lower	XBB.1.16_Lower	XBB.1.5_Lower	XD_Lower	XE_Lower	undetermined_Lower
Mixture01	0.005550110062841668	0.05617640400312046	0.01147616338014012	0.028649843295320943	0.030174313204418993	0.06180120205234188	0.012674523571593705	0.03399235925533736	0.05719210426526704	0.021836596411127368	0.019642996166506204	0.010631252058929739	0.05496910793641591	0.5043518504526658	0.018762813905262587	0.013002411191853476	0.12029125386513725	0.25561744464519476	0.009595501606948128	0.14740315289452632	0.005349991329884069	0.010725646773693864	0.008543993822558663	0.04802974303926316	0.007260662253318247	0.06617242894504506	0.013229989632483148	0.021247321788634962	0.006634437717144642	0.006832898035853026	0.01381340028747312	0.09727393203735969	0.3687794520655128	0.20298066307365772	0.0021294879255533286	0.01450897928340499	0.004971962368051788	0.007255218771434646	0.023553271608188642	0.023473427206590482	0.006616782550820627	0.005039124615015516	0.03420799884772243	0.008821963512623926	0.008973066974253796	0.005741234673032688	0.03400220111435815	0.29560629881128525	0.006815257829881271	0.004770119049431376	0.026275438294665304	0.17313263311122046	0.0029408522020947375	0.09197999513147875	0.00123701515178732	0.0035609252715329766	0.001288936554511678	0.011171328080064888	0.0028239772862361694	0.05516528474242213	0.004921999180490558	0.01138113496878482	0.0025255935174005755	0.003750294722881637	0.002507590806182034	0.01699559807540678	0.058276609668803984	0.020025126484197634	2.8059952664121358e-24	0.004928911523401694	5.602850081589946e-23	0.0018024941636388431	0.01795771092393279	0.004722086446187126	0.002656743029067772	5.451693133001261e-28	1.6131367703406963e-12	0.0011384526432868009	0.0007153893876179749	0.0004605927270369333	0.02020685315419996	5.051543980483114e-06	0.0011091123721982709	2.889393047561122e-05	3.3030408890989977e-17	3.0848128582382687e-19	4.926137260770746e-25	9.120897953255785e-19	7.7511377687497305e-28	0.00022699624152153927	9.122968839118274e-30	7.0012857551817e-14	1.5407341644681388e-24	0.04690861357479305	1.613445721230283e-17	0.0053611161667419215	2.016139513401404e-21	7.738304188236458e-12	1.78509666566194e-27	0.004808032273816586	8.506940656746574e-18	3.350689137441166e-29
Mixture02	0.009838473572689415	0.029409561043524723	0.018318850572462003	0.019555215039427865	0.13498897034397173	0.071661988050011	0.014244578366995567	0.06961833562869303	0.1520372919499721	0.01877412002252869	0.016798096099483788	0.009923069129780705	0.09113694392377962	0.10999708445051651	0.017081940097834824	0.01169050146164664	0.07239662246343852	0.009692676970832094	0.006850185368071781	0.025931389757790132	0.040431150555955336	0.012547206030098797	0.011002422295517072	0.06427794673258821	0.012453903046712197	0.06040144741306517	0.009712209878306007	0.02168999296454406	0.006421654552828159	0.0069316302855115626	0.1518589875692093	0.07017226905339449	0.008803600304529598	0.35839141394259866	0.0049156824315800636	0.012733838814747416	0.01572926727986021	0.007944230946503329	0.12491303898070064	0.026061736066385746	0.007924539256349054	0.009567863167644443	0.10275374583793019	0.009387780965315486	0.00893978135486638	0.005267678213031169	0.07922105773650912	0.010284772939799175	0.009955692520722948	0.008569300506848806	0.013643157131545198	0.006120739805888731	0.003043567592630053	0.011606370025942147	0.005886387366573657	0.004587621325707	0.00190513564488866	0.010159456889701267	0.009755656427751001	0.05278947456799633	0.004231903382032049	0.010580435265807433	0.003252653083663239	0.0043880185756570685	0.020018356518331618	0.019611532385542363	0.0037023921157231052	0.24563409589512428	8.700118747546053e-05	0.004416331520788969	0.008933437382051712	0.0022927125412256283	0.0954578726592766	0.006817494688107678	0.004196471709330144	5.230259639699546e-26	0.06057022905510739	0.003687316939449209	0.00213774708796535	0.0020457811513148578	0.04229885760907339	3.7388932125606985e-30	0.003812939577141782	0.0010734780080615504	0.002914909118478847	1.4741077401624135e-26	0.0008446301845782775	2.924341125487617e-13	1.7118769257359683e-26	0.0006421628888298263	1.1810919816742418e-19	6.9338751365016765e-18	0.0007761191736846819	0.04480672027440811	0.001609321189118123	0.002902689354468328	9.868956012458292e-14	0.0013995256152038846	0.0012378364636853214	0.004757157821229742	6.165884859923626e-26	0.09754381989981456
Mixture03	0.12053248539873541	0.011685019515727956	0.012441703752940741	0.008985836340764743	0.03226661756593614	0.08839871867650505	0.013116827499102673	0.010634688237153392	0.007069567525748566	0.008263668905476144	0.009933827994962618	0.01236234391257087	0.0051110013235569525	0.8555852487605795	0.012545032541961515	0.017571022681789884	0.0501838851715384	0.3871799775432895	0.0009760962352871991	0.48469167796804574	0.0008145493962178997	0.0028922327478615706	0.0016281525822326682	0.01318662778136791	0.011516773643227776	0.017031568275466386	0.012483665347060111	0.012613751046192131	0.006066379446953256	0.010058526507947554	0.09511570339597258	0.028169203625690576	0.4085094072820596	0.5875864522193882	0.03323868904892538	0.004678361599471376	0.004974364854088063	0.0028377903093362855	0.005486946464637472	0.02039869675062778	0.006750484318427679	0.002975679557497722	0.0018404322804968698	0.003816457141788257	0.004631813076362723	0.004986285142983651	0.0006570485307523534	0.5150818996472644	0.005714035427521707	0.0035045356806285006	0.01688105768673026	0.03239341298930052	0.00010300519784949927	0.10100639442912362	9.708754524810295e-05	0.0006130183273730469	0.0002064386987135309	0.003962632584606227	0.0031742674289943424	0.006663133826800287	0.004595938825815488	0.004817182425585452	0.001207994836205196	0.005076865943521695	0.0083428945499302	0.011264147296782512	0.11067720100585848	0.06185686010611388	0.0026569901727504295	0.00032519004191972403	2.093182036935927e-25	1.8758253021989993e-18	0.0011705611186891634	0.0012337748001635782	0.0008607909889233451	5.296888327700007e-29	2.3070084529141321e-26	0.0002024524502377758	1.3206983675752907e-21	4.456973486244757e-15	3.368731417016041e-28	0.0008115821282080717	0.0008825617870934233	1.2420326875762108e-23	2.658816425257821e-21	2.427954216306904e-27	2.2072104608703244e-29	2.2243911909622427e-08	3.3590683720477486e-30	1.4284359890353217e-27	1.4343626445253333e-33	1.5260726546532309e-24	2.1298906942021625e-28	0.0004962716876937095	5.496635412948958e-24	6.414582911290775e-15	6.072832621719277e-29	1.7667274838777994e-12	4.7987717816659165e-27	3.5228984688235055e-15	0.0008143371086107684	1.5640958388893814e-28
Mixture04	0.007129103585440956	0.02483061552009356	0.0755953930221472	0.057761440395539244	0.04444680532175747	0.14910410944050437	0.01326434445690576	0.010657710909738537	0.01092651379767113	0.011786936072919606	0.032954720660627615	0.01582904855685658	0.13870288365505823	0.26893002891882223	0.021769440122950172	0.014552734163258082	0.2034141506111572	0.011080538971973903	0.017488020442202695	0.0365811296165163	0.013402585043544607	0.0045318732548877685	0.0025752990527686537	0.009987801353058774	0.013568561154703486	0.175773224522906	0.03217512609216942	0.024330393297914907	0.007513094547121624	0.010858097224874456	0.11192411184347964	0.17953994258086525	0.25561978174114197	0.25805044410765576	0.002922798535122235	0.012518581236657887	0.01320548754083145	0.011187924628534766	0.03222422545200404	0.04698073922336301	0.007104730765151755	0.0026169722505514042	0.0014430472729599281	0.005165157953973201	0.011878721543859215	0.008478291400377168	0.11367611303139018	0.23203911588194479	0.01215302073111074	0.008232956430005661	0.05998532433124459	0.0035361913635399995	0.004960397201444372	0.010421346180250212	0.004178902653979477	0.0014879756750647525	0.0008491236053456633	0.0036526649863261253	0.005134283098092458	0.1625824785496576	0.004811359420428115	0.012236065396009806	0.0035506401795721847	0.0057799987645865535	0.009832200464182716	0.025817606483871894	0.03687809008556096	0.09025324223100105	8.405935161197113e-24	0.0035645682793383994	0.003289161846280802	0.0023119155317863236	0.024847247790364953	0.006574907351907152	0.0028278464842209335	6.066543897803267e-24	3.4064053904931847e-25	0.0015203108225015686	0.0028506351206902926	0.0006429467831203671	0.08135991923989659	0.06268151453899212	0.0029375658042038242	0.000110689775046009	0.0028442775394776536	4.534181682029787e-27	2.213129233699462e-30	4.7795045586376805e-21	4.2038267403119237e-22	6.2020287537678566e-24	3.935950299728292e-33	8.256142874134807e-25	7.02261584439384e-05	0.14911279674974606	5.516306657099546e-16	0.0033581064610058806	1.7387122455929876e-19	0.0012053297475919042	1.6959598097695607e-18	0.002836985595452883	0.002650202328300079	9.568912505262478e-23
Mixture05	0.0033691118418787682	0.014555459810406382	0.08525320204822537	0.007610701610581283	0.0065928438785771044	0.009976344718181726	0.009327111955152323	0.009460683092893267	0.005754084884730837	0.009288678522032507	0.010625483926534923	0.011913380300672637	0.007084896107289204	0.4555388326429898	0.0215271896488135	0.015419031967793855	0.18667713270407996	0.2902232809843061	0.0162877693216	0.2207100119066709	0.03734132256107893	0.0022328957228758143	0.0016272497057223524	0.00782256535170777	0.018184399628089112	0.005780659553573382	0.006232036919675727	0.011759738777861893	0.006649375093896108	0.008399735053015334	0.1000813523321601	0.037540683714449075	0.32396019404458043	0.47912006728582335	0.001323896119775159	0.0070078155575348825	0.01005256957352767	0.0035088542687515918	0.0025893935992359414	0.004335121626343588	0.005609762419393781	0.002358712382204803	0.0012626356507678715	0.004490445459833774	0.004661965934979048	0.0046480274746917	0.0015342795886634838	0.24819874509986103	0.009326403144890711	0.012409592624830747	0.0241414483576836	0.2213905490091631	0.00482362277633038	0.16271000283903436	0.002279552352061882	0.0008386391198088125	0.0003928309804659696	0.0033740307240467116	0.00762840755779285	0.0026097379076056833	0.0012917395021685215	0.005931729938210203	0.0023978150753058646	0.0056444245375870585	0.008697872625263902	0.016391616389120404	0.0610465735357476	0.14250179264808138	8.667356473521906e-29	0.003447973144859514	3.7119852036341446e-17	2.225779757185376e-07	0.0004337799732887679	2.6097962965513944e-19	0.001184975551478734	1.5995151502129291e-27	8.970288251561239e-29	1.8663682613261556e-11	3.0038671160136146e-11	8.499325666729112e-24	1.6962165962475437e-30	0.00046106358041121437	0.001921631929861421	0.00039082266190271925	0.002589506991596343	1.3375434027213305e-21	3.0053845384976556e-30	1.5111213893749853e-19	1.7697744618061898e-31	2.33960599103189e-26	2.753871738413049e-32	8.518400327352202e-25	0.0012956874706118652	5.020264271725102e-23	4.380272610099303e-31	8.537799524927754e-09	6.953004772275451e-26	0.001805698670918046	4.660882627084922e-21	0.0019475860855248427	0.00042245212872062766	1.2099081597964403e-24
Mixture06	0.005949230983705374	0.05016089416071735	0.014894710426773755	0.034837192081928245	0.052307977586750036	0.08382779270361235	0.011474035926295206	0.07035772027347446	0.1440355955541774	0.016267667956855754	0.036489239871618735	0.01708045534716698	0.16260730156212708	0.40035779577755504	0.020559544840479692	0.006676520951501451	0.1467701120398867	0.007082594344018039	0.009047125560442765	0.030103718371470967	0.014643752716082354	0.00840936252029358	0.0065451422379889735	0.018144902178572637	0.011196544776572804	0.07794785670401055	0.01540268895843008	0.07553729330966569	0.007019782582869286	0.008859684709068226	0.006806102763514684	0.20894820213378285	0.2680305392931232	0.0801129407055595	0.0025631271145212823	0.016489952049942667	0.005890690563718505	0.010279218107398038	0.037244775863968425	0.026774659138365173	0.006271559012239045	0.009452315880637914	0.11890912479099437	0.009177210935547395	0.01156404323514721	0.0059153452416888805	0.13142589819094846	0.33099119599714394	0.007447058483894332	0.0024235158554677325	0.03436510006306967	0.0014545914664870934	0.0021676507163489868	0.007330635675530315	0.0026038557581438914	0.002591259094981419	0.001427117305134859	0.00860726759062486	0.005158745728988211	0.06463253675494919	0.004115462346615188	0.01294613629421201	0.0031463372605524194	0.004257050745638958	0.003252264665792642	0.028127565293869793	0.03884531555220788	0.004906641361260829	1.392805541981906e-22	0.004085781550224197	8.245657416304482e-22	0.0010589812256631057	0.03010507145892101	0.007721972937887289	0.0019053350204151249	1.3144449397242265e-29	0.0526932013044526	0.002122666582571782	9.363771517085747e-14	1.188592025050695e-15	0.03335830893240498	0.09005869283637033	3.2090427538159503e-07	1.1276934690100252e-21	0.001166244698527206	2.7044523812534973e-27	9.007874318126723e-27	4.7779004665893e-19	2.3953872717768476e-25	1.3182253505712146e-21	1.447699510070612e-26	2.1656201364175473e-21	3.636780030240204e-17	0.05754466691964941	1.8571163194541344e-25	0.00039330442644523516	1.1577776851107236e-18	5.444761061434869e-19	1.8445473338285763e-25	0.0021018624989879715	1.2193162502923929e-11	3.434459008780699e-28
Mixture07	0.004231246795903848	0.025439606644802087	0.01530598411164859	0.02654372495250752	0.08596464431690934	0.15549325455259813	0.01183845863128537	0.009462488248464507	0.002836996302900164	0.007537254061969097	0.017112173720144067	0.010912396317176835	0.007004849767183365	0.3862965766980475	0.020027768110007872	0.007142024081045461	0.14522407915646365	0.289420564845988	0.012027271352422118	0.20743821445884542	0.006698282733108045	0.002895425018233275	0.004207134870331805	0.007728091962491876	0.010024531871883817	0.0979056917018863	0.011389841898230023	0.01593107052823123	0.0052638117340570705	0.009678743294063858	0.03260407940689339	0.02544004413903133	0.34931889340296646	0.1440525215632797	0.00154764416195079	0.010912452047595327	0.004301653990261638	0.007104655432037282	0.06887009085684906	0.03353370275284905	0.0055708712276010975	0.0023366081396858133	0.000350972395565158	0.0038574047378056114	0.008094638127773852	0.003973054509577102	0.0014782977408434466	0.2335330500834458	0.008108133270776743	0.0022742588247127936	0.018263895148813433	0.1724765774160162	0.00123454869705513	0.12059385234648953	0.0012051816853570112	0.0006291705174474697	0.0009009719896147404	0.0016414635905684463	0.003767489444065606	0.08751430269295357	0.00383775777895005	0.007957774812829914	0.0017598122052415765	0.0044603362702118204	0.003033796805409597	0.010296258588632883	0.08400446996207858	0.011704760892084816	1.6101778428946493e-24	0.003692629706802613	1.2770570787553195e-25	0.0011064941966198783	0.05601412168731222	0.003068737559543876	0.0010039401531893783	1.2394793965428499e-25	3.8202746440160804e-30	0.0002262253592154048	0.0007868404797833704	2.736694402068331e-21	6.522392133656389e-27	2.2321199811398214e-21	0.0006797030537231244	1.2825312618011702e-25	1.6319799730117428e-21	1.74738760082181e-27	1.3465486610246398e-28	6.56343393616463e-21	1.7898504562382332e-29	6.518907107252726e-27	6.587120778789616e-32	5.4755042686155004e-24	8.361936317355941e-23	0.08038790435642079	2.1114086841585367e-22	0.001712693594717905	2.0230752910553218e-26	3.209502559834488e-24	1.0013055897756643e-27	0.0007964571728418531	0.0007589453307960506	2.2054591072498205e-28
Mixture08	0.0038627608102516564	0.014707580023641087	0.012084475676557571	0.011841142264279183	0.009549730498906521	0.01793428206289521	0.013827296974217211	0.012246808996751384	0.011364863530128423	0.008671720837553378	0.012670925580986944	0.011908354866638665	0.17554616557548092	0.6899768565175897	0.0147122241139977	0.0151520101977334	0.1199447073782346	0.19867026936982163	0.008808582650102736	0.31894340700319185	0.003836414645265018	0.002595098258443299	0.0018332412682905588	0.014672420485897975	0.01481028376256127	0.00798186670383156	0.0031671396756135315	0.012691738024869439	0.005948091480553867	0.006733510635165874	0.005657807476701792	0.3277483799660436	0.4162346986826112	0.1458337610377579	0.0008321552835673215	0.007385820930005929	0.0028214002927810927	0.003818919294180008	0.003681566795385198	0.006310158979315485	0.0055942157228936525	0.0034265454536769324	0.0038803318923642414	0.003014967889126044	0.004117480454974744	0.004385265285118657	0.1538399312532378	0.4125773686673461	0.00714522655120435	0.002652555447172175	0.026656130618942148	0.11122097044253831	0.0015799625771346138	0.13785409117592531	0.0003797225955686965	0.00043904403109736425	0.00019189535492006494	0.0015951885548530019	0.004347964163778131	0.0021141304111745693	0.00039767386937609187	0.003547222173568969	0.0008056372545452876	0.002543003076588813	0.0009403024854377439	0.03254522943607196	0.0329389759892246	0.010737378801519381	7.899693071688732e-29	0.0017973652902024515	4.778922816958989e-24	4.1479326301027694e-19	0.0002798860831859709	1.4154842029458435e-19	4.7682574440455177e-17	1.3817128968611563e-23	2.327191986999517e-27	9.132356336677242e-23	1.489943791066575e-21	3.689710987662324e-22	0.12968093201328923	0.011430529357803226	0.0007210800139252858	3.0025035594380705e-27	1.4344762807962208e-20	6.409066615708564e-23	8.603339901162554e-28	1.4543163039972878e-07	1.8159383102319448e-29	1.1553071447382237e-30	1.883364061673196e-29	8.605062790427854e-28	1.0362569041225202e-21	1.4365265213532683e-23	3.84163995449188e-31	6.1609607452793404e-24	3.8243870438195403e-26	1.699060820109307e-24	1.9050509715113705e-28	0.0008366604822509574	2.3248688128101072e-26	3.0337177903309327e-28
Mixture09	0.0042905281479250395	0.011762522330579547	0.43992869548276003	0.004681846936601338	0.0054079556734986526	0.0113370774841271	0.012701477297587674	0.011107109606357376	0.004498588634841881	0.010310743754971827	0.006702287551337843	0.007949758050485346	0.009422142401589588	0.003553326252023262	0.009758548563987612	0.007980132629896355	0.008569280638619092	0.009737653576579854	0.009201258381201149	0.050410446258646824	0.350184136507449	0.0045714487002623625	0.003666999652560497	0.011589084703083829	0.011631797632191857	0.007689179217607146	0.006942269081765772	0.011516295163797883	0.005707361316275588	0.008618448053608764	0.4512174583265541	0.011924013724597898	0.0075935423515828306	0.9099837469347539	0.002195424367484002	0.005510198568442106	0.04185858917008423	0.0018866215196362073	0.00211427488821781	0.005364525223002755	0.0075209330287358475	0.0033740787047365794	0.0005673248905861696	0.004195324915142408	0.0027233780854988144	0.003314043442994169	0.0045211457840995525	0.0006349398872155279	0.0050623271914649205	0.0036270118165799645	0.004095211031388079	0.006760657231378859	0.0047643069092381425	0.009750052101577675	0.018455407904535058	0.001667023811209482	0.004244108024840983	0.005759276007105246	0.005887141582343737	0.0027696571574675594	0.0017845801340374697	0.0042968540281379105	0.0020649356098222864	0.005237694036309823	0.07527207947758571	0.004859874294301575	0.0033730932883993415	0.7423736309981821	9.158175975006522e-18	0.000946645790156138	0.007292605519020467	9.303987724713812e-29	1.4526649271605969e-21	1.4134170349427601e-11	0.00368343821369481	1.2896045085179394e-25	2.563415191579711e-35	0.0005177037078063878	1.0673908173126808e-23	2.0878933831450757e-18	8.223760300020684e-09	6.65593719206654e-35	0.0018269515834962514	0.00023941930910919732	0.00027308521313605574	6.950211944373521e-27	6.628027241926382e-05	2.074402624594011e-20	9.12267075400488e-25	1.7128071523290615e-19	4.69815154215096e-21	9.051580843152345e-22	0.0009242939024115573	6.240635385384095e-23	8.2398786656570965e-25	4.807574803770754e-19	3.3550565447768297e-18	0.0020661309526014506	0.000648190972670962	0.0006830303835214488	7.240014653356265e-09	0.34971802604606345
Mixture10	0.0038381669665460104	0.019059777091595908	0.015194158105811333	0.011248264082285308	0.006557744599204648	0.01214259004840384	0.00980142659751403	0.011133558562356646	0.04574761447999416	0.006937425763333773	0.011124807690887119	0.00992811718029395	0.2735960235226085	0.6686188908658482	0.01716419550522498	0.009701000064489686	0.14715406916375093	0.007209174494092254	0.010976804504009322	0.02926771012143317	0.005617902201064189	0.00309130329824801	0.005380971563653679	0.01489512395986088	0.01801320478052192	0.005078324625507748	0.0034661880182377588	0.01233822806715041	0.006234628031986787	0.012226018336049	0.00873019283139906	0.1183073695628568	0.3578618923266391	0.042046534010228696	0.001351457555316645	0.007580463736207762	0.006426141952163054	0.00411751902224608	0.0029326776041997903	0.005626202303584061	0.005213866586460245	0.0037262874389826068	0.004864583247344275	0.002882900540442015	0.004776365175513566	0.0049407249956385756	0.24284476144110273	0.5600766372477871	0.007567137886475761	0.002658161607273109	0.03216880819793684	0.001134562235394871	0.003528066855527972	0.006636104428667767	0.0016506335353691547	0.00037440361703289455	0.0010917822786431141	0.002280514628244811	0.0046817877120943355	0.001945244249965449	0.0010698103602113584	0.005915630283013673	0.0015524540719408014	0.005807374078068089	0.0013035504606889868	0.01885198334762757	0.03507011755513014	0.004418606159505082	1.820628949602813e-25	0.0017373802320506749	7.525880343889485e-21	1.067109390980548e-20	0.0005517441408845212	1.2170160910394168e-14	0.000568463386025936	1.6962724966176854e-18	1.2819486310179661e-24	4.10201051870123e-21	3.578052739708648e-19	1.6054661417235986e-19	0.22397159224470733	0.019344824236385554	8.327109684880886e-05	1.1185277894828816e-24	7.091916568073815e-10	1.9800889121264852e-27	4.6114096513123924e-23	1.961564790837482e-20	8.811079072075578e-24	1.4167743520659803e-29	1.4370582382712916e-31	2.429255906021092e-24	9.004887814633475e-22	1.7271774193316713e-24	3.5938481159130656e-30	5.111026149574566e-07	4.563760014758388e-30	2.3110777511684555e-17	7.852375608684094e-26	0.0014262295939298554	2.2041001297069724e-21	5.678284854349469e-26
Mixture11	0.004884846555044173	0.01985895896259564	0.01088382566484099	0.009187211934455288	0.009575756332536694	0.015876624242115295	0.013089292293512812	0.012104528506865091	0.017328910926514545	0.009768714084335271	0.012461636304432575	0.017759204319865673	0.006840865035232452	0.8642966668982618	0.030227626343001295	0.008115990642838479	0.022979820336500794	0.008742286744166017	0.014468740596417947	0.01616209430193124	0.007813245243396834	0.002588021914192257	0.016416387240322742	0.01636698965037348	0.015152217975148537	0.009001147164289595	0.010325072514413981	0.01811351594953587	0.0073510716559319475	0.011425989311320826	0.004151592631384457	0.02073018137477917	0.5006130646511916	0.005324816091661257	0.0023469233278540676	0.008724002615997088	0.004873328491131464	0.003942059971182446	0.00422985364186599	0.008471418362181139	0.007536220398063878	0.002705591538910592	0.003735898057314833	0.004270177548828953	0.007094522974092115	0.006683770071348192	0.0021120014495980776	0.8010884289336491	0.012780108021187606	0.002986828081688658	0.007915928711686244	0.0023932684558048392	0.0020102813175462268	0.004770472399290988	0.0010694599374188778	0.00045890310871374263	0.0019513421431097532	0.0035107598916050264	0.004864342061140174	0.0051967139902851685	0.002788756192796877	0.009075424847643988	0.000929586441002251	0.0054526225480030655	0.0007356939757186224	0.010592101980321898	0.048081507406427144	0.0003918474647249001	2.923538106298078e-17	0.0021627491654147113	1.921966784061812e-19	0.0008194944517583292	0.0014512361481775237	0.0022192464747643062	0.003442004820071311	1.620524694378686e-24	1.0339842552204412e-27	3.125729048941498e-16	0.0017902039660084245	0.0007416975061039683	3.421165774395e-24	0.34251671644264253	0.0035228026167856484	8.930893963343345e-18	1.1515945613304886e-17	6.399851886618691e-23	3.7606362567968925e-24	1.8154721528475185e-21	1.0339392225125055e-24	1.2777575857352488e-30	3.019474213786839e-24	3.815335924980755e-23	1.506853940596544e-16	0.002267125743868786	8.646477995927521e-12	0.0034247227901354842	3.125049066262664e-27	3.5484770461808707e-10	4.1719525911786824e-23	0.0032852065094896407	0.0014690198236378942	1.916764389040599e-25
Mixture12	0.0055987733111913665	0.01421321893605227	0.015270097484652053	0.011437655787310503	0.01053457674547993	0.014043986867919574	0.008527550904975556	0.017223172027476644	0.010386116833498382	0.008799005242666962	0.008964672091132506	0.010218790797810151	0.007903042691837472	0.19637317296150367	0.014298187480037092	0.009684538425898611	0.1576668871055521	0.14350795341875186	0.011215436212263006	0.9595553266793689	0.004766396870416117	0.004400953892014613	0.003841814779783476	0.06585016706727267	0.008851229633476633	0.007787285620636118	0.004369394603354038	0.013892700854218256	0.020035964641581926	0.009393180323590707	0.00632755931690784	0.024769449939641076	0.03997710797806173	0.1356862851872791	0.002055233076827024	0.005859982723999752	0.004660875012504325	0.004554280678034191	0.0037826167368171615	0.006853261701990089	0.004668838608031282	0.005253531499187332	0.003140729826440204	0.00302504416776625	0.004012147914811033	0.004456285498987549	0.002438540451151195	0.018419237696310934	0.0059777679929235725	0.002606526824764764	0.028875675099964318	0.013549907560432646	0.0016953748791699692	0.8028160499920882	0.00047528608483071965	0.000925486988851789	0.0004905255925321179	0.008179432203206246	0.002614863803437783	0.003222662828613014	0.0012265822143565429	0.004146875894921817	0.003675274879717888	0.004073223807451007	0.001434593447559287	0.011594660646188106	0.00786833150580956	0.01758767542350519	5.327925497718782e-22	0.0010885684992869222	4.97991474368884e-21	7.036085038898164e-05	0.0011561715962614542	1.605115496913889e-05	0.001095762737701943	5.686468464098643e-21	2.400153400624424e-25	2.6668263971185476e-20	1.7761712255636754e-21	1.6763575497284563e-17	2.6183382038941933e-24	1.9516489420728624e-29	4.871365882171968e-06	1.1743145910370637e-21	1.3462696660466345e-21	9.987030348044789e-24	1.4304413849819148e-26	0.4519373098505307	5.570609002560885e-26	2.012069574129233e-27	1.8723850967583892e-26	5.163039490972671e-21	3.42876224412622e-21	2.6185301706805036e-14	3.5416871638534787e-22	6.765514909196195e-09	5.9605488438817354e-24	6.0640397543660675e-19	3.9141314022414744e-26	0.0015189251567079252	1.4962030835152406e-20	3.0547477315473802e-27
Mixture13	0.003543764693748211	0.014010080842109866	0.008948940694356524	0.004608655666263553	0.005929120966174949	0.014257312946734069	0.009629481428781412	0.007692831486300847	0.006307340663067928	0.011244221716496696	0.008966117405847652	0.006841641650899307	0.004362206596109993	0.8601906162146863	0.018635871837213613	0.006869652913865044	0.022962960854630527	0.868721980197833	0.0027538804495535057	0.03323507486241757	0.06178996567042118	0.0023841781605100157	6.444059502199941e-10	0.06234422842125752	0.007514137441104781	0.005113609028350121	0.003194495018416371	0.007171960298240432	0.0030774334835970752	0.005781978775835031	0.0031418053409496263	0.022349224666717744	0.8204153362399206	4.163716896086779e-14	0.0010750310139853046	0.004435747828255807	0.0017598413964202855	0.0018990705397943471	0.00237630974566662	0.006735335977653126	0.004041027567743885	0.0015109970141078779	0.0008760758291165943	0.004888349793498342	0.0028592864821581953	0.0018098160520540292	0.0006151923118479555	0.2638918353269519	0.012918025044815398	0.0012503946914184311	0.004413574562203502	0.5595770944943793	0.000249094397876541	0.008607657655567846	0.006720245269187273	0.00037442186242345047	2.3858375658895464e-07	0.012491583712255751	0.0012391527476684307	0.001490272030446324	0.00032100146789699227	0.001837540549224942	0.0003811173403884119	0.0017433501883904648	0.00017241114005402933	0.008156251112306891	0.07690634652481407	4.445227696108847e-15	5.927047686620393e-26	1.9505892190021445e-17	1.374826840051481e-26	3.2312178498969037e-21	3.472219559573352e-18	1.3992125614034873e-15	3.355220648695479e-22	3.397624863581566e-26	2.6570080008091823e-26	0.0003706858054107098	2.5872847851234568e-20	2.491119340191485e-23	8.180685258685786e-30	2.2451871967988164e-18	4.457908373829902e-19	1.610882134387503e-30	2.4385670825867503e-25	1.3002935091903052e-17	5.993571951786726e-29	2.9881476403059313e-22	6.17856564929948e-25	1.4456773761890212e-28	5.7182049857169716e-30	3.1144723471356847e-24	1.3534978875487972e-26	1.8192828014363865e-26	2.1423695103691974e-27	5.335335769692044e-25	2.8498368338867856e-27	1.887312860260462e-23	9.464050542098203e-28	5.6061564575448477e-14	0.004078700497393514	7.1384792324342e-28
Mixture14	0.0039260618748457096	0.009445991170409944	0.019515784148179206	0.004472174151902073	0.005082888965074547	0.01200978707810802	0.01177945359192992	0.006891777297433551	0.00482479349434277	0.010894071234244814	0.006462749782443362	0.008407229354481805	0.011250778364020105	0.005230460822247977	0.009869340104071114	0.01443152709320568	0.009369082793289598	0.009468270628415236	0.010711839922923122	0.03662980030445628	0.4382275664749585	0.0036949778148533184	0.004530919679465051	0.017613157195844185	0.012318910896837967	0.00847181058578442	0.004815604997052192	0.0044603301186734706	0.006298701869674663	0.010877304973225024	0.44400042740115575	0.01331865091625628	0.005812814014506542	0.9145379702073954	0.0011093277163261525	0.0037880364844324545	0.02183168716550012	0.0016619424056094376	0.0025927377941632385	0.004954854081451054	0.00635803583182497	0.001813551684720883	0.005239937838687882	0.004430565395718444	0.0021350001378456617	0.0028190933770508965	0.004411330862072031	0.0006688773253067621	0.0053125434359802826	0.013162765843210885	0.00402930658663821	0.0029971743056865004	0.013419018558604676	0.007399830385979882	0.038262844127838765	0.0015319969120734186	0.002271173077944821	0.012108414124971554	0.009941544719187463	0.002998249568232969	0.0018009387264898535	0.0013476966781494674	0.0029907823691298252	0.006306738489135834	0.04948696835428832	0.00565353680895332	0.0013484768467598674	0.7512222841858709	2.5062749316839203e-31	0.00027356085574359106	0.005445367750276462	3.7632605105184604e-25	0.0006644698597723828	5.584218197900458e-13	0.0023658180610695123	1.0623555672175848e-28	3.475991717374643e-28	0.0007411119252622154	7.266900410189314e-23	6.558839878682865e-26	1.083189172166454e-11	3.414893164914648e-35	0.002176316810375055	0.0002755544670655285	2.1717316679200647e-17	1.9374719994896674e-26	0.00068903201422948	6.264722735947009e-22	1.6728555477127944e-23	4.465535728299479e-29	2.4697541317791256e-10	3.8545069549637885e-28	0.0012122172617031384	8.072560428182224e-20	9.088302272712821e-27	5.114754277887446e-27	1.328972883931728e-14	0.0019029382595310098	4.906767026759677e-28	0.0019239132267994971	2.4135029545995813e-30	0.42641418302149914
Mixture15	0.0047463003237131545	0.013383764245151834	0.015986171221226943	0.006220283726359311	0.47223968509177916	0.01119820276824179	0.010137204457765907	0.008555958931891273	0.009026381371047994	0.010348643754715803	0.008457379470944179	0.008730887349623814	0.00982467489117939	0.0015362841599979855	0.019770451328737317	0.008882427318328855	0.0214548722138557	0.011528960768558224	0.010644766170291541	0.019839454185825053	0.0060554221756638224	0.0027415129677840367	0.006987239572155432	0.007096206024390677	0.017864672712203756	0.011716642277282027	0.006063235292240768	0.00925713374871979	0.004286631332897346	0.00773938368071136	0.003028799492238412	0.018214481558351567	0.0067444488427148945	0.0697403286598891	0.0018118458161461785	0.004527645153064741	0.009691244209103998	0.003016069532938117	0.4349786281615073	0.004147262755066624	0.005283180434408513	0.0020447580966809794	0.0019125910232785487	0.004469582972519528	0.0040304259375070865	0.002312991760691617	0.003350965073429713	0.00012079071942429068	0.008210921358361793	0.0028639621079076926	0.008284962005202364	0.00364009776116392	0.004579348405619825	0.006495794129563243	0.0013481733574776803	0.0008017826749079928	0.0012199722014762352	0.0024796449568689678	0.005625051177201891	0.0043611681958628115	0.0015251578841914376	0.0032894535979085997	0.0017186054516664289	0.003838572546971734	0.0007538244280295473	0.008569341889940518	0.0029279227961006597	0.010789633266302143	1.556586303625236e-17	0.0009447873916776409	4.9743277356181e-21	0.00016113648536576002	0.40035221782680797	1.4045440132181995e-17	0.0014741183389779132	8.46639973120648e-29	7.912216414126713e-24	0.0006236273606110695	0.000216583939054675	1.829989187179139e-25	1.3982646401589634e-17	4.190024247268075e-27	0.002315388981436895	4.036670233004822e-13	1.9934197741404198e-16	4.508030329006664e-29	3.1114851708733334e-14	4.236543784102394e-19	3.590414653729236e-26	1.411173922487808e-26	7.823030877912541e-29	2.44930956901604e-21	4.818326336455977e-19	4.286618356587876e-21	1.0086804990621223e-26	1.7379640531761267e-16	1.1009856296995538e-21	9.871373213926407e-05	4.160562412697617e-26	0.0011382924490108632	1.9031942356698856e-14	2.9570214167506192e-27
Mixture16	0.005435391253424317	0.009346286676039964	0.012797364593913063	0.005431513265952979	0.00494428267961942	0.01058386355601503	0.00938448098857507	0.005305726013670797	0.006364142597345779	0.008329895748574552	0.005982731285483876	0.005830385624653699	0.007236844882614758	0.000678132013299727	0.009487485899780032	0.009113790456995296	0.009410892770874089	0.009232135033986715	0.006722321760463965	0.017585829957985036	0.0048486626607827064	0.0029337427363184637	0.0033043325492232104	0.008233025699936508	0.010360692504430823	0.9408466350709233	0.005306772627775109	0.0042360315193339295	0.002473317058186636	0.007232233561667092	0.00028698136834009124	0.012455205972933252	0.007246794133603793	1.873106470952597e-11	0.0016207267486477094	0.004040448794628532	0.006210710216310995	0.0013763116083294318	0.001592680435481378	0.0054275088167882535	0.004555771377245083	0.0011043647475603854	0.0011346223871810776	0.0033757022018759213	0.0018631223638500708	0.0015934552118526647	0.001996849613445525	4.8917434346376865e-05	0.0052862530609832405	0.0025686794464403447	0.0034066382393136848	0.0020260282891057546	0.001352767672702335	0.0041270598773759165	0.0011648943991343533	0.0004531956033893813	0.0009171855408577107	0.002228687586294342	0.004510285559895749	0.9193172996433873	0.0013480640673170779	0.0006516511896299969	0.0004792783781541676	0.0037112715301989476	2.3394535234218745e-05	0.005690686496170555	0.0030284008746393363	0.0001744056167507783	3.956379706264866e-18	0.00043482121801766333	5.648862176994014e-20	3.161435508223573e-23	4.007642873808129e-13	9.9875628832708e-09	0.0003637815599959711	1.2936373753285734e-23	1.557074132860481e-23	9.786477924962833e-11	5.262292284180884e-21	1.7764715828660463e-19	4.100281895890596e-22	2.6977511367929197e-31	0.00142411874890314	8.664745656274783e-19	1.5253980406658181e-19	1.6981881161170653e-25	1.9838817855830035e-21	3.1076085739878676e-22	8.596994018583996e-22	1.0107276284770024e-33	1.5495780097935135e-22	6.759636152582994e-24	6.900310890636244e-21	0.8912951502817481	2.3373361025670184e-22	6.119832584091396e-25	6.410963087178216e-24	5.300419672705466e-10	1.1349474118624036e-23	0.0008075681251442886	6.408710320901571e-12	2.0989327711182963e-24
Mixture17	0.004875763849963854	0.016798534633518783	0.35885704761247383	0.009438737273284922	0.003761023371814289	0.8535007340092725	0.013399633510606005	0.009254272846982525	0.007717969859298187	0.010706021024073592	0.0167055697591119	0.011683133791128264	0.009863475186010199	0.00587375316856293	0.011707728354090518	0.017030911469195546	0.012797762180697413	0.008530130841081975	0.013573088592485934	0.04389192770827782	0.4146554343977211	0.004069634804278082	0.005309766961454685	0.012712715092725396	0.008603064091263104	0.012032901895537445	0.009198841536611213	0.012697483862770363	0.0036043984351135654	0.010598503768489878	0.4197189849595359	0.025806563324609306	0.004968254111524443	0.8808983114384074	0.001645574052830678	0.00770223926193915	0.02372817603414176	0.003978746804187307	0.002166872033534963	0.13785323396159627	0.00880638849999033	0.0021845217038003704	0.0017007551944455232	0.004234512125749709	0.005304308950699284	0.00558318869844765	0.003968288479129392	0.0014402987892959457	0.006524996569529924	0.00926912183962109	0.007987320784981817	0.011829928898756363	0.007278282163670268	0.01366525769973295	0.03408121771333226	0.0014520179595538076	0.0047293784154745335	0.0039004561726129266	0.006917925657103138	0.0064057281725091	0.013475617065246423	0.005426474973992379	0.0013521140876342642	0.010419212387455168	0.04440541275078666	0.009291782701189476	0.0018704294561225495	0.5872533479073716	3.417292508685697e-25	0.002279839152279349	0.005577912335706408	0.0007583380899567149	1.4180608258791141e-09	0.0012952496838930091	0.004641698927038068	1.4557499623086607e-26	4.850937322023353e-31	0.0001768557055567739	3.0545734881754836e-21	0.001560137394550533	3.4182868542647103e-22	5.1378229170060435e-30	0.001099981883489041	0.000533255828186349	0.0021115931185547152	8.593036312308343e-32	0.0009343579433413577	9.270619670079022e-20	6.434932867899129e-20	5.254968483659263e-29	1.5539156202622087e-09	7.02116959062681e-23	7.735696582246158e-05	0.001887030571687534	0.0005506030650101087	4.259974947974285e-29	2.4919133888488795e-24	0.001569614452181931	7.807125177311433e-05	0.002284117389625762	3.128403038658037e-20	2.219462630908792e-14
Mixture18	0.0034264196586378305	0.010792065569195724	0.011480567872397276	0.004641862099277379	0.004528462691826933	0.0103037240722719	0.008791695063689596	0.01991928245753066	0.9362098600995266	0.027939087324633398	0.004784625734311832	0.009567764645071334	0.010666638585520333	0.0019382170207873474	0.010485388464039434	0.010620647257545792	0.0073512714189012405	0.0069773831577808814	0.008589153873158261	0.011843662523335782	0.0051754290171386	0.007701984019694222	0.005895445558948934	0.0097564396899525	0.01109777247753398	0.0060225400649710475	0.0025620403182359166	0.0050295374707780265	0.0035817721444232906	0.009231248046404385	0.011904504370188184	0.013893683233953957	0.00691378758431867	0.0038529689104430803	0.000584058260639222	0.004961242789014663	0.004155635615856997	0.0010399707661944916	0.0014822733595845382	0.004424663025424599	0.004077118441638677	0.015700114459509158	0.8893964969522298	0.008647297819715922	0.0014642490157351967	0.0022429571711869776	0.0031279881593606024	0.00011997322930987248	0.00420752493354091	0.0037467534568104877	0.002245086884183693	0.0017072470145120659	0.0020407556603178247	0.004418773441312036	0.0006092316063897256	0.002896676474003131	0.0013661951525654125	0.006249860828050523	0.004472553853651631	0.0017033159540921841	0.00039355694016970797	0.001013296080230786	0.0007597699702317523	0.004183551984812548	0.0034397464893306446	0.005205773739636475	0.0019320682859672194	0.0045019488252059005	2.110693854668711e-33	0.0009528978032706441	1.6141439759300136e-19	2.7823608325822978e-21	8.392161671048661e-18	6.100621737864252e-14	0.0004817779552418655	4.882768586960722e-25	0.6134228156057755	0.0011782378000340604	1.4883503267725852e-24	3.3488671820423366e-23	1.880877368887134e-24	4.883071169709265e-34	2.4631612066467726e-09	8.568044356489808e-12	7.638787357554979e-20	1.7418297630598814e-24	1.6650792188075838e-21	1.0008486361323925e-20	1.2457948325795162e-25	2.3221930187893743e-21	9.155526149059715e-21	2.6964481909909695e-21	3.0217354847503752e-22	4.956834532184895e-25	1.1554474949995586e-24	1.9588800637002488e-26	7.219039060028824e-25	2.2419935168639858e-15	3.462934737178354e-21	1.4624640985389077e-14	9.177499227536374e-23	1.026520651159349e-24
Mixture19	0.002624951122198285	0.012046152237309557	0.011294115637617187	0.007829556054177879	0.009730009648740639	0.010641582872727555	0.00823031649536301	0.0053324489252397035	0.00804112351965804	0.006335869654486319	0.01465718877912454	0.009637489666201836	0.9458552148924205	0.009617960324375101	0.01435009105414998	0.007698458793623641	0.019712645724859226	0.0068644394988833825	0.007627066756384643	0.006864105973349333	0.004394841639255633	0.00114045913108903	0.0040963081232652954	0.010908084394177453	0.0141169684594036	0.007834292807839548	0.00575511019785952	0.011516879768015301	0.004760979747527633	0.0075319619494478	0.002435757857233094	0.02472393647817783	0.007176917604467967	1.6999385573844213e-05	0.000557243803554633	0.004906931062143366	0.004364234730602288	0.0029122478158419385	0.003984142681426485	0.004341540743780235	0.003676859011769412	0.0013567702621197003	0.0022423759278037687	0.003109106176579045	0.004330952098547418	0.0024098850638133783	0.8969048834950537	0.0016492410426322643	0.005889199602986826	0.002919547560030277	0.008876760338961558	0.001644960310233665	0.0015691281078825292	0.0020405090452548283	0.0012340426474563232	0.00013570916519247412	0.0006598178124208788	0.0023497605164839895	0.005251858891044225	0.0025616116986199467	0.0010569588136790777	0.004670517431529188	0.000990698853430158	0.0036715024724780438	0.00020990082234800423	0.010536894555365807	0.0024156011423831837	0.0005844636151248947	5.777053585330976e-24	3.031089991626122e-07	1.3162028439867962e-20	3.083658796782009e-17	0.0009323166434380019	1.4493555339328968e-17	9.66561655359212e-14	8.349323306263723e-26	4.9798121863688494e-23	0.0005846410706834863	5.1353332282912236e-17	3.4275292505917544e-23	0.8398131748536671	7.239906984751839e-26	6.652341455593498e-14	4.019890837397631e-19	9.033626509561523e-17	2.5747787079189067e-24	7.525107332848243e-23	3.543972142827926e-21	2.998407463588382e-22	4.862357378497744e-29	4.540498019614296e-29	7.32313147427408e-21	1.2054722955403628e-16	3.595574357455427e-15	4.485402336151683e-24	4.861000714282015e-15	9.312129251339483e-26	4.767491168631815e-21	1.7733582127340216e-23	2.0836276589059144e-09	3.5124541611737344e-25	4.31079075245496e-28
Mixture20	0.006252115841939488	0.01889753690945996	0.013679495567392673	0.012546756579278699	0.008926087841722058	0.019767704401514492	0.011126705704586954	0.010652283912493794	0.01471421433273187	0.010627207188103456	0.012237112104579017	0.013730233200172377	0.007185336257928289	0.8616222351314736	0.017066193455979928	0.007845525010838924	0.2425755436490295	0.006893613241416322	0.00925496140552589	0.012366358713510323	0.001935354406124414	0.0029150424859916736	0.001178022584930009	0.005855491963554098	0.012975674481902158	0.010007265794431881	0.006486477428585923	0.02069526351748213	0.007614381307967411	0.0096494965940808	0.008065834538035999	0.02146223431159095	0.8230424143445471	0.08731295115166163	0.0032233088062353825	0.008995626467833126	0.0046427498207644805	0.005372476142006327	0.00421992141117513	0.008742521799440088	0.00694271634979701	0.0019149686030601604	0.0026766318167680196	0.005728681363303135	0.0061237161279449805	0.006939841632013706	0.002303477550289362	0.735503112956065	0.00717556096706249	0.0026751215349307775	0.02855229792006704	0.0011233885829384782	0.0014532342361511872	0.004112568104024728	0.0001721050215329929	0.0007286211704630655	0.0001777408825940476	0.0015905120031905664	0.004957721210737359	0.0049205532828580706	0.002264362918436917	0.007409311865835219	0.002316737708944728	0.0053791691572981385	0.0014521467759901754	0.00839223039625295	0.10187051978353116	0.005726424219289024	0.0011328120312705924	0.0027025458776261833	1.2465350750760484e-20	0.00025356459509732007	0.0015085909747568882	0.0025033421355226976	0.002798138635315335	3.8123896852420993e-28	7.865898804844135e-28	0.0013458747007123021	0.0009385862342404431	0.0011398560352284856	4.45804594386643e-24	0.008526214109664866	0.0019326622941125597	1.8168059557464142e-15	1.182995151735117e-15	6.91761277325237e-29	1.0262584026102991e-24	2.7327129056481516e-21	1.9933132871911139e-25	3.0633060565762856e-25	4.2483659978734895e-28	5.221581634806737e-23	2.8437571118809982e-15	0.001801374809414583	2.7899665531737014e-21	0.0009471676826093391	2.6459565095469733e-21	8.943114988994536e-05	5.363911933611745e-23	0.0003783449025341317	0.006415247398447481	4.664286267358566e-26
Mixture21	0.0039845420862379965	0.01134454018876151	0.15751513618243382	0.005576080443802268	0.0046745841456758645	0.010778684509455388	0.009000103897579274	0.008991220068170547	0.005648420549588493	0.00750177206007622	0.007649619540479256	0.005220854622177062	0.009772641074807284	0.22170312178742735	0.015942531947710628	0.009412847092063728	0.011683340390000359	0.009165921428033167	0.018174076709527878	0.034045087594615595	0.4383939789283431	0.0025060295522517876	0.004367560399982536	0.011640363039681842	0.018954199704274005	0.008013176829799509	0.007477012150448478	0.010683878813403299	0.004578526846508934	0.012090620602942727	0.4370554031771574	0.011533752283136333	0.007498726375084053	0.9123343816194649	0.001055226062373171	0.004294456416653486	0.018349834915394866	0.002142507586575598	0.0019092132400889644	0.00596437706746886	0.005553139340936089	0.0025299760193510557	0.0010956049074940441	0.0034789002197239643	0.002000368125398406	0.001837131002729347	0.004338788445997715	0.01314693720993247	0.007312048646125524	0.011644186561789782	0.012080541209335306	0.009118911712040182	0.015008963539581826	0.016027500423252315	0.025989044521774453	0.0007878376992869386	0.0007375497771951762	0.002358180148874413	0.007541852955095515	0.003780113261781799	0.003366955305276545	0.003847720875212711	0.0019486040966249097	0.00639185681232413	0.0395614505110063	0.006550821467678918	0.0031099017714504617	0.7532302849040857	8.803417432714263e-29	5.5861354528844297e-05	0.003997662065925219	2.1124368194081467e-23	5.895059857354803e-20	0.0006713528551214983	0.0021558733710045465	9.475287055106765e-22	2.321205519462271e-30	0.0002195998918486208	3.0235317115108374e-27	3.552937278987165e-24	0.001004366892037344	4.2863401882011406e-32	0.0021625547291170572	0.000747133836352513	0.003947172475554213	5.166700930759177e-28	2.1752067455014357e-07	5.717736044533004e-16	2.2704373538090967e-21	6.721021366016951e-33	1.5161705516982948e-25	2.2954550879726393e-29	0.0009568210861876303	1.755126199757583e-18	4.586415612235758e-23	3.1310524456502297e-21	4.780569720046999e-21	0.001616240986648545	8.218626928968862e-17	0.002878037886689227	3.628199194409773e-17	0.35349461991132847
Mixture22	0.006347898608110962	0.02177451004933885	0.009801941642600617	0.009079904855619807	0.008088440179420099	0.01815437024739755	0.01180170716897671	0.010356475329831808	0.010120002209740324	0.010280674761195707	0.00999998787287753	0.014649386806348858	0.008507229163362785	0.8546356208439928	0.019133404008959753	0.006130687671954414	0.07074914585718414	0.012080276014899246	0.007863569068885782	0.024385300296081963	0.0018706582702841018	0.003905670909399549	0.00798931891762607	0.007970454457097232	0.010628481350007258	0.013689548561461783	0.01131439059333855	0.023045735046062416	0.005951773556143611	0.011364056218883957	0.004854173821322552	0.027912201770741833	0.48600711162702603	0.02331835456800912	0.0040192535126338655	0.009333807737106485	0.005552917571407229	0.005707252312411992	0.0042169671489912216	0.00964924919554847	0.006269160394957647	0.002794534249698455	0.002432641920119848	0.005060532269715764	0.0045879964029107365	0.007572558332510308	0.0020019784196010156	0.7798493126113587	0.008172746079992781	0.003292089500240452	0.010894397188802583	0.0036319680823668045	0.0025142709499547376	0.00645587229071795	0.000245722228292395	0.001061627663765011	0.0028313537724042725	0.0020906133174378554	0.00561879245160563	0.006627691024370916	0.0038668942960014773	0.007875378716598932	0.0021766563912892895	0.00662725154764094	0.0016939730395637137	0.00967543237922354	0.05143204651950052	0.009950093332267306	0.001785843026864697	0.0029972836516157933	1.1786360738667384e-20	0.0021611865625732296	0.0020458231310862426	0.0037638592542636397	0.0018906298733162854	4.7336580504787246e-23	2.3179486528389728e-27	0.0013671878291661975	7.31087854964181e-05	0.002529358466377201	3.914398208533846e-21	0.3531754995941121	0.00115271364430604	8.544835361503345e-12	8.865973479734011e-16	6.330983964557881e-24	2.6008387482152963e-24	3.721197603748344e-19	9.088979075001511e-26	7.172227256620614e-22	5.471613021081687e-24	3.352250374715457e-24	7.669008394333699e-21	0.0024990003766539033	0.0004147183543942208	0.0013404023613003543	4.714811177063823e-18	8.137217231334039e-05	1.3831300947885674e-22	0.002126934784516011	0.004047816901789029	2.3093962653906187e-26
Mixture23	0.0031145945008572836	0.013327715671205474	0.010059737486565603	0.005802227486149301	0.004781247268618175	0.008163680942617843	0.008301460007530067	0.019753152781669416	0.009581427203157668	0.009916725947749406	0.007656834614535663	0.009876475465099201	0.00876884655894826	0.8935527893781356	0.011082224529573777	0.02307104310314506	0.02254814080658636	0.0065644377233089425	0.006867420284715244	0.021949324745896885	0.0024240851585950844	0.004456619682199569	0.014875662264199667	0.017591973892019785	0.018056823601353137	0.009926694992942669	0.0034151907951217976	0.016176166901599672	0.004793163557571473	0.006090229719987875	0.005805022004370031	0.02196284125239982	0.5740498065771535	0.008723223087554875	0.0010134431818156298	0.007785365202231015	0.004587607880838146	0.0020231084179486995	0.002989359076398323	0.003668794607650824	0.0030890587500160913	0.0050396619980929615	0.0020298797812869827	0.005109738592438853	0.0035450841219305646	0.0036989433955047263	0.0023069469576337317	0.8484625126792316	0.006225126664908668	0.004888606237895239	0.007970205943473316	0.0018327769735186439	0.0018874607390799141	0.005228613663675917	0.0002126447260682693	0.0009964235044263052	0.0031726493990363192	0.005665356698025554	0.003215457317153692	0.003180049982048044	0.0008298076936049536	0.007605446430691951	0.0011306583683678517	0.0032595590290368935	0.0015018883171496824	0.008092396483436202	0.034093680035074944	0.0006723280739112526	3.298556997621816e-22	0.003234545256313167	1.9981652729223272e-20	2.760189083782326e-19	0.0007227973653895264	5.226270870196757e-09	1.0517868217861361e-14	1.5914075055444084e-23	8.569338439253184e-30	0.0010339391557335441	7.194741265456278e-16	3.8239058893507466e-19	1.6587112104433953e-23	0.2988283081089137	0.0013872806215802433	8.151546407580489e-13	0.0011002358563046055	1.4330111886859816e-25	6.917325355267957e-22	5.870020824125422e-19	6.515346306526437e-26	9.666299858020889e-25	7.7298705099459955e-22	3.0150143966516463e-10	6.635845482331097e-21	6.391334612602243e-05	9.727388790298859e-28	0.002335039173327831	4.0995719310677825e-23	1.384105413116145e-12	7.280140520118649e-23	0.0012635481295274816	1.1388170198060482e-19	4.318537427334449e-25
Mixture24	0.004851787022824438	0.02644421565519936	0.006680674237330923	0.004027261708926143	0.004941673478509885	0.012549411856747178	0.008235151151639118	0.008877352328236606	0.009441212033644538	0.007937160912457782	0.005074061493799558	0.009710693318630163	0.006828649091280471	0.0019950898461007747	0.009412542307527708	0.005680018231795387	0.023330717024404316	0.008891555229427453	0.0053860461392244595	0.9642094111234588	0.006549777940843361	0.0037139198666312485	0.006414778623987501	0.013894697489161341	0.0077891641033700975	0.0051094584536670725	0.0032145476818707538	0.01128371454016924	0.0007562984204403056	0.0041356266088795396	4.864145708329559e-07	0.017617907737989394	0.012445523617973155	3.4274154312279945e-15	0.0015598917625239443	0.010730424171543946	0.001115441282194047	0.001201334892292768	0.0025822050038268977	0.005023800144432482	0.003536133262257247	0.0017039211095554994	0.0016628891180427046	0.003434005016751917	0.0010808441598842563	0.0026938410724160937	0.0013232766379439914	0.0005430847198679098	0.003128808038462437	0.001322702976888335	0.006497973759026231	0.005780473557532191	0.0004655784230786571	0.915662745452345	0.00045104654747103317	0.000893744805738504	0.0006456369291854864	0.0030897370701119973	0.0011101914834254095	0.002034680952146167	0.0003751220590773831	0.0038543394351420583	4.126271107238605e-05	0.0008350358517541509	3.4072483986298184e-05	0.004317901544244768	0.004608272317697773	0.004077376244253046	1.4096847784894164e-20	0.0026399055720179075	3.756138750890678e-24	6.66742801502398e-27	5.19359165656967e-15	1.108670680165438e-09	9.936149311572476e-11	5.257419522080274e-25	3.499459538628452e-27	7.58766211725931e-16	6.216679727313765e-27	1.13797106834209e-23	9.252774607037533e-25	2.4900527837280977e-30	4.20556679784082e-16	1.145522450401058e-23	2.6737888406503895e-21	5.036075370535462e-31	8.893042345814346e-24	0.8557788967211778	3.2209264865619193e-25	4.4508278074058655e-25	2.9693293258603003e-27	2.7866589690016e-23	1.4106834482346739e-24	7.38606810015419e-16	3.385871687307933e-26	1.5721547765632489e-21	2.625481558283688e-27	2.2751021283617064e-23	1.2094968132065537e-25	1.2402737441449706e-20	6.370308728177942e-17	3.10984827174038e-26
Mixture25	0.006315813979694922	0.016144216450896778	0.012043119123551774	0.011024670430884275	0.0069903499694254564	0.014633354853773857	0.008593666129122265	0.010533660379862756	0.008074941126628645	0.010262795670340446	0.016023123198475486	0.011481308111250884	0.009739662074768212	0.09411940964628797	0.016797925637724424	0.013702039822888978	0.06916067798863096	0.8289493529456508	0.01198064217018096	0.9348912010548088	0.003455685906008221	0.006432269771940334	0.0037868913619372503	0.0846215175704621	0.023472455458553813	0.013460178142386805	0.00907655757002341	0.018351536285249496	0.008333949461503223	0.009039373420320457	0.0045788446238907545	0.1089221150382183	0.015877052462002206	0.7239982677662066	0.0028109342843060914	0.006508392788760769	0.003808163717239515	0.004624354912406843	0.00398790855229482	0.007531221416341252	0.0053935905746597375	0.003545086280592629	0.001660540219237641	0.004275617535904673	0.005555193699356885	0.004511001267381542	0.0027120649192979057	0.01975710130922952	0.007952893484414964	0.003699006513374825	0.02838435572579073	0.06757817803023314	0.0019639709821924357	0.6679690275597128	0.0003427020222213874	0.0020930429385569564	0.0003431776495534684	0.0231109002267449	0.0059608856774670494	0.005250658932826686	0.0030411694337250435	0.006557886651035575	0.0016966136105152944	0.0035563109076523886	0.002699209968571182	0.02061319211152955	0.014289667657170754	0.052228069887406275	2.986304438223309e-10	0.0015824809904242977	9.511926328743434e-23	0.00013846774471647577	0.0016717715691990068	0.0013477297102558253	0.0020760175361055986	1.2584759818857317e-21	1.3470421935777838e-25	5.091717675585412e-08	6.552767691364535e-09	1.0459526527725984e-18	3.5696734688359144e-27	1.2856151000867138e-29	0.0009059458591807631	2.454073821352825e-22	0.0005669336741831949	3.549886756687892e-24	8.0552815441512315e-28	0.007056594124714213	3.1237729417400576e-28	7.467162018344772e-22	1.0393438599952882e-26	1.8305596831655263e-22	3.72560002928279e-20	0.0010380433303262106	1.351865996468903e-23	0.000384866336020032	1.54860157765788e-24	5.32998248355558e-22	4.469601857239061e-28	0.0005121234986275806	2.818096139426152e-23	1.1439528400623678e-29
Mixture26	0.002865613695756439	0.009146279353773799	0.012655163304621287	0.005081235195244658	0.0055278655251709274	0.011948153141907992	0.008898512351310074	0.008883290486873717	0.008314770968201855	0.0076449852150235155	0.006460260665622203	0.005384727761079717	0.006197234261260441	0.8526546301302254	0.014560436616494345	0.008366879495832088	0.019821630412482118	0.8696411017918931	0.004402858188119603	0.0249984907410394	0.001148697618371893	0.0034203027165513283	3.4926322474822414e-13	0.02181787879206083	0.01261551257750961	0.003855382598062277	0.0019536198625841497	0.009065540419157792	0.002576850821618499	0.00576347117637948	0.002059979885137547	0.03487761828408034	0.7892737561630854	7.851266303082647e-14	0.0004287672505883326	0.002814020290307984	0.0017439431186315427	0.0010673392276156844	0.0022829108005956392	0.00423773119015881	0.0028225861826718483	0.0023322584591124085	0.007175257583339465	0.0030368771406535195	0.001173778303073012	0.00109761982825998	0.0008508753568998743	0.4045151472619128	0.004840588482346733	0.0014757264024873981	0.005864470301000752	0.4311325057612786	0.00034536943698907393	0.003614990316738729	9.882661058574785e-05	0.0007071823442820379	1.625237868176295e-05	0.00801572969880263	0.0020065567343276365	0.0006720988145820233	0.00017329368288144538	0.0018266934190396932	0.0002763440055590292	0.001064389522402555	0.00011138588171654929	0.010562121673598672	0.08932588695648165	7.564781800709659e-06	3.92008321431813e-29	1.4022681137680784e-22	2.0143782979675186e-26	4.00183408221019e-28	9.098098626474251e-25	1.2179575844487599e-21	5.908392568382912e-19	6.991305811150098e-25	7.915094241513304e-26	2.656882145578509e-19	4.471551133886314e-27	9.853141141536941e-28	8.369711169477776e-28	3.1660850483255112e-12	1.451936052306431e-25	3.4597841716870935e-27	9.008214163831646e-26	0.00020470840705911892	3.213619184388857e-29	1.4732767367700071e-24	3.1222259464566864e-27	1.4959516914678209e-28	7.719105182075022e-29	1.1776290734878929e-29	2.9006789515911236e-26	1.373019291928853e-30	2.5388079073972695e-29	2.2175698892346097e-27	1.554272272720676e-30	4.346010617299352e-30	1.2458069189586321e-27	2.6352331714556464e-20	0.001635822724372027	4.514596966003228e-28
Mixture27	0.004312460746218462	0.012549783956818371	0.0075360687084480085	0.006047251465727774	0.005483600907430774	0.010134343316871111	0.004670687926159156	0.008441794619282926	0.006665422767391309	0.0078103042487721605	0.01099007141472176	0.006753066737501047	0.002829707841777	0.8456808846142091	0.01325797307852481	0.007797542877696603	0.026497190091572444	0.9229141144451695	0.006570857290023012	0.06313281842249889	0.001842853551757105	0.003510224794776717	0.006788655725913137	0.01857017993460816	0.008091655898406103	0.003543639391417944	0.000662901328507906	0.008059072097191824	0.008338398928038192	0.007426101775624816	9.709913286071403e-14	0.014041418755608558	0.7317051801201309	7.758675923836202e-15	0.0005557123899266037	0.004032413540989802	0.0010750479362618675	0.0014453152777791018	0.00214507594764521	0.0032863704563394673	0.0013397328725773437	0.002565121618868772	0.0010444859906547823	0.0030827948933034965	0.002230080739278757	0.0015246879818012777	0.0002573966685483777	0.2975105769055982	0.004337805916538492	0.001536949232819913	0.005977808300165535	0.557291060537795	0.0004958345662245296	0.010470934670796931	9.261339329639777e-05	0.0003555009038722235	0.0007984171267580158	0.00820920044981215	0.001735665362716878	0.0010000067773807395	5.1692109095491104e-05	0.001611626218486593	0.0011988778780196792	0.0018706724093692493	7.264940604905573e-14	0.005060184365261816	0.0736652606142986	8.916416489142826e-16	1.2620974471084196e-26	2.0103422910940132e-19	2.4447452243690357e-24	1.1928410588183887e-23	1.8867443061065575e-20	1.2785718198104172e-20	1.4913526895365576e-24	2.5559596159381955e-24	6.303822413929137e-25	6.856063962054008e-17	2.5875081862358935e-23	1.545137067868157e-27	3.260816019799294e-27	1.23037997491257e-23	3.011060591445678e-22	1.550092187664273e-26	3.7087576455219984e-22	2.087497288084059e-17	3.755947395830634e-26	5.853025945879322e-23	7.905644161816524e-27	7.753877119112211e-31	3.5159398362761575e-27	1.2149693528035284e-25	6.656402473211876e-24	2.1937232815118365e-25	7.385815172500964e-29	4.861251054837639e-24	3.5515609498052706e-23	3.4196281489963657e-25	2.3549887321682372e-26	4.4302676900265945e-20	3.833841675310969e-05	4.9076640150377466e-26
Mixture28	0.0038046762866927974	0.02270556593442839	0.011668386988307763	0.007248665718478829	0.007835117212030746	0.01285958885587828	0.010076083278140363	0.008367355356315253	0.010949827136182299	0.008052733125237287	0.008343422982742491	0.012533177298060007	0.007325364092742534	0.8729766884579278	0.020344825045277487	0.012720307367341466	0.020552807661217105	0.012042888689187183	0.005311572829177724	0.01725543444505965	0.005063408994327961	0.0014997175553893493	0.0037431452666131107	0.012483457673640017	0.012188448884813434	0.008328665222153676	0.0056857721193231126	0.014343203128918007	0.004017708002358036	0.00891286155431356	0.006294488242500666	0.02699207239562733	0.6761872748681836	0.023836905515974494	0.0017816743528394812	0.010821302549661961	0.0054888877983586114	0.0031110240003578986	0.004458891461999002	0.007214112114454441	0.0047149263105764625	0.0023634743143020787	0.0027248549758384726	0.0037378849183905046	0.003012501449294008	0.00448862885214244	0.0025924611365584823	0.8111482076121849	0.01632134912550749	0.003527267649337321	0.012599850901221565	0.0029207653129599727	0.0017744699600177275	0.004870447674887454	0.0008036327684447195	0.00037842000812458106	0.0006084646526351928	0.0019305826712139567	0.004311592763463562	0.0041729847662244305	0.0012610825442181228	0.006994828001819509	0.0009503433994383037	0.004517522306183793	0.002093742804339189	0.012148411542935214	0.04318890421661299	0.0025076136214572907	2.4578984227984766e-19	0.004568590970396333	3.062392496617802e-15	4.2212627135556666e-17	0.0019203039679692598	0.0012926327541361157	0.0008648831130739049	7.019868292806592e-24	1.0598406052535375e-26	0.00044494652252895597	4.4987996351572466e-18	1.9343709067657447e-16	3.387059786243855e-25	0.04292846470862319	0.0030966485388181043	2.903927399248059e-19	0.000530760819334372	2.0285614462057314e-24	8.504525700388318e-22	9.236958576776774e-21	1.6554329612644248e-27	8.463483074462794e-26	1.3742714663344347e-25	9.252007223156765e-23	1.1515437025238717e-11	0.0005357027038751388	1.2449207365785224e-25	0.0023523721668136607	1.395419377842868e-26	1.4739246770761316e-08	8.85817546959719e-21	0.002789209208542558	2.6536839852826474e-13	7.222546985973201e-24
Mixture29	0.003918020520951713	0.01278936949913142	0.010696952734367146	0.0069898568848818276	0.006739146401891326	0.016799446164482704	0.010417471007100072	0.009945973855079226	0.006520196047630748	0.015571484613460895	0.011859778044024445	0.009885503452005184	0.007163222048016624	0.6259302379772714	0.01534059455391679	0.008900930990229847	0.02716781891225596	0.33091664244251556	0.004285135506377088	0.2810333002652548	0.006780567487639174	0.003314125333227431	0.012012753707879043	0.017811208658095014	0.012775398775028916	0.011052953216692744	0.009413788659660725	0.01517236395963936	0.002316401059622803	0.0058765371233630405	0.004663230702731122	0.022219670840207567	0.6113584427919266	2.1539788208153953e-06	0.0013009810290836718	0.0074449132859418085	0.0023681515811957935	0.002442890296722169	0.003046992320613001	0.007816236439481705	0.005170116245672363	0.0026197148618053783	0.0007787158162138448	0.0071703826342596364	0.004457060900128944	0.0032373052430904785	0.0020999983323056613	0.526097149183292	0.006422619931044418	0.0015645768082018614	0.009079555641588735	0.23104289418182017	0.0007035108785801856	0.07989153091486467	0.00055558253646571	0.0008946734086526253	0.006533548451672986	0.00506785320626795	0.003774169806243283	0.004116072962657894	0.0021864720693816897	0.0063430193951981495	0.00030547716751679434	0.0019365777344512083	0.0003769052726330484	0.007271868556409406	0.05241951769851507	0.00041597288741470484	1.0354441042638563e-27	0.003134851671935196	5.427877704821089e-25	7.214721434572291e-21	2.3481462427761164e-05	0.0006082746525377051	9.130184170101624e-15	6.741603907713036e-26	1.4454317990084954e-27	0.00244179209086159	3.3976767128085866e-18	1.018542820852053e-24	1.953256488215286e-27	1.324305020725063e-19	0.001345435330429854	1.176770920877702e-25	1.4987594453796544e-23	3.701055784246693e-13	6.703995081277033e-29	9.29690270977253e-25	6.851048268305506e-30	1.5745569902131286e-27	1.7927354649723784e-25	1.3350506365126997e-21	2.125670355568649e-22	2.3836205318803807e-15	6.586468016339752e-26	0.0006137655523843307	1.924096563513292e-28	4.9642783881207023e-23	1.2075737829113747e-28	0.0004275229608205451	0.00034682256613618697	1.8952991252105283e-28
Mixture30	0.006181607508564511	0.016054175158887678	0.005359823756706376	0.006436862831969565	0.005809861148763355	0.01077716474929295	0.007884659233678447	0.010778538567819776	0.00816961687719295	0.011646527353005512	0.0062041961976668294	0.013411150605857397	0.007273724104112899	0.6753234190005961	0.011976058492508452	0.00293651480647003	0.022273031279943588	0.43405076871709275	0.0026041869791667456	0.2028417965366722	0.007740291394216466	0.0026038941272772463	0.002986576334456941	0.016732473274385668	0.009123556032746947	0.008526584528429313	0.006802872343112755	0.009136185059609489	0.005407272817412794	0.007037547035510161	2.180299762030024e-07	0.01567489512679543	0.5238044552138684	2.4905556357204106e-15	0.00185750860611278	0.005048091355946085	0.0010538347961362758	0.0024520844234393853	0.0021331097069113695	0.004850347963075521	0.0033202138739948685	0.002100372122521315	0.0007957181413094629	0.003785358197640656	0.0023307443050587305	0.0032552593650157706	0.0011332274196116507	0.503500016570943	0.004400965792236801	0.00041368942353357146	0.0043355705912911605	0.2526343759556047	0.00023434802538317622	0.11862376708679587	0.00037548109315828414	0.00042456630731627657	0.001216208035759032	0.004552307024453016	0.0017568978844766014	0.002552060631444732	0.0011410217610435505	0.0038633777858640378	0.0008068131033224187	0.001997019197549237	2.116580681825862e-05	0.005427836201164758	0.05547353173815559	7.039718507734867e-16	2.9197195882048287e-25	1.611878360502443e-17	6.031152034636735e-29	7.541867360578372e-20	2.7796292148186067e-23	7.314588153325024e-22	5.987812169740864e-19	4.263440287968532e-26	1.895957493767706e-27	1.7865632542293056e-15	1.1290101573569597e-25	4.5829026596347276e-26	1.6459031012638903e-31	9.585261924572835e-06	9.602152172290764e-17	8.328008049389863e-32	4.140504689341114e-28	1.1012484803355732e-11	1.2456677232260514e-31	2.563028695099183e-22	4.302570024853898e-30	2.148495765601705e-31	2.1029875779610987e-30	7.619588436325743e-28	4.961310276840223e-27	2.0527929921078786e-25	8.482231464067411e-29	2.5345159608773376e-18	1.9089473603713073e-29	7.067630028356595e-26	1.970034741063327e-30	3.080843956930859e-23	1.0575812466391473e-18	9.786174811362351e-31
Mixture31	0.007802025845050511	0.03150654599440851	0.07913904995343772	0.02553191897728313	0.07250123289067953	0.08245846688892362	0.013235310193183882	0.049217510973826664	0.08839858121511712	0.014770694830378909	0.01762653788579123	0.014808813994102624	0.10072426204770397	0.1051391596576541	0.02419890445932053	0.011944504365578862	0.10545061769778151	0.006184542532246252	0.01307920226461474	0.02405696956664957	0.14515853527338154	0.008226222721958745	0.004924384061448593	0.04639350417315631	0.01615896773629549	0.13415003473638093	0.016453710203938578	0.0253728347589543	0.006553606093689934	0.00972904489527942	0.19286777390879362	0.05885926343191354	0.00643016351904478	0.43340815592426407	0.0038543705216547344	0.010903813845286475	0.01675664918347858	0.010067599980031055	0.0667323088523694	0.020641344764807047	0.008960970929674676	0.009367448234633523	0.07215219144660386	0.009045826576817547	0.00872193825180888	0.007113729035677774	0.0828261561420849	0.01140591670639768	0.007317603744182884	0.007906937464292212	0.021035744813855617	0.0017639060462238745	0.004947553036066825	0.008959211361566837	0.011479422319013565	0.0031492500732035523	0.003468266937816267	0.014257489499540725	0.008826851539082052	0.12864315178015498	0.005806808635888006	0.011131008065304171	0.0024574025070186463	0.0064669969278430064	0.02943692311872252	0.020031830967194308	0.0009437187995131563	0.2966873490398213	0.00048734735607080604	0.0033494133499631746	0.009376019694858784	0.003679885496094145	0.05480201977775706	0.002946905660637727	0.004224855256207422	1.9188707987852125e-34	0.03841876346542951	0.004073773644945847	0.002583919061458561	0.0024620565993883647	0.04812802426354872	8.914368577671789e-30	0.002492698212661587	0.0008376397405797597	0.0027902008153752574	3.0214338560510985e-28	0.00021188913392376175	4.174397253085781e-11	3.767915026105139e-25	0.0008398413836056477	1.187449163557053e-22	0.0024978860249660647	0.0019350025266719132	0.12054918540292947	0.002581680732601768	0.004206427428255519	8.386422926754924e-22	0.002332715831772076	0.001882700346353531	0.003575031708437853	2.0901094288245847e-28	0.09906489049618608
Mixture32	0.004495438587800975	0.025251183215540898	0.01787316618223024	0.014825771258584659	0.0757971663164226	0.09903239679229407	0.012371599610411586	0.007282337828557738	0.013826294132597667	0.010438287809197337	0.016410794510621256	0.017171941054072642	0.08107027156772009	0.39544154005350735	0.01632508934604899	0.020073619477331557	0.12225194418760134	0.1905701269985831	0.013713861563766925	0.13898714783842586	0.004539253139500808	0.0024572554586343508	0.00480221628872689	0.009893466507636181	0.011511503324246004	0.011573152063100276	0.006025953917252868	0.02105413033921044	0.006086399207000709	0.009606350265635336	0.04227474818053919	0.049746818949700344	0.3257832711911725	0.29361941748568565	0.0019671831668571244	0.011117335004853452	0.007749287916984734	0.005342691012539623	0.061108825250026214	0.031101184625392287	0.007370619901773451	0.002070474162130015	0.0054473729851115624	0.004745175337921409	0.008829045058409157	0.0067722152752853456	0.06471597764167603	0.2860443356367373	0.008296815365832199	0.007135761434592972	0.03860640676715017	0.1214196890924168	0.004162055394798448	0.10418722866973613	0.0034608848439627703	0.0006227206073312992	0.0014551236171824438	0.0036251894126512253	0.006765506500795728	0.00601763046152927	0.00330817027724224	0.011680645520083955	0.0029003406184676755	0.004870811271407112	0.00465482459497075	0.015363459896589689	0.0394437300833624	0.04653245734417281	1.3741136045761003e-18	0.0027387945580840956	3.285861754350678e-21	0.00045018303587419337	0.04545984385790752	0.005845462252749338	0.003613236452936667	3.4553973514233226e-24	6.04351590879925e-24	0.00015105514527219503	0.0016295765435802995	0.00021407783166616873	0.04266029066757334	0.06220152360787338	0.004428580442699852	2.0451053607939782e-08	0.004579518434017476	2.3069328550332396e-28	3.891359184670008e-23	1.6371225167853293e-16	1.4443159440443288e-28	9.256990015568294e-26	6.008614588339561e-27	2.2949242300035086e-22	0.00013347249104845254	0.0016084918232857702	1.0751710908968411e-24	0.004873490805129199	3.84787080902477e-20	3.7728330424255395e-14	7.93622319107346e-25	0.0007186118904186883	2.4906521754211333e-22	3.282018296055462e-28
Mixture33	0.00604869855362534	0.00708838443429056	0.4411777747242243	0.006474476008944221	0.005770590087079825	0.014648733749420332	0.011101075293829747	0.012354398740882636	0.006102840061562838	0.009908688650481182	0.009148434178575414	0.00630135365201984	0.008671773530149321	0.0020001449880720137	0.009762040194243062	0.34972321271880946	0.018767646160362493	0.3579530928556031	0.017060412984538382	0.033877379596433485	0.15170653944609813	0.003903062701172402	0.002441986600345033	0.01078978990863476	0.015476587273626257	0.00535425922346839	0.00321416024710753	0.00936475098184226	0.0051448328979890046	0.010563010466650659	0.4391585276737888	0.015521331313108915	0.01229168291290368	0.9045663884450992	0.002319487600171444	0.0034199803545399785	0.03590148486798353	0.0018934227514638602	0.0022429414473673272	0.005833372734126355	0.005822460452216035	0.003511066745579426	0.0010131151767246594	0.003238754240833792	0.003232279860481663	0.002606784975199045	0.003160058886609831	0.00020203279668062728	0.005277031857548104	0.02756685259059084	0.008520663287044329	0.018108231623390564	0.012860791684259876	0.019544792731979458	0.013855896205675464	0.0013177036176008575	0.0032145445451957	0.004967949566932997	0.011431703819216996	0.001744866251455862	0.0011488217518843002	0.0033994434187081283	0.0027023504483783996	0.007075184176263631	0.07127391067538462	0.007817843349430162	0.004341731848185683	0.6971895022135292	1.6380391405329082e-24	0.0005390539940654014	0.0052456799019146814	1.7553384413255403e-23	0.000446917240922738	3.255849244304243e-19	0.002220004758338608	2.598503284477605e-26	4.466090235189881e-31	0.0003422999003193747	4.592453160233026e-20	1.2225045976069966e-24	6.201346133669203e-11	1.5215173251966346e-36	0.001325101900927443	0.0002461890492643952	0.0029839289464972433	6.878473361156031e-27	1.1623008881743606e-19	2.0015520444599353e-12	3.3587990261245274e-27	7.399179156918002e-23	1.6012357008824548e-28	2.1098062557572774e-25	0.0008014960672942142	3.554042929049778e-27	2.7871176753232127e-30	2.4603260759409316e-22	0.00012682978520953461	0.0014811205567316849	3.1341898285890925e-21	0.0033410234302569206	1.5187696161451612e-12	0.23399250609215377
Mixture34	0.004680292460161708	0.01007392251716631	0.012686091088447513	0.004896172401896873	0.4715185726390245	0.01673132425700965	0.009164912399766212	0.011353728663554398	0.007284029959353508	0.009940743745442229	0.006500894559075912	0.005024881115389619	0.006929633106607386	0.003955728682932196	0.01766274968851608	0.009283770758529535	0.015802544385818747	0.007305110023484062	0.007570772291489755	0.02404611297653263	0.015547083698034547	0.002443300634479457	0.006013451017260226	0.008473623937163442	0.014642662806526659	0.0054557907529433685	0.007028577136567329	0.008110531485644862	0.0025666813709264674	0.00865744948376229	0.005968765241776337	0.021124324939696803	0.005945904660025451	0.017616499540964742	0.002044787716826138	0.004358358772213793	0.008426574265665865	0.0013943143803350298	0.44727557885495517	0.006618939430468236	0.0042926698796137835	0.002709378713524841	0.0011628472402717587	0.004017280551479159	0.0025838684924272145	0.0015682984807383802	0.0022573441059557256	0.0008235319960619669	0.007541813776749912	0.002690039725398027	0.006513532806799589	0.0016043204463680708	0.0013154953554404927	0.005197712609424361	0.0028032990847950464	0.0004202479555105926	0.0012849567766019222	0.001584082559059928	0.0074918550789623995	0.0018759566849899812	0.002230012283820801	0.002947236426296991	0.0006162128980344904	0.004178307711119343	0.0014997406012520497	0.006845880739040166	0.0022890169444028325	0.0022609278004407617	1.1743090194627913e-18	0.0011134752729073693	2.0028843493260067e-16	1.2984413177354206e-21	0.4175304456928245	3.7676060400963823e-14	0.000746671933823249	6.208051810857035e-26	1.785685145293104e-29	0.0004467965171710643	4.462379797431806e-16	1.8701065298621428e-21	2.8192592538245773e-19	2.2418526378336873e-25	0.0014592093171912784	7.791826897540804e-19	2.749688611064353e-18	4.0890936334458256e-27	2.216426316693614e-24	2.815847854761176e-23	2.2025523591311454e-29	1.3505965361437965e-24	2.6936021786538456e-24	6.258987868796235e-23	5.208620947200873e-10	2.8293420821453448e-25	5.516155803799032e-23	1.1959129833800495e-20	7.031823323685556e-27	7.21878036868065e-15	1.0407464158970036e-23	0.000521752738427543	1.6708223980411829e-22	8.526795272937172e-26
Mixture35	0.0022078606187555415	0.008957963571474103	0.016004755130343187	0.0048058445602082	0.004507932106167894	0.008077363691644504	0.007803894339205879	0.00801817269764031	0.005108112932444204	0.006297018341286794	0.005262419427448864	0.005575288620988406	0.006870566034110214	0.0029526753947545017	0.008724982929394758	0.010360489568588876	0.006810505930276178	0.010794913710817302	0.009007264269029664	0.011094736490167508	0.0023274987475362316	0.0026570290868765576	0.002840448275374339	0.0077548713455318444	0.011536042007279326	0.9463040366606104	0.0034490177296815617	0.002427557916237109	0.00449115078313553	0.008025063783881469	0.005162352368593792	0.010051020217777585	0.007244251291133778	2.614966871601653e-13	0.0003101800779062513	0.0043972595834404354	0.008149999124608594	0.0013152603566625922	0.0019609667674812623	0.0031741863643706177	0.0038834405527113786	0.0022162816243969635	0.0005552014316377675	0.0032490738598857376	0.0015261973613409946	0.0010593369595928949	0.0019302924844146402	0.0005215624101309688	0.0038202570659667924	0.002794705840809678	0.002874043118772516	0.002652029031603458	0.001776955096975811	0.0027862071974994566	0.0002210610637271739	0.0004866382761388097	0.0005585717856364227	0.0015294436171176193	0.00460992398945436	0.9251872045631777	0.0008029749309088723	0.00034430277455857033	0.0014119660092815015	0.0034833892055050235	0.0007821250241657068	0.003892300378749905	0.003775695303809316	7.894223276211306e-14	2.419646617141175e-25	2.006652843642527e-13	2.0210391054493885e-18	1.4612569018931403e-22	4.245400835455805e-12	1.0566960486418604e-13	0.00010083281845815333	1.2273106857221497e-25	7.420991182241837e-30	0.0003298059013335387	3.726142450071308e-20	8.205232374877391e-23	2.89997701689703e-21	6.0460676452790745e-27	0.0004923122966371818	1.0007391729230215e-18	8.353495619873044e-21	1.0517787735357414e-21	1.826984305387228e-22	4.90580336896889e-25	1.1491859989398499e-24	1.5851955505855073e-27	3.6166054138146055e-22	2.1819935281845647e-22	3.051450199744486e-17	0.8862558030944289	5.855964695766779e-23	5.542110204104364e-25	4.3617437015976196e-20	1.2869529719585237e-19	7.552885416427664e-25	2.02708124049679e-10	1.188691022502586e-07	4.253362900856795e-27
Mixture36	0.005986160545303013	0.03830002700326829	0.4176218665275871	0.01320274448061675	0.005374717556332609	0.8648455487852996	0.01136323975538943	0.0156790073456625	0.006194966678600908	0.009281628067599546	0.01120108178515773	0.014959393377426314	0.006193279630063799	0.004547403520938974	0.015109986953419972	0.011444785565163032	0.011687069824639448	0.0124540950232828	0.01047692818812786	0.04545960145037838	0.4094576437280016	0.0043056972143293015	0.004453264352324391	0.026363683349258104	0.011968666004856778	0.009116684407270181	0.013954061772139034	0.008869714107282002	0.00429149270646809	0.008608043279137579	0.42342905822429666	0.021857800607481243	0.006658115032886512	0.8815445370227173	0.0031502218777441976	0.014053679897642864	0.0353708230565524	0.004610597484469492	0.0024536454392189654	0.11564328740504111	0.007036141715904265	0.004768507105422094	0.0009028221338261516	0.004263143313292627	0.0055374626651790645	0.0057774424657873105	0.0024307093628502083	0.0008151768567986939	0.00697072411278538	0.005413981092994287	0.005888501484673197	0.013138232694954344	0.012271097613990457	0.01277372551758594	0.02021238296851675	0.0016446227892279492	0.001196565846423493	0.009286477559333003	0.004470841343523661	0.005168762369889497	0.013345031852095325	0.0029055646126011025	0.0018823960026205845	0.00581798713621636	0.05316181788347654	0.00869948246811679	0.00303946798755223	0.6034450304444747	0.0006314037223971566	0.003407200619176061	0.00509597368180635	0.00018673813454856382	5.778233916745594e-05	0.001728635790551348	0.003508983561404161	6.459150390402297e-23	2.348337342021243e-33	4.344249178767107e-10	7.020282405590942e-05	0.0012651473476216113	2.4262565190718318e-21	1.8420600803314824e-27	0.0023428164015286326	0.001002268606751209	0.00124115016651012	2.920916976191731e-22	0.001020248580077691	7.200606780724288e-26	8.073835873668081e-22	2.2177245607780183e-19	1.6901322756797716e-26	2.972554432837471e-24	0.00020324932261521023	0.0024406983213230743	0.0013784079276835794	1.0947005150728379e-23	5.361922174194468e-16	0.0026904050294221686	0.00048308804387601557	0.0034086228890628616	2.8606718950499413e-19	1.316769014206388e-19
Mixture37	0.0024509520029895454	0.009743405957348095	0.010291470164330059	0.005073315187799091	0.0039476269314163434	0.01033639094351517	0.008992196212615421	0.7432325361156908	0.9514608758047699	0.0368205794691832	0.004373377385704516	0.004797448630128051	0.007804475388854304	0.001505713648165025	0.010840822760123022	0.007355266955271431	0.012731999500285668	0.004178275486202565	0.00960893803895262	0.012617806133784494	0.0034952113094760626	0.004546764997068033	0.002904083878810145	0.016301253554807885	0.015085397928981996	0.004943662965362909	0.0008909478313283126	0.004995030030604721	0.0034512543271632947	0.00791014254673636	0.010717373953591083	0.012280068817664918	0.006564858346711816	3.4894353393240167e-13	0.0004412799175842422	0.0035475489667223204	0.003938270448244933	0.000979391522363453	0.001558520593285665	0.0032003375039397434	0.00449551068124072	0.05563607025352412	0.8636189985684058	0.010795039027043494	0.00126947311924597	0.0008502555415854988	0.0024900891271194274	9.994806821468966e-05	0.005919438608668206	0.00163492652252893	0.004784050958916713	0.000542513942640334	0.0025935381687318105	0.003442773680158705	0.0003094451184060806	0.0010835522527968397	0.00048655269347759177	0.005369927634249726	0.0034039897988696367	0.0013660824205858216	8.438842204836379e-05	0.0008250899322595269	0.0011457722685007225	0.0032103210661929603	0.002334229481592531	0.005171682379900444	0.0018124707176305308	3.8736292870617256e-14	8.500702309312575e-26	4.777699114966761e-05	1.2232707826516246e-24	2.3906079990888398e-30	4.0302033112790566e-16	1.3079521990453978e-23	8.533074552695723e-11	8.322129654472467e-29	0.144750459601344	0.0024748995934578836	4.4085470330555944e-23	9.90591275228643e-24	1.995266860201429e-22	5.202552795008307e-29	0.0014326455960892025	4.14959528718526e-23	5.180404161234887e-22	2.6179969577879907e-29	3.505028446347723e-24	1.0509641894215669e-21	5.81993526693115e-28	7.525954170590487e-25	3.7279574498952376e-31	6.172563713595772e-18	7.84668173515602e-22	2.6646506965677883e-22	2.3611453368295705e-26	2.6030646397377804e-26	1.425611559099952e-28	1.0419493710503113e-19	2.7738900513216246e-24	0.0001059478552306833	2.6651614764416217e-23	6.379025077681106e-28
Mixture38	0.0022749490377695124	0.012798961791665252	0.012272234338294314	0.01164374420468287	0.008733678990182318	0.012781025304076281	0.007000028398014099	0.009670400066999972	0.009646404517972884	0.004693844683312005	0.00968304057237757	0.009764216604213385	0.9295007937335694	0.01327773611109406	0.014410985398601955	0.005552268424211764	0.016491382242614757	0.005507928808205225	0.007492926321871111	0.01098520329327182	0.0063575803881083925	0.0018289687347921117	0.0010727267964318547	0.0065495336292797236	0.009158676769494372	0.01163545330686505	0.004579104266811723	0.014152290991110955	0.0035286029116444978	0.01038823615798855	0.003137630863935629	0.04825811836509566	0.009359647446751716	1.1369354271679788e-12	0.0005864193692776941	0.006629888060236436	0.004487522540506555	0.0035775984084185338	0.0037599268144177063	0.005320065088099785	0.003302650195992347	0.0017040240316639266	0.002978495756292524	0.0017885193484625894	0.002769956430301842	0.002765697100957034	0.8941250882330659	0.001602898796652626	0.005064113630169357	0.001970029755258776	0.00543496968873636	0.0012713358102246796	0.0014914689856360794	0.003640282478840983	0.000651079246502305	0.0004154505889202107	8.857856339267186e-05	0.0012156204176072055	0.0016766243694023605	0.005535962136249593	0.000598350394657662	0.006529492021475531	0.0008973533763872217	0.005895362080046482	0.0003970030385442335	0.015587462360211751	0.0022017049831959427	0.00027907908577730974	2.1839472145376334e-29	0.0011568778171634666	3.3604972050655797e-21	4.3791185029354834e-18	0.000960724678556155	3.5734482008494136e-14	2.6208081999962267e-13	1.1015927277335849e-24	1.0768201554650166e-21	6.046875188905092e-23	1.2135376381383815e-19	4.707007919772217e-20	0.8385224241589918	8.202808266169538e-34	0.00018295344649794866	2.6221257332441263e-21	1.1128689291475636e-17	7.331903859164523e-25	4.734721294512466e-24	4.937532500096155e-25	4.809423609289589e-24	4.407892312163092e-25	1.2351705973623185e-25	4.999479557175681e-21	5.59414226712839e-23	0.0008970968055015344	2.395156733922729e-24	0.0005318036324564207	1.912534132177154e-23	2.1301626016400328e-13	8.442339596000649e-26	0.0028024588824306943	1.5032821025750942e-27	8.43271325516782e-26
Mixture39	0.003169070420391791	0.011666863161446713	0.010906452944037543	0.007905764007188013	0.009033908727934107	0.01667914760272132	0.013011152362830883	0.008203556175718397	0.009037947930653822	0.00936353751253267	0.009907314034740477	0.0127735505232813	0.007939714759186684	0.880956589987177	0.022324595908426195	0.01082647174746143	0.05625244209056767	0.00494553336000307	0.014270469417931694	0.027909728538047594	0.009296371074866678	0.002817995288697828	5.7190472451470305e-11	0.009773716789117717	0.010129851495236833	0.008025864064576388	0.00645608560476128	0.012760409281013543	0.002549587069250013	0.011318311094190006	0.00519630330709583	0.029494865432363883	0.8306621041905757	0.021466287207765833	0.0011324161622572784	0.004810344317895726	0.005716929423799394	0.0031369302816046047	0.004414568074864536	0.006607344654380237	0.00687437850282064	0.0017163385308691685	0.0014208994995603388	0.003622601098086314	0.00458603086502435	0.0037733362107692193	0.003018847494014144	0.785635825958315	0.008019757630507426	0.004103034110379544	0.014130940099242045	0.0013365692487310513	0.0034884122443359163	0.007524343798792922	0.0017432270347528432	0.0006405973785946301	8.133834166088204e-11	0.0028040108764186915	0.003915411504539378	0.002881300726047024	0.001219991397109339	0.004958508843056142	0.00039409908295403245	0.005514756149294692	0.001301184082023028	0.013816996725479248	0.07834849477756026	0.0029770050597179728	2.6537214559314008e-20	0.0012086478261573814	2.872076119687267e-17	1.0729479592416076e-12	0.0011961938082134954	0.0004311377715753216	0.001203347699414738	4.49392141694587e-25	5.952524589931656e-26	0.0001600167178036489	2.3517852203487906e-16	2.4823717396727576e-21	1.2389053628372615e-25	0.04459455891891985	0.002225063997674441	1.1104924807216689e-13	1.1251847393951527e-14	2.0441477290528608e-25	4.843179671743626e-20	2.6020205055305105e-16	4.698020126966754e-26	1.0136996649086046e-25	3.286802003472703e-30	1.938738063748214e-20	1.8361519755628753e-19	4.986083067442036e-15	4.18646427300883e-24	8.885293746793786e-05	7.062656160344035e-27	4.583309868160302e-13	7.218541795137072e-24	0.0015866442781508243	0.002667626393454905	7.455527830063294e-24
Mixture40	0.0051660524564686415	0.010591222871891293	0.013724066397011533	0.006798571371791906	0.007681499619125903	0.01081107233861283	0.009990315062890947	0.009399180615380543	0.007896860666597269	0.0077998962173057825	0.009147786734005502	0.01110470985858799	0.006739871295463905	0.8877877025803373	0.02190322194827944	0.008432537200654075	0.0197735414953825	0.004157645152719031	0.007797916000043445	0.01736802646327494	0.05772510057567068	0.0013374160176744285	0.011985218720621893	0.007059327842163865	0.009639563995518985	0.006101912941262036	0.0036044955979143167	0.015798951413950126	0.021501771794983724	0.0075857620502815465	0.010521688416214854	0.047360415721485194	0.8251713565086057	0.018909342198706842	0.0020051440431069524	0.005329974345524253	0.0047535441027005245	0.0025285478832546824	0.004052325186691861	0.004136324656573177	0.0046444869498476725	0.0021722060677360822	0.0015314656141557676	0.004287227307058464	0.0034252116660596714	0.004098348783872523	0.0014095678465939872	0.8264811285993577	0.008615183009690372	0.002193814060208484	0.006855182544174925	0.000829544435914599	0.002026332977973021	0.004789761959429224	0.011665110082323182	0.00017768811411222115	0.001803379818946361	0.0012929765136551496	0.002161221971577666	0.0019150016066840153	0.0009049105525632833	0.007847157981353164	0.002446785197099047	0.0036584959960847623	0.0034095923707274617	0.014290386623366654	0.047014336551274745	0.0011953093936163425	1.917600222493059e-19	0.0015784016741737963	2.1625289485910744e-20	3.9536211453762356e-19	0.0018453852410377951	4.130537655769924e-15	0.000565342516019997	2.1023385484151658e-23	1.1784199251813391e-28	2.1964227097708094e-11	1.760209549417671e-05	6.033969351730271e-16	5.949152668518252e-25	0.04683658753658551	0.002193568140312688	1.481558721604437e-19	2.749714018933452e-17	1.8353153834916194e-24	2.1252191536131777e-21	2.5923222770294424e-19	4.732765404275542e-22	6.40863593517186e-33	5.848644474963591e-26	1.9764992892761387e-24	6.53819414954778e-19	2.5554446745242973e-18	1.4755973226094801e-22	0.001020077428901632	1.4825880090813136e-22	9.907485400579797e-15	1.1219257473919239e-20	0.004226942956638579	2.4952956984384252e-05	1.0100432500603854e-24
Mixture41	0.007878021186640586	0.016038625549185545	0.01169173428769143	0.006858023198130297	0.007431301005311553	0.020058108288859205	0.019496196653855505	0.012934637560197904	0.01556508597517702	0.010804699859579178	0.013897168958232358	0.013210035313449893	0.0061218090926875085	0.056794978908523	0.014608660002033529	0.01576851235915865	0.13525085839377068	0.5480121651014073	0.011261979727718535	0.9422139926720721	0.002272266067818895	0.005380430942868387	0.0005437830265271138	0.3960389942359152	0.01803742555398395	0.012218098733308173	0.011066102029223836	0.024607069733997584	0.00647523898526471	0.0085685845094035	0.005015475058370005	0.02962231167118204	0.00956151335947575	0.7780904032293732	0.0033543241232251537	0.0069075923786177775	0.005283375593314698	0.00364458273507502	0.0036697021503332462	0.010189254864725945	0.0070992950444723	0.004546452906256969	0.004925233622757248	0.004214970889636705	0.005183901035010248	0.005394792575188001	0.0014840385863101456	0.006118269102979007	0.006142144896505704	0.003392685973488106	0.020803566984142683	0.05475509703490492	0.002879494204816771	0.6819448938291542	0.002715334624879573	0.0020972427035120503	4.472104386525856e-05	0.02635329277511174	0.0034973133546165004	0.005121728142669774	0.0032073436735574794	0.007624854355795507	0.001371104305803889	0.00374566734531124	0.0090524986243261	0.013468313508386807	0.004328654435712405	0.07176856042520359	2.827887663412343e-19	0.0013291721180451897	3.758210541724524e-21	8.607675963619823e-15	0.0004783652708632915	0.0004199507675590213	0.0013782836447260398	8.061732534877743e-26	8.007160314409084e-26	0.00021220718171746273	3.485638846718202e-20	2.9283248049988237e-18	6.428365310489507e-25	8.299882124434593e-32	0.0012697748837512397	3.8031409014289517e-16	1.0596637645591223e-19	1.930100469681455e-25	2.6428056332449825e-24	0.010513060077512204	5.0466502735158956e-27	2.6107073161015747e-19	3.6719813503218837e-32	2.974961642606453e-20	1.642664438998121e-22	0.00042168065672170925	7.003009971270337e-21	0.00010418588570572664	1.8514135855725273e-27	2.8583024082387845e-16	1.1691878235882519e-24	0.00101174419400408	1.4230681362574346e-16	2.7034600810667386e-27
Mixture42	0.0037684762341830573	0.018091803957388294	0.008093795885948078	0.006065758909229061	0.007921024966200913	0.015324911604784767	0.00983995940341798	0.0076773608701923585	0.012459340595495463	0.007679627979096026	0.007591798568510041	0.00912068528349752	0.00616586804519848	0.8517808791321431	0.015158994034063861	0.011709485095713373	0.026922581023728864	0.8850269784119766	0.0043470434093045235	0.03778389815289068	0.002436973464865828	0.00236691959631896	3.768252168249556e-05	0.011691352284987013	0.0064187128560812675	0.007711541188327488	0.005130979001893559	0.015546158309414986	0.0016004005792569253	0.00891944999892638	0.004880953487204488	0.01679057448509531	0.6310055441837898	2.614806953111677e-15	0.0010524214743883673	0.007439628076415027	0.0013953076339675498	0.0019534491734954206	0.002505115845821161	0.0072489239615440414	0.003688850358675644	0.0014364341015081904	0.0012175259668678667	0.0035864042478093005	0.002433028212671541	0.0036345929594429334	0.0006130860149951129	0.2680066756673658	0.006050679918783091	0.0018485727856146154	0.006009731706564204	0.5745904537298975	0.00038205546928224204	0.012969112068596531	0.00011179532865520107	0.0003691403088966981	1.5674979144116606e-05	0.010985761582387923	0.0011078110716671013	0.0024353120771711677	0.0006871105102579472	0.006250760788144144	0.00016103045870143298	0.0023833466885640063	0.00041772487959999545	0.004330510870870057	0.060176855236412405	5.414908200923907e-16	6.779504167707048e-29	0.0009612503647602308	6.040784302823194e-28	7.895747251881508e-26	1.2664257490626742e-24	7.038549285346447e-09	1.4843580046021895e-21	8.080286281666955e-33	3.679217471905931e-26	3.303893659875591e-15	1.4660203481340505e-28	1.0240332528590352e-27	8.031439298893147e-32	2.949528168114899e-21	4.3389754992321623e-16	1.4002935203153308e-29	3.0782020405396827e-27	0.00830878128643701	7.616527314553083e-29	1.772322563918816e-22	4.470016909253166e-28	2.6910536797939037e-30	8.70966950778282e-31	2.9003205894441016e-26	3.47632774171012e-27	6.7033327614327535e-28	2.6191960631465856e-28	1.1893671000028635e-20	1.35983416991379e-28	5.438130405893552e-26	3.3945545722255636e-28	6.45223010292473e-21	0.00021354148065231873	1.4885317958101317e-28
NFWA	0.0031071757612541654	0.4607471512101183	0.2648905929365596	0.25947027027599434	0.001026698536831918	0.16676722273274383	0.0015681337193594244	3.9925498072689315e-05	0.005895999513322095	0.001756780812735327	0.007293013535350647	0.0002845626648232171	0.3316377817343861	0.37172994141837057	0.06262305213526279	0.004015056559118181	0.08634857774579596	0.1429540731878725	0.40593390757573555	0.331254448817216	0.040063789027734574	0.10557761005639826	0.0003134814129191645	0.00017560625961182962	0.19474790204671602	0.003593945483367391	0.000284332808790758	0.0027769223084146925	0.00023425672814252768	0.00031986984192424996	0.3812557569969897	0.43518817893745676	0.3320318341341427	0.7876588019315915	0.00042928686253189646	0.03929454376977467	0.08051393581865629	0.014523732428491552	0.0002612662837937276	0.013800877057577687	0.0003613481075573248	2.404459007052665e-06	0.005105859222436028	0.00035638307678504744	0.0009337454077536067	4.196304496653166e-05	0.09676556354067102	0.04444953108153985	0.0059138524549256655	0.008192920807624897	0.006702392778127153	0.024694458582238496	0.07592226579818954	0.03627079699349133	0.004358396724888196	0.008219795507633798	0.0014510624052106718	1.6826225901387658e-05	0.011024492503610343	0.0003422857932727475	4.2229353386882127e-05	0.0004673611270877244	0.003067907821083099	7.600827152011788e-05	0.034055333018919075	0.07576137633510845	0.0806689155689168	0.32564961548352755	1.016864300715886e-32	1.1209494816619908e-25	1.0613691361213729e-07	7.364807343805481e-24	5.4206660008023924e-33	1.922403018061412e-23	2.348144006643717e-28	5.362991447870703e-32	6.598260831502925e-26	8.704463479547462e-33	4.409128182176355e-28	7.083432697344431e-35	1.568109317112374e-05	3.5883175660089673e-20	4.191691974940075e-11	8.824046235968472e-15	3.1792807565955624e-25	5.364351811092376e-33	6.115489535584462e-18	2.431849993845894e-27	9.874003178647132e-20	3.0748923686789185e-16	1.4600732423900681e-25	5.357281978746875e-28	3.78389413786096e-18	7.5653021232189e-31	1.1657062658806955e-29	7.853744611685473e-28	9.867881797360182e-26	2.46832952792748e-19	1.081578042038158e-21	0.00046356439073538607	1.2810764219504485e-26	8.38487178041843e-19
NFWC	0.0022593778129929958	0.07820689229138642	0.28108802070160477	0.06217449067585612	0.08807016228870727	0.19748340259953923	0.005496963855010041	0.12147958183552833	0.09862819776472025	0.014279528976220184	0.18886644832185953	0.09904333359211716	0.18897562240067983	0.16943934940677308	0.5526618399476523	0.15883786732794727	0.599886415084402	0.3334436711847373	0.0013153090938389635	0.28677298555272634	0.001930113732769633	0.005150103329077491	0.01106245432948859	0.19799748547383333	0.0025351257708267475	0.1437988009727937	0.008413894459258608	0.01233830650598981	0.0014655567879132986	0.002256003288623525	0.30130547728214785	0.1755109663415998	0.34575593054743464	0.7761834862457336	0.00046419626176656827	0.009609395752253294	0.01961634667581509	0.00791092922011145	0.02653836025070235	0.01861064400213596	0.0019540660570685083	0.008384652733124548	0.04003673883700662	0.0032941083239509455	0.016691181612394343	0.008714220371766286	0.022644107094832094	0.01791092178872934	0.06110966618155657	0.011829922849699841	0.10612060406905321	0.09914782968015992	0.002844833731904734	0.02190305293527149	0.00274557906643563	0.001700340918312922	0.002513760118834706	0.07202644567876915	0.0010260716842141711	0.040737394126270476	0.002935699788310425	0.004501626381798214	0.00036228136812100546	0.0008652076678519021	0.0275231654030872	0.04543176415658245	0.034115232170293816	0.2316412927911124	2.9524385660164274e-31	0.0007033000199764392	3.9395786802644787e-19	0.00039691824261580647	0.0007287382146035304	0.00040704832183592843	6.037830716193171e-05	2.7157888355566365e-30	1.0880682690137282e-23	9.532055876230591e-15	0.00028632206064075846	7.913155791762136e-05	1.2101624017328414e-08	8.642777791195497e-30	2.8586821031998526e-05	6.724804781672938e-05	4.669330754220687e-17	7.987003230365182e-23	3.7585059900346304e-28	2.348270104885686e-30	1.8044481682233114e-28	1.8563401355999286e-20	4.598233955043387e-23	0.0004077060712906608	1.3368228593854216e-19	0.0011058042723109	1.408393054006729e-08	2.947306590255803e-05	6.313842016363582e-35	1.9871003905318868e-17	3.07642247987134e-22	0.0010467848574999506	2.461017901515622e-25	2.934188453278383e-22
