location	A.23.1_Lower	AV.1_Lower	AY.4.2_Lower	B.1.1.318_Lower	B.1.1.7_Lower	B.1.351_Lower	B.1.525_Lower	B.1.617.1_Lower	B.1.617.2_Lower	B.1.617.3_Lower	B.1.621_Lower	B.1.623_Lower	BA.1_Lower	BA.2_Lower	BA.2.75_Lower	BA.2.86_Lower	BA.3_Lower	BA.4_Lower	BA.4.6_Lower	BA.5_Lower	BQ.1_Lower	C.36.3_Lower	C.37_Lower	CH.1.1_Lower	EG.5.1_Lower	P.1_Lower	P.2_Lower	P.3_Lower	XBB_Lower	XBB.1.16_Lower	XBB.1.5_Lower	XD_Lower	XE_Lower	undetermined_Lower	A.23.1	AV.1	AY.4.2	B.1.1.318	B.1.1.7	B.1.351	B.1.525	B.1.617.1	B.1.617.2	B.1.617.3	B.1.621	B.1.623	BA.1	BA.2	BA.2.75	BA.2.86	BA.3	BA.4	BA.4.6	BA.5	BQ.1	C.36.3	C.37	CH.1.1	EG.5.1	P.1	P.2	P.3	XBB	XBB.1.16	XBB.1.5	XD	XE	undetermined	A.23.1_Upper	AV.1_Upper	AY.4.2_Upper	B.1.1.318_Upper	B.1.1.7_Upper	B.1.351_Upper	B.1.525_Upper	B.1.617.1_Upper	B.1.617.2_Upper	B.1.617.3_Upper	B.1.621_Upper	B.1.623_Upper	BA.1_Upper	BA.2_Upper	BA.2.75_Upper	BA.2.86_Upper	BA.3_Upper	BA.4_Upper	BA.4.6_Upper	BA.5_Upper	BQ.1_Upper	C.36.3_Upper	C.37_Upper	CH.1.1_Upper	EG.5.1_Upper	P.1_Upper	P.2_Upper	P.3_Upper	XBB_Upper	XBB.1.16_Upper	XBB.1.5_Upper	XD_Upper	XE_Upper	undetermined_Upper
Mixture01	1.0493048438707893e-25	0.0017371633171611351	8.607152506875338e-22	0.0009565739398246163	0.02581545482960432	0.001189634921276004	0.001570241130239977	2.3276938655969217e-18	0.0022569448633303134	0.0011288643791370115	0.0006659650193531132	1.5521170798379862e-18	0.012398201232035357	0.05137790715339991	9.274003329917173e-08	5.824733340994722e-23	2.6497529119343937e-18	0.0654427270751523	4.1101380412507313e-26	0.062016890007051344	2.0583229041182163e-28	1.1409538934978454e-25	5.668289730065573e-27	1.349494770204204e-19	5.88817295696929e-23	0.04119427031670794	3.7649053926328244e-25	0.0005772568462137657	7.203459586771932e-23	1.847491128546824e-16	2.5449842658176544e-28	0.0019181600472816258	0.0010102637472058354	2.433543741515024e-28	0.001499678515646603	0.005415318134163426	0.007255492301582851	0.0044530885531963655	0.02972151662836652	0.013320959461904558	0.005138502224873546	0.011793353636376675	0.023412691990738064	0.009655540466709207	0.007396974972120223	0.0035510629027813035	0.03169477337091954	0.33536451609533935	0.004954185898280243	0.0022992108467062462	0.013911989788721333	0.21039916580171095	0.0012370940549217833	0.11569017229096065	0.0004963465322928718	0.0014992572627117236	0.0017604200821808612	0.0043003370881420575	0.0020965446482452137	0.04695764876688549	0.0007843635659423924	0.006517500304780627	0.002213980493601344	0.002890769922904662	0.00013507878094861953	0.020065891634550144	0.042074085474309034	0.00032097087811903404	0.004652084578961872	0.010955993943552974	0.014978461282357997	0.008917312897554548	0.03808393823265349	0.032210978134319584	0.012607447388506825	0.028234168070136106	0.04453721603090119	0.01900533342704974	0.015415361085434206	0.008506925094839444	0.04372438470197559	0.3911802850836938	0.010517923860342187	0.008629664511557533	0.057953108838892826	0.2632277978914405	0.010579076890570296	0.15074203061488747	0.004189869867757643	0.006375013619260112	0.013629459364437511	0.011184362704602427	0.006901971255073365	0.05323658135999298	0.0023953986505433024	0.014579643706049463	0.006036726870696136	0.006466744209885747	0.0015255018105301108	0.033950206090113254	0.3241886925548383	1.1255351447160758e-11
Mixture02	0.0018887833661620803	0.0034489192574271733	0.006318998519669407	0.00302670001967358	0.11577178729481992	0.005889778283760787	0.0036380351208049485	1.7748023750387596e-21	0.059316732377338394	0.003903588989443923	0.0023219016696188087	0.0029201461981733807	0.061285130773592565	9.225340729219203e-25	0.0030589744396493633	0.0011639584092282742	0.0035504017274530343	1.2878977044542206e-27	1.603308468025173e-11	1.3683560703328603e-18	3.1281932937860366e-29	0.0005060480513378002	6.752248645387942e-24	0.0010528058667428732	0.0021913183040170336	0.048620289046377385	0.0005372875517021194	0.0039641901328544464	2.9250907009971693e-13	0.0035139515189981665	0.0011700007266736456	0.005336436889782554	1.8391883217649681e-22	0.0822173358877643	0.0040430795674905465	0.008776859862755015	0.013931771407246074	0.0074281371473432015	0.13079793324294076	0.029309568072300035	0.007427233666201117	0.010555700837834936	0.10285405686161612	0.009844606179736412	0.008841949079905525	0.0100668178227865	0.08448776534428042	0.0057213675054005285	0.00868186520986274	0.004315211371113002	0.020665382059156086	0.0075626445891597595	0.00455515655001498	0.011285117176370527	0.007381577518447084	0.0030802440108783735	0.001667046998375548	0.012132171288065641	0.006806265896311692	0.05470298479148703	0.0041548845253059465	0.012617133121358506	0.002852073052665818	0.006156657420791457	0.014505256925017584	0.020770954794194694	0.0036652032290978055	0.22755738963154776	0.006108352897091677	0.017151092764506163	0.018568082617312288	0.01808471341531825	0.14434899914165364	0.08569643076689731	0.011558255471341145	0.03724931302187528	0.1579367587046554	0.017494310687968376	0.019358278301722622	0.043834942182154876	0.09612438844655631	0.05822443794429792	0.021248520072317683	0.01015593093623823	0.09562055473877994	0.06607412609075708	0.007902600398279646	0.04014995754444883	0.07683015897615121	0.0075682884962059134	0.006094270727461568	0.0722185702831278	0.008362766830908752	0.06702058721078397	0.012448589430943112	0.04017128783516031	0.005965200148297871	0.009062838223481137	0.12805495884137938	0.08810460221101482	0.0101352736026693	0.34828766294796354
Mixture03	9.228453879951402e-27	4.950354835963306e-14	1.1308590128480018e-24	9.335337202995088e-28	4.8050438132375374e-23	5.017465076097815e-24	1.5097183619039032e-22	7.536883508366209e-27	1.9208496086342807e-26	5.439079695373886e-16	3.63256497256684e-18	8.371169439928214e-23	1.446883522498708e-28	5.4935710832415186e-21	1.7789344250186588e-21	4.111882768678251e-24	1.896613424376801e-23	0.0006279423452344854	8.050794445257493e-28	0.07276157901580606	1.2386122406829193e-28	3.3653038902356384e-28	1.1388908247658969e-30	2.619553708468883e-23	3.4527041076083535e-28	6.320608282690177e-31	3.2104382336784484e-27	7.304190845411561e-23	3.1215143175348672e-24	5.675450462302592e-24	1.1698478733428822e-27	2.34782687007911e-24	0.00039833297145211726	1.2990686127580107e-29	0.0007010049710595735	0.005430459823307519	0.0017758454655567607	0.0012843967525929206	0.0019057559704495574	0.0027785697566835572	0.0024966515730733487	0.003712494147958769	0.0010410409724717587	0.0040031352204865644	0.002909606835544073	0.0023183075151643282	0.0006293811994304789	0.43248026609240703	0.004018143300820287	0.0018265274095156468	0.015106776511790225	0.23005499509165137	0.0006527508592701238	0.19544774436815135	0.0011052795665128826	0.0005866131823875438	0.0024742991202863097	0.018428726335516385	0.00035018829916044254	0.0008495256385935654	0.00027208636454510764	0.0037994741576304497	0.0016668077509149448	0.0020348171830533042	0.00014363330996273413	0.004844967770404666	0.050166521807118274	0.0007974497060785247	0.0030237338837633713	0.012460445472297806	0.013913181635227395	0.005949492245569957	0.006597465493713974	0.01016606202907843	0.006409497139910462	0.012484716577842198	0.006552455443699129	0.011698524472356996	0.007655825634861091	0.008745027040390159	0.003336244802270302	0.558757439663051	0.010307227728447476	0.007412731049647329	0.017132695521987998	0.3165137739678494	0.006442553970710996	0.29538784707256066	0.0038079266073112834	0.004016015120150081	0.003878425709025102	0.2578228460020804	0.004177248471406003	0.003660776480021597	0.002535713876226092	0.009577855602173684	0.006433898931824158	0.00734532768723062	0.0025411610397098943	0.009995910598427322	0.5486125896342863	2.8646623041597336e-07
Mixture04	3.197283575805762e-14	0.0026272763088323295	0.00026435607276470316	0.001975981660180662	0.028532158468760525	0.0030150797738272206	0.003321167747209214	8.235773376836788e-21	3.6970999728139886e-22	1.4327194710623696e-10	0.00227735575648929	0.0016650777191019967	0.10497675124111135	0.10591694614084084	0.0007449864976565692	0.0001632050267418761	0.004024241723138802	4.946846791260301e-24	2.4568760808139493e-27	4.377460516175753e-19	6.760044115182457e-23	1.435140783847878e-20	3.728709812433123e-28	1.7239907507770693e-22	0.0014226948072439069	0.14996167095713198	1.1976967392738344e-22	0.0038111371475501327	5.628477162674146e-21	0.0017894999058628482	2.1952535009297234e-22	0.0025203601081517975	0.0006476924971785027	5.186631996949149e-23	0.0025415704547378983	0.008332891959732844	0.00855188081372773	0.006724983647169708	0.03419311876787004	0.025786682768700123	0.006225484498420374	0.005765705715016414	0.011164563972514498	0.003549319746738322	0.008689650712403614	0.0069057145223926876	0.12204815426015864	0.24365309388583944	0.008353201685007174	0.0034393789556769728	0.05479428460152663	0.007656979461168037	0.004851521345210522	0.009982532712168549	0.006724796507861175	0.0014681121402527735	0.000448745958781278	0.0035847780840860873	0.01013944794811999	0.16321049122651593	0.003695256542279436	0.013638451164319972	0.0031759396394110584	0.005874272329038917	0.009367700133000144	0.028723733451237035	0.02375061479956979	0.1087938268214761	0.006166014489821012	0.014223878048754626	0.019441174749468982	0.013867430470660455	0.04224972683211116	0.0969093104672546	0.011719200613180018	0.016345903479919474	0.17005574606001306	0.007773299928223769	0.017236015325331807	0.013426366919469508	0.14919235227609243	0.40909769382394234	0.019232969692336743	0.010154294201299116	0.14589489985309745	0.05550375063742799	0.010408970829653828	0.050769342815373125	0.04411438963846122	0.004026012345017651	0.001965141136136332	0.015139845080250935	0.029995975749490495	0.17609783525828385	0.009208975289613074	0.03468823175380026	0.009673384860328371	0.00969260312436861	0.05953443609975044	0.16299494886495713	0.15197828692660545	0.2503580393588421
Mixture05	5.544006404555689e-24	0.0009768216939138935	6.417609291365413e-14	3.435390350345799e-20	0.001036558688635191	0.0014598214806835275	0.002048665791163328	7.248769991736013e-10	2.564181181261807e-25	0.0015569233700321752	0.0011081059923808449	2.7323179843997683e-26	4.981488952094476e-25	0.07692731812273294	0.0011886501225730377	7.288737952267256e-05	0.0023553800659950924	0.2191510749856901	5.897143995886838e-25	0.13111060346270417	7.380495395455804e-26	8.573030752289879e-19	3.2518749033045145e-22	3.2673550257419596e-05	0.0017664935983258449	0.00023224948604006978	1.1502399171375748e-31	0.0012511012654581421	4.66754460933045e-26	0.0001924771003797034	1.2124702882293084e-23	0.0023266573272314895	0.0009438102201023691	3.2563027663751874e-22	0.0016492323235422401	0.005651543456918908	0.011185262703606319	0.002462114584187675	0.0036982447603607126	0.008175271445221637	0.005715715946064234	0.007809384894331445	0.003025595191365986	0.00609823598573594	0.006751028959231939	0.002767500221836401	0.0014733362161809872	0.28204882438405277	0.008354266358188972	0.006927605851364538	0.021661633378735345	0.2606563957535736	0.0031053663519334945	0.18219689659937488	0.00275588958344526	0.002555653437548364	0.003563591359228666	0.01564704593746996	0.006139665284916805	0.0036995483654860906	0.0007521891563331436	0.006381183805008572	0.00269609956610426	0.003994351906654833	0.00508607478491143	0.0162139106948827	0.04137926662652038	0.05402382936532082	0.005007549486272687	0.013061195523222203	0.039101268428414715	0.006377479118437328	0.009040657158214824	0.015291048460807812	0.011071753076714463	0.018198736153305445	0.010590271496951237	0.013454274201380253	0.013677015142374856	0.006109580565686291	0.005941945358294076	0.4917628271673736	0.014645230275356937	0.012134973365577596	0.17387115271004688	0.32914278944035275	0.014953866518459752	0.24179269239839668	0.008533176884247425	0.008052255010173332	0.011416962918922227	0.106424618629852	0.012005279953267903	0.008191710871522144	0.0042110805216527955	0.013195780881439361	0.008909935779651488	0.008341737217959517	0.04541168499414671	0.05640256225161273	0.24721648394945317	0.1905152383677468
Mixture06	9.421363828732887e-32	0.002249763964407838	5.979608737197904e-22	0.0013536987007860932	0.03712896077041611	0.003606748238998213	0.003300901517915555	8.308985160923182e-25	0.07193008143737598	0.0024618562841443054	0.0004976166447775513	1.6041555657725843e-05	0.10834714813736954	0.24615151671875968	0.00029211143478542854	3.368801341593853e-11	0.002797641834297044	2.0431354934712734e-25	1.4995879022116637e-29	4.2878102229802466e-24	7.836582064114292e-28	0.00019849992745236687	1.909743567180395e-26	1.6880438827729857e-15	3.403705816368548e-14	0.05783195148795985	2.869449989890186e-25	0.004183936691063776	1.3368623338977824e-30	4.527228109104383e-22	4.880735111721434e-29	0.0023751010867755613	0.001579233675833599	1.3875113938268568e-30	0.0009999220636926602	0.009484945046994753	0.007049073224791789	0.005735476792982907	0.04234744741452811	0.017141000865722327	0.007169919610874057	0.009168890073329545	0.12217670470757178	0.00965106799992484	0.005373139964740571	0.005611934158373572	0.12298474216139117	0.3782730599421833	0.006460943481346067	0.0037363555862940166	0.034288198103806636	0.003510883637819321	0.0019424036483111369	0.00567364864772358	0.002737588042056328	0.00416490433520024	0.004830301129881534	0.0070303976820256945	0.005123695500003833	0.06536314839119876	0.0015315976186964406	0.014119740378278274	0.0018637596746353062	0.002546352885192934	0.0005646657681098475	0.021489950527693244	0.024642458238972723	0.002864235281124629	0.0032077247912448313	0.022406159598554784	0.018122578066780606	0.011524428172780779	0.04879830004534267	0.04694586259296262	0.011357381545062476	0.04618156924796692	0.19010618484452452	0.017536793614916904	0.00985073599114623	0.012826285015374245	0.14198386135085433	0.49980348887289255	0.015876433325435816	0.01102834884278869	0.14625123428134007	0.009715615856781105	0.011451302810609524	0.030827791849574446	0.012073167817088972	0.008695024477937848	0.013851305985665169	0.022081424767305628	0.013687734832227624	0.07287564957356871	0.007395366489342314	0.036693415477733304	0.0061428131254574435	0.005677483262477167	0.002486320363199664	0.12825042908158438	0.15163756226114436	0.03792498335669643
Mixture07	1.1277977924011782e-23	1.840559091193299e-05	7.491971938907978e-29	1.6598319809884762e-21	0.06569767527075526	4.289044186167238e-12	0.0008241934887273381	2.3752456279655546e-21	4.741948394711199e-28	5.080627679740249e-16	7.446425018160696e-14	3.912887548711992e-24	3.917315544359904e-28	0.03811256263440742	2.3640189987727223e-20	6.639182189593176e-29	1.7704853722480183e-22	0.08878514849938401	4.572743848205928e-29	0.026717709893229573	3.6548388729710255e-32	2.427713432902449e-28	1.843798060722719e-27	3.701957869481255e-25	1.0981125600873892e-25	0.07317585694143021	1.7874885617193305e-28	1.0412062769429489e-07	1.1108502230815434e-27	2.9695383951749797e-22	3.978250063847534e-29	3.042565477323808e-21	0.004136009622454311	1.6649048273300466e-29	0.0016099886613185563	0.0051036305779230805	0.002439109597314564	0.0033746925866819225	0.07402054575343998	0.01619095781796365	0.0050433954733726276	0.002234495558851998	0.00041003311877488085	0.004203151168167304	0.0074947534090671055	0.002878917119730898	0.0006138129377112573	0.25491790272459236	0.004482288421518124	0.0010739185193472827	0.006229148757216869	0.24768389036337551	0.0004901462940615142	0.1313472079885184	0.0002407542909537605	0.0007665729453378942	0.0018477299275604056	0.0067235853719733625	0.003684675107215697	0.08120315624513966	0.0011602020382895828	0.010359599960917888	0.0014624938799123724	0.0031115281506304176	8.625649715903765e-05	0.0043526095214566915	0.03913250742502338	5.796036041953033e-06	0.005280421617474414	0.01213505042605729	0.01107640413761418	0.011196686607952448	0.08815024854366994	0.097948477580615	0.01068741220013686	0.011836730597012764	0.0034683877319871418	0.01151838406864851	0.016202845532276373	0.011246561033790724	0.004704493033744954	0.35704965691579255	0.015001820340578856	0.006280471705698459	0.017689173675312052	0.2905228944420676	0.004779146316158704	0.17350382377517273	0.0019193467002519115	0.004291865736763144	0.004352751291394171	0.055168801470924525	0.020323886968748373	0.09142682932067187	0.0056788902336562565	0.029392147959314448	0.006653387738508078	0.009613635407604041	0.00117195285331008	0.014990718274265893	0.25117924670240727	7.076493500375751e-15
Mixture08	1.970281906659508e-28	7.570102042352699e-14	2.0083164279707987e-26	9.057839373400244e-21	2.2586230137739413e-19	8.031550860688845e-23	3.914028148362055e-24	1.10206779695007e-22	1.3773510651967259e-27	2.1646059494821894e-19	3.2346206235744292e-18	1.3078686118441483e-25	0.08055868862563444	0.07193888036938649	3.327366660113244e-21	2.5299185082760928e-26	4.743146388986991e-24	5.612631334458859e-17	2.1630351144137508e-26	0.003476878172636057	1.5542837393263885e-25	1.0118345677958607e-26	8.681888795683703e-28	3.728005362394429e-25	9.794378685810397e-27	6.270539004877001e-27	9.938733174710771e-30	3.0760885068804965e-16	5.53201210804291e-26	1.9911515528351233e-25	8.413758834994498e-28	2.3394703095025035e-19	1.0898591258282626e-22	3.977480591096206e-28	0.0008752786863224946	0.005328536987509454	0.002126834301324781	0.0029874087260384737	0.0020579356261473726	0.003468751498181347	0.0028236168052935577	0.004426010881976711	0.0008225263995147223	0.004328121173551449	0.004642993087685138	0.0019224999723748927	0.1407170465605825	0.42734873843213533	0.0034491418831971367	0.001726280881090554	0.019925112927837017	0.14566707136654206	0.000862628048139264	0.16372275403887998	0.0010377534387128525	0.0006353784188266576	0.0019453713580486376	0.004438484663914407	0.001954020264766632	0.001301660784975433	0.0002466328193671187	0.005482408026075242	0.0009816647095704381	0.0018873451532784558	0.001016605943569909	0.012248421408769116	0.02427273986045886	0.0012642892391945939	0.0038585435807336034	0.017789929658217258	0.012523637557165557	0.008435503610931478	0.007308516570483412	0.010877445540413797	0.007986495014198026	0.016358605294386087	0.006151890625880215	0.010006474906283518	0.01255914534369057	0.006604463330606142	0.15618823161995055	0.4797796402521783	0.012638063118060767	0.006175336743792525	0.1349171236017249	0.2984425424097721	0.008143706870163928	0.29439435140444953	0.010002646223702488	0.004017474536196862	0.006833890633672633	0.015979720238773254	0.011129513797695022	0.0051857864633757375	0.0030263703294777563	0.015675396920664712	0.00530491288739919	0.006908888981045588	0.005801042159350373	0.05364582625959462	0.29175431151414294	0.015978071663992732
Mixture09	7.647676038434863e-31	0.0004711473025812868	0.004065323527403158	5.70793052252197e-30	2.4296702235550638e-23	1.0941619703064317e-20	0.0024533370812201143	9.597834025020389e-28	1.2579481482442282e-28	0.0003206562829128523	7.71911827351609e-19	3.1551421911959725e-20	1.5711532748550512e-14	9.000880848232707e-30	0.0010722487696471043	1.4686579283100844e-06	0.0013525359497804168	3.4481296072916615e-23	1.7395102931746657e-26	2.65281657327882e-21	1.837906535298258e-32	3.1268695940093404e-24	8.508360829530013e-21	1.0251764803322159e-19	0.0009291141980287965	1.9107043654228745e-21	7.682438837210132e-30	1.112180501022797e-29	2.0273949913126983e-19	0.0013358879079179323	1.0941563393221105e-25	0.0023438310100454534	1.5641491879242608e-19	0.3416954726003483	0.0007381151548329712	0.004756076609661575	0.036431936821876565	0.0010159996858616531	0.0021546767368875	0.0041961474097163	0.005815905857977905	0.0028402977820023156	0.0013049085916518894	0.0047989279215228	0.0034172666888108616	0.004946938895698972	0.004502537403128284	0.010263373571749829	0.004883004644159205	0.0075829462391227885	0.005150435526887554	0.008864278140360145	0.011203473384013667	0.011984358643612221	0.016404755532539325	0.001946952952152027	0.0018090035651678951	0.008620847754072508	0.00884196095060744	0.004045784537021493	0.0012666060641702175	0.0021603432795474237	0.0034043277703786935	0.006044282523496084	0.05826395369125636	0.006760902556510556	0.0033094917147818924	0.7381145046618756	0.002963340036820356	0.0109111320498393	0.4368416164751173	0.0031930913263979897	0.0057725173050897595	0.013370768606123108	0.010321763150446467	0.009790481874603178	0.004910830823655944	0.010068250441666135	0.008039479066186997	0.026921667302106343	0.010403340711811123	0.007631533649466516	0.011026331300235047	0.0074618373710983645	0.007794785737286579	0.009515946281216754	0.011712012235670729	0.05759322087688406	0.28607090648232664	0.004695007364991356	0.006007342328989679	0.013067093701711273	0.016516961728123288	0.010568601876178913	0.0035735629144749734	0.009789789650786862	0.007511725534874064	0.010072484567976494	0.4417534891825599	0.013626250978994203	0.00853323122434191	0.897792645167432
Mixture10	9.821824814697565e-28	0.0024235118896301995	8.423905509918383e-22	3.327724438861405e-25	0.0007754132883796684	1.1087859238471616e-13	0.00023882819559461568	4.434464118798632e-21	5.28523492703829e-27	0.0020670228980098227	2.692826469697428e-17	1.9950614128198505e-24	0.19447380547273868	0.2534940426334487	1.3550864106885905e-09	2.1189598502892503e-22	0.0007629671896963639	2.8450361949821733e-27	3.817180879999576e-26	1.4373766405971689e-18	1.9878652419759769e-29	2.9932361578101905e-27	1.4216968429811307e-27	5.919970189637571e-23	5.8969550913479484e-21	5.951600647814792e-13	4.128716691120764e-32	0.0003260104171324923	6.263778904251499e-22	6.550580967782265e-22	7.04033074381016e-27	0.0014475711548356403	3.145614432427239e-32	1.2088529072787034e-28	0.0010252937215511693	0.008757162826412949	0.006024342660377575	0.002975372837229078	0.003369892834063867	0.004585417046786214	0.005864859242541938	0.0046080406115169914	0.001177204699420293	0.005135592366839339	0.004479719486790929	0.0023904470461915857	0.24230509485829166	0.5654802297005577	0.007908386943894473	0.00279598897651641	0.0320924231069624	0.0018308367588006837	0.003816248058413695	0.007184040282958476	0.0011266612738571008	0.0003783518760916191	0.0007225318812106645	0.0016988999261847197	0.0034214238202083438	0.004263759177751313	0.0006653770277919208	0.005549664634567004	0.0024894410131988966	0.0036213548308778503	0.0035095370307822375	0.019238182034169295	0.029353662355088902	0.006784666218038844	0.004698560258629671	0.016883223457096624	0.017670509257999466	0.00829335480224727	0.008165575093869929	0.010673123250466548	0.01106040899394449	0.014592585218415836	0.006928417328169713	0.009247907339491742	0.008651799564403307	0.008440010998888579	0.26439064517636945	0.6588713089039564	0.02183916746258256	0.010201829373262632	0.19966537684622865	0.007811095493161591	0.015636243909334973	0.02833929480365841	0.005058493658420996	0.002526506149976079	0.0029487239827477203	0.007866521242974869	0.010744809598412175	0.009526123473965368	0.004239837259702982	0.013446175997690983	0.00916998711782611	0.007955875823506726	0.011861073355385922	0.11056525744342356	0.33291539301079587	0.039076127901274765
Mixture11	1.6429229855399553e-19	0.0010601770652089943	1.4986420091946414e-23	6.921239511472862e-22	0.0004370783577469216	1.2705280751862464e-05	6.156156406149317e-14	1.3983583346631407e-23	3.433284651875186e-24	3.8465296178731516e-18	6.111779738234999e-07	1.9042123601575742e-23	1.085654382880303e-27	0.8379636054766846	0.0007801725398807599	1.798092824924042e-20	2.160430951786521e-22	6.002780942012059e-26	4.917206042520614e-25	2.058674845379965e-21	1.459229170061856e-26	1.63337689526077e-27	3.6819819675036425e-23	3.9379543516901255e-19	1.5780918644515538e-24	1.272473547665364e-17	2.294944670178848e-28	0.001228065082336865	1.1179921935452107e-24	2.1419611478059027e-23	2.632710927199341e-25	0.0016060208671523691	6.049585463129705e-22	6.59911518651568e-26	0.0018422996387113665	0.004821410943562031	0.004867163218408818	0.002343649768368433	0.0032811364468573316	0.0053730759139158524	0.0053380049734727385	0.0029004115622923367	0.002719020792694994	0.0037256046000851122	0.0041862372076171715	0.0018060972679202095	0.0021346498162149456	0.8619364194466275	0.007374979267626762	0.0037001908869310905	0.008735478726427317	0.002667876829244609	0.0018092345751922001	0.004537363257549047	0.0012541494013148873	0.000810975343783076	0.0041012006374549015	0.004730629579392505	0.0020344409084720578	0.0029039656371840712	0.0004708244650772457	0.007494912522240875	0.00247394159292064	0.0025383715831925964	0.0007726648312602682	0.014828177809319033	0.01557193618931956	0.0006323679124911666	0.003824566715846279	0.008672546904983704	0.011911824244263855	0.006272395372259401	0.008309503936666941	0.010402572386030482	0.009570001058939633	0.011066048242293687	0.011435419315520879	0.009334493790765199	0.008055358527713585	0.006666593396958578	0.009988199702619065	0.9279998265101124	0.015416470249460497	0.0082300819207396	0.0551707383383997	0.009109134770637132	0.008014269294910024	0.017944188039334653	0.004991888624327873	0.0025082775752193133	0.03432708653202465	0.009761290138068042	0.009596252218835553	0.006916131498216776	0.002891143856887226	0.01554469177397508	0.008515809862099193	0.006233774657603044	0.0041698650764865	0.1033527743506657	0.020349259136946553	0.010364319463091019
Mixture12	4.6355161751095384e-30	0.0005697964194163944	1.2875574715438427e-22	1.7558337740984908e-20	2.1978971053607728e-14	7.123710836149028e-19	3.8706320930098997e-22	1.3400681398680584e-20	7.56706944571587e-24	1.6141557100462393e-20	4.411700161119002e-21	2.71326932752738e-24	1.4044684152596378e-26	4.1901845885963296e-29	1.7289802264015188e-18	5.489506412467102e-22	2.279100285674346e-21	3.6698233880588766e-23	9.715372935202519e-24	0.6741919122740461	2.5052783476603728e-27	1.7288485838806462e-25	3.652700206044063e-26	5.64084314667178e-19	1.5279861139930017e-24	3.029039225992916e-22	1.3586254742865481e-25	4.398866927995348e-20	1.766861484005308e-25	3.945215150901892e-21	1.2410256089673498e-26	6.769824610971375e-13	8.972919801314387e-21	2.3071222571488433e-26	0.00021833473181965093	0.006791920101849936	0.0020873869546458256	0.001700301182356308	0.0021380772992063476	0.003770414229142625	0.0025289971094664713	0.002490051027510788	0.001371801996885098	0.0033349071002009133	0.001747721015764198	0.001690542420608441	0.0009543591220396375	0.002884020919764676	0.004683733872366562	0.0013842642071764577	0.010881379337727702	0.022991798281359156	0.0012528371723443843	0.892380592378657	0.0005415189130398399	0.000766728895519113	0.0007590964270214754	0.005325533229640443	0.0009051540322255622	0.0020104233995884764	0.000804973450854346	0.005551096803640064	0.0009083166564063629	0.002393509422561276	0.00015843426054025744	0.006209067570257343	0.0040133095658180335	0.00023131961278886795	0.0019394042717723245	0.015287078648797374	0.008593810051021403	0.005154587039857423	0.0065902908113109355	0.01106932795240053	0.006429679833454405	0.010501635504073436	0.007292696344238924	0.0072225821131111645	0.006389998026462654	0.007212051621851458	0.0038799670571430032	0.00712430983877394	0.014423051936906678	0.007044769787253375	0.023777565661601618	0.21264354579202607	0.008761410558843899	0.9603254992223703	0.006930433807038261	0.0045307565467238185	0.004901861674857764	0.011884933661027256	0.0071243282531647965	0.00798105625655639	0.005349820837959766	0.011148014023522257	0.00409246359408952	0.010416387507772486	0.0009619034008183826	0.01950609136611236	0.009707050455704448	0.002852388109429376
Mixture13	1.8290134010289515e-32	1.9096564429088946e-20	8.203324020321385e-27	1.7324516137796095e-27	2.3936362985024555e-27	1.3892859404562452e-23	9.896352922791353e-24	1.1627807462299739e-23	6.039965135520187e-24	0.00021108233146939061	1.465197461533774e-23	4.370995973115801e-25	1.5264635569406852e-30	1.1431523838327523e-23	1.0461915130747504e-27	7.927156092728313e-27	5.0036951860204105e-24	1.0582186774408324e-13	7.489605144155447e-28	2.4450656691280243e-21	4.979945586983587e-25	5.1326889209363336e-26	1.0436773678931626e-27	9.105119785563817e-26	4.485888539806152e-26	1.8228533305747546e-24	3.93821551329339e-30	3.0771293980596762e-24	1.3776093302483204e-24	1.8863905660213616e-28	6.577966365903522e-28	1.6965024368148068e-26	0.0025386756530190314	6.475448501027961e-28	0.00037503385067554594	0.003934729390191939	0.0031201720739734745	0.0010155667590103304	0.0014311612684405554	0.002301376546202638	0.0018955808255052792	0.003792490542366979	0.005699883154311448	0.004346880868547843	0.0024222701644474763	0.0013589753724681094	0.000587621218860538	0.3250710302128017	0.0032249911933217	0.0011304441293305898	0.009306788826643408	0.4812314921335771	0.0003510971291578368	0.016426988364654112	0.0003394728933073484	0.0006059197257798518	0.00030918511396327357	0.007719617805297408	0.0005700111849920084	0.0013893629547060118	0.00020986583879226836	0.002091072842713001	0.0023031935100305515	0.0006821304845186138	6.088242822612853e-06	0.01042549548300421	0.10028550860775262	0.0026073400193910574	0.0023879834119055945	0.010527537636782403	0.010440762019398466	0.00434166114106721	0.005163172173400547	0.0074624563461031254	0.006323323418041475	0.015938996719412134	0.008135020520978205	0.010091077639074955	0.007016043077153995	0.007237970831376734	0.003382311591363815	0.8678970235590406	0.010947183946574379	0.006452133869145677	0.027391460964555445	0.8954668590525549	0.0036601461317460446	0.06341749901293482	0.005628765324308906	0.004121865136573997	0.0031184272306796082	0.009813849176973265	0.005737222582795997	0.004876644228463096	0.0018041034087181366	0.010105535905981669	0.00790585358843508	0.004305848245695203	3.127032087552041e-11	0.016341428027960528	0.8233118891736685	0.00010402696979586592
Mixture14	1.4432509010736044e-23	0.001233859582456929	0.003059361028611492	1.2058092490076176e-26	0.00034567812595975476	4.160166846831479e-13	0.0020162080780639943	1.7211460251061227e-25	1.3823707319186413e-27	3.839149952947751e-10	3.088322673604809e-23	1.282832209239925e-19	0.0005721269979242853	2.9961880630603937e-32	0.0014965284072686563	0.0010212502578663258	0.0013055920077016045	8.861309799794219e-31	0.0007994867010705785	2.3881636740546895e-21	3.277362832084098e-29	1.7081381602513465e-31	7.1633567672794715e-28	1.1427204678886154e-20	0.0018184106841325634	1.0705123608976296e-12	8.933898237168321e-28	8.808742227868866e-23	6.789018711792079e-17	0.002510673512095055	0.0017508224909596494	0.002671252957970019	3.329846833205688e-11	0.2936034529298012	0.0014887115528248354	0.005136335111588162	0.029832365624074444	0.001985432500174125	0.002469881170004851	0.004222846718756272	0.005022073469791024	0.002771664439477797	0.0011010437309264777	0.003771094332277534	0.002621401259473863	0.003495718388994895	0.004443824198154104	0.004693531534049404	0.004972449049257147	0.009641145017275284	0.009731771235894686	0.01721287758317075	0.007816636420179771	0.008366139586228581	0.022893982069032755	0.0010862684393595306	0.001318316008965614	0.00657841490719089	0.005480656710113099	0.0032981898057540117	0.005551817281805969	0.0031206979153214063	0.0026395333863948765	0.0051262790786728305	0.0652577687463442	0.008021634571661428	0.003863379032928063	0.7324962379538765	0.0038151777563185415	0.011754743309512004	0.4346663978821942	0.005989519851298596	0.00621341216810732	0.01237555625276922	0.00900499118722925	0.00943316847498334	0.0042307719372252275	0.008643459687882394	0.009157946688194874	0.009676851020312089	0.010074700620378083	0.006727981970116182	0.01109065630415161	0.007073541247470689	0.010923381899219072	0.28874606467756875	0.00838245981780226	0.041463638249543515	0.438175647011232	0.0034017081670842998	0.004905392783354834	0.014144710055687675	0.013914128624276868	0.006216436495282796	0.004407708472185814	0.008578547258535947	0.005667933489730066	0.007346254451297732	0.44656163880856264	0.016676718153890706	0.008086031108989578	0.9054141133697082
Mixture15	6.936685962613121e-29	0.0013147087810645127	6.442994322508182e-20	6.291933552408576e-20	0.4252836318215639	3.4578030382273254e-22	0.0001789146764290539	3.159661634626791e-24	6.820112594986279e-28	3.3891462464659826e-18	0.00017606349504368894	1.6835910076387565e-21	4.433200077162163e-19	2.6142533048137496e-27	0.0010241834992888437	4.8362249907335536e-20	2.5556132772029605e-17	4.38525086822467e-25	2.684298345352232e-23	1.7097206228350923e-22	7.741477501448687e-26	7.3881177565457e-25	1.0485499533302135e-25	2.918523308321762e-26	9.972799349538041e-20	1.1716864026808682e-17	8.125033338421961e-27	5.6403261823857305e-15	2.160793914104792e-25	7.599668960455201e-19	1.200546878233125e-24	1.0455435132155351e-14	7.948806475429315e-19	1.1311919501848473e-28	0.0014576344538467915	0.006147709278825461	0.007051471112696391	0.0015161466566089726	0.4497026464955993	0.003561760505353685	0.0041909657180974206	0.003861270825994501	0.0010807822756155534	0.003017128282240383	0.004460692560510975	0.002856856314259312	0.0027042649313550947	0.0003906358136829928	0.005391676635715432	0.003237157589415306	0.00841291215100503	0.003304887352615814	0.0030603139558010523	0.005314890083842157	0.0003894471698963914	0.001290302711533721	0.00040498803351199543	0.002562397446597729	0.00260666761882981	0.0029992361795998534	0.0010975482784271035	0.0043595717179920985	0.0006386093947251734	0.004550170533542929	0.002280701855755436	0.0032321340944377296	0.0018706144542392728	0.001293161022229875	0.0041947760638079866	0.010925198454816243	0.014536799889891806	0.00454153177867948	0.47543973778661297	0.008775757970719004	0.008595698924325101	0.01632524696806848	0.005422722108037756	0.008336672271917412	0.009243769616586692	0.008467994284420582	0.0067347921576173175	0.003017081407133431	0.01075260314121934	0.009544618442240587	0.019104892578804728	0.00924678474875551	0.0103522575625196	0.019895450972739308	0.0027256541647993453	0.004850755749861306	0.0022992541886138803	0.007381925280898189	0.010812341159081343	0.007519729974591157	0.005623855452473326	0.011746704451259173	0.0024237622533394864	0.009436968942353952	0.008238776307199863	0.010746477856977549	0.005425881169751481	0.013209589934615532
Mixture16	1.5865030977269948e-24	4.828493903815802e-09	7.330268886851547e-20	1.1830732669212237e-26	7.897724791477036e-18	1.357196486346549e-21	0.0002061426995588397	1.8751937719883446e-26	7.350515490867661e-25	2.991702526966803e-05	6.74445550447204e-19	3.7650740552253426e-24	1.5273995552244165e-22	3.5071127045727965e-28	5.384941141119455e-16	1.8632286863889646e-21	2.0263732024668902e-17	3.5458475425515363e-25	1.3758269218937042e-22	1.355907681114568e-21	7.964729145629225e-25	2.5709701772257905e-27	5.155305788564408e-28	1.2688623928888276e-23	4.0346731617321323e-20	0.9053006458607198	8.042927768323832e-26	4.0767197068632055e-24	1.2092514685394499e-23	0.0003050384013954301	1.1440516774860185e-24	2.2509820038146698e-09	1.9855807183971572e-11	5.736912307910444e-26	0.00040430321324416783	0.003408835888990606	0.006228763759376981	0.0006354284229719766	0.001045078456477807	0.0022172451007473103	0.0036852755623729945	0.0010683122533005414	0.0011211932710102433	0.00345197321455093	0.0026879013106782816	0.000812404471601038	0.00142757121122038	0.0005421586937025613	0.0034650114339835956	0.0016654282021615083	0.0035104594465430283	0.0024191889769569603	0.0011252353543911794	0.002866001499096255	0.0001700221898467076	0.00023929376128967574	0.00040442152696410855	0.0014565926993891762	0.002498536287340031	0.9325404339545844	0.00046082894728964266	0.0028889999347938965	0.0017569773927217042	0.005127155065163503	0.0003379967822878095	0.003845721696560262	0.0033405087661266424	9.966279578622752e-05	0.002161237396945494	0.008370546825575679	0.017582337956954908	0.0030563511821354626	0.0028533074174986644	0.007078724091020801	0.0076731575293291845	0.0051992067069512446	0.005416728110001573	0.00815888472512428	0.006438994762219751	0.005166983479869742	0.004493454173904354	0.004848847891495852	0.008291025900800759	0.007303692953930104	0.008337104083292395	0.008984555768049055	0.0061278666311662695	0.010050586480717588	0.0016869808515203514	0.0018712101266552474	0.0022108695651231083	0.007780634698650792	0.00944806948172479	0.9528598250896502	0.0037335923985737807	0.014603034702916882	0.004654656289900806	0.009001927723011938	0.002301471141680007	0.009205703577068675	0.007033798374123662	1.388022962184829e-07
Mixture17	3.3896366458254706e-22	0.0022845764321467537	0.0025569448900706073	8.770120850944909e-19	2.72005009468568e-26	0.002837638011781678	0.004008779871582226	1.3349486630741848e-25	6.147293394824763e-30	0.0006404640284006807	0.0004572371242843845	0.0002612202482614731	1.4242569596022567e-16	3.944213639416285e-26	0.001315865130125902	0.000167698084273164	0.0037687086199085706	2.4874547418142183e-28	2.128401895366687e-07	9.757583425972602e-20	5.785983548095975e-30	3.9143170646540134e-13	2.2651391079874127e-27	1.844018191120103e-27	2.7013971646696954e-14	0.0011848313852825003	0.00026652679686963696	3.196557172556051e-05	3.6650139067862894e-21	0.0010592219833835557	2.618475976706525e-21	0.001975826777451092	1.149083496324682e-15	4.446237826392022e-21	0.0021103542144821665	0.0058872880032518286	0.013175942754794091	0.0023410422017830367	0.002312741898773476	0.15144147798505928	0.007892458307470407	0.005221403158191814	0.0007610080259886275	0.004053328645447652	0.007190510368534201	0.013744418854446692	0.0035224572257825633	0.001287632210463778	0.006893274864302618	0.010085635307536856	0.007995234835482036	0.012036228818309711	0.005631124565604764	0.0107027856699941	0.010894825393571514	0.0017956862166959861	0.00046215504283255164	0.003732074476498134	0.005948659168700716	0.0048155457409561255	0.02554968382223915	0.00658201009023372	0.0026784428634557657	0.0050478333122026065	0.03813021540342713	0.005647491158611525	0.0034881285591443095	0.6086281589369577	0.006147291765174056	0.0125281591889535	0.014089597040548893	0.0073886963248042	0.005677744102760388	0.8818595379713364	0.012371773193283147	0.015859657852625393	0.005942641139173721	0.008666700902190525	0.014679310235614343	0.013631684977678827	0.010103793264518143	0.0053158797405677615	0.015976721038772738	0.010270672850112997	0.014328784441410326	0.015381030043930329	0.014320265074181743	0.05583512286247397	0.0077260219768675135	0.0036694711453207547	0.0019280934839193257	0.010915057388466503	0.01667773242505467	0.008767360808175705	0.301649372538438	0.012889903322417682	0.007047946413240034	0.009430288226357974	0.4227562156820508	0.01394135261753754	0.009285092604313467	0.8811248003375586
Mixture18	7.469761353046194e-29	0.00031633498181812836	2.838090730475873e-22	5.016306106417064e-31	3.057428457219128e-16	1.444019423356641e-22	1.4661478354785398e-05	1.255910899333621e-28	0.8759288492969596	0.0020233944242024487	5.006660130693952e-19	4.45400522926546e-22	7.680025057630836e-23	2.5510381636634357e-26	1.2458460904823264e-11	3.908049335110955e-21	1.8484485246798575e-20	4.640181989406846e-25	2.831255204367694e-23	5.119975508721363e-24	3.5013946694419144e-25	3.1443861705005484e-26	1.9297118616034526e-25	3.715691501708166e-19	5.5968866103273595e-22	1.0857485618965994e-17	5.34989988312413e-25	2.0198512270951452e-22	2.2452677277265164e-20	4.1059034502510874e-21	2.9715726269168584e-23	1.1271233738207103e-05	3.279579974012229e-22	8.000080318224071e-26	0.00020645040340073456	0.00350505892390338	0.0034383849623610585	0.0007939989148727012	0.0011550487331691657	0.00150864143544215	0.004208449902090349	0.010837599686629916	0.9145841853477402	0.010251977322647566	0.0022015473281010106	0.0009195858947193033	0.0013456588134407906	0.00017659738892216746	0.004918085297833389	0.0009971459637828312	0.0039599973710977305	0.0015944451784851955	0.001875174611488477	0.0047414371997320124	0.00031858129331652327	0.0011131713464924916	0.0013863057882406605	0.004879833887410768	0.0020626466060710146	0.0017673000822514627	0.00014103628458342972	0.0008237702920113525	0.0020771512973672707	0.002525025241208233	0.0017386175710061567	0.004469351421682406	0.0023226894750981056	2.307953449516553e-13	0.0020485065026487727	0.007574598587638144	0.017659842681367294	0.0030924287512889424	0.003689624399642202	0.005520104660518742	0.006834740486821763	0.011225152703230303	0.9517549086936268	0.022656452072790538	0.007029976986789562	0.0034759527136119894	0.004544956538873052	0.002130286663348577	0.010560091106984216	0.003992333389864908	0.00983653058186821	0.007399986008197877	0.010007380932554847	0.019100551276541932	0.003054759486520778	0.005169305844029502	0.007827324871546365	0.013860779623660094	0.007126980323169068	0.005528745933587904	0.0019286698559864346	0.003983610977424964	0.005347727912269779	0.0070330891818235815	0.011066767613612118	0.01116694387590753	0.006887246440619246	7.567635202878995e-13
Mixture19	6.606413233517187e-32	0.0025496114844449865	2.4338883032434965e-20	1.6958122242543728e-22	0.000985081288353769	3.49668882762439e-15	0.00013512787884892595	2.6330639416331927e-22	3.2078233133781512e-27	3.5047469205490524e-23	9.2773801675801e-19	3.286622486624937e-22	1.6931221968523113e-25	0.03905199189419397	0.0008068139883922281	8.372641604690298e-15	1.1432041250974136e-15	6.953785482827138e-27	1.2326850210645225e-23	5.561633302132559e-22	8.954689295378679e-25	1.4845062218673333e-30	1.0352522723100682e-25	3.241757076695447e-24	2.4489717437079987e-22	0.00011612576702011596	1.097559123044636e-28	0.0009498759087975471	7.557542423889385e-25	6.174661813979381e-19	4.601280579995368e-25	0.001615805664546692	2.9906253625177366e-12	2.9686408511143854e-25	0.0009429040463472982	0.009309206203235429	0.008439067657599525	0.002298200411073348	0.0036932112783324704	0.005978846485845822	0.0046371517117649195	0.0051604483334231465	0.0011798285585711782	0.003936393289836366	0.004305893341900322	0.002128639555064218	0.0026000863633721637	0.785134355476874	0.014138361911833437	0.00253422517649707	0.007438223378413541	0.00045808117135826573	0.002236192400027562	0.007957977305791402	0.0008556756986051116	0.0004934257917511387	0.0014328976288573267	0.0014648613879476061	0.0022272393375358294	0.0028534989532996253	0.0010646538388274871	0.0059629196542382	0.0006247686521950524	0.003851283154537731	0.0014732435503852124	0.01358883143713462	0.0842103784796431	0.0016958170995479572	0.0032911445988851196	0.01766618157979032	0.020586729432643842	0.0072053466693911	0.008579714399628994	0.01315967345742609	0.009082536908392343	0.015427973395312712	0.006469084096210572	0.007873463291005729	0.012883692648606998	0.008090737641100866	0.0067586269617659405	0.9008329346785529	0.016016374085813512	0.006909286118054645	0.04604013591446398	0.004799123445647448	0.008431691732341217	0.03932313914942555	0.004381175866277799	0.002245253431873224	0.005533267315206897	0.008753505085503245	0.007360415564697766	0.00717245034573123	0.005189104394587684	0.019181004254279904	0.003907273536235307	0.009422821318108324	0.005395550335518548	0.04079590323972389	0.8187268073339521	0.019650955229821583
Mixture20	8.964152809473883e-26	1.1948577878211498e-05	7.299882354948348e-21	1.345623874198337e-14	0.0009862085847264633	2.9947400945574213e-23	0.00034340299549709934	2.0775594764136138e-24	1.438936341601355e-27	2.579813702893179e-25	0.0014267152707950089	1.2872171589120728e-23	0.8248401554897468	2.0123282859886507e-26	3.110024652808285e-20	8.30364108116292e-20	3.2422728748470765e-22	5.1259544224662906e-24	9.349807450637917e-23	5.4435223884688345e-24	1.9390937630437258e-22	1.0627647745807232e-27	2.4807753376799542e-29	7.63825893439998e-27	1.6391926869048311e-25	6.7755361203322536e-21	4.0044201585508305e-28	1.0504715165751821e-20	2.390442404725727e-21	1.8987706282931318e-26	1.8516196169791752e-24	2.255099665772158e-13	3.784260959564787e-24	7.079338904433621e-26	0.0006646752476883568	0.005027865971933738	0.00511652992629534	0.0033260288302363905	0.003778276490027353	0.00398960548006519	0.003995116830977023	0.002757016159716236	0.0030091939796868983	0.0026108303340509516	0.005951559926767098	0.0023861833984303716	0.8945074898534534	0.01205465837053942	0.005007029447892425	0.0017772316939419744	0.004371739391046894	0.0021138771709682523	0.003142825240832521	0.0009545600367110872	0.0005001288269006606	0.0002947050899131188	0.00031547587191648385	0.0010022523525580597	0.0017597240673886032	0.002919550919124526	0.00036190134284764326	0.004557710135693916	0.002084098432349531	0.001633897387344694	0.0006990023227259037	0.01107154043937984	0.0024794425405430167	2.5692902580627214e-14	0.002801864165149235	0.010823163990466891	0.021066261508268274	0.007986716947161283	0.007568046670057399	0.01118137770787465	0.008340006213271928	0.01140132821609819	0.0123083737971414	0.007794538801690548	0.011167011065533252	0.0070134836386800264	0.9378826154583368	0.09094648029338893	0.01269482679264912	0.0054274054289107955	0.015570037970105784	0.007290720537171773	0.011110915951867016	0.005968626291411139	0.0027922421748930288	0.0018687919719437038	0.002295447396494767	0.005667755484873548	0.005790702550607588	0.010516969069817536	0.0026100198357087104	0.013361932159965968	0.006118447524361484	0.0038516353439220752	0.005506767477033287	0.04818184041357253	0.008280835195120038	4.435052659166749e-14
Mixture21	5.923944471108627e-31	0.003316184218536418	0.005266956489204559	7.4797440733497065e-25	1.3486229850939195e-09	4.055170594699863e-18	0.0022767372878715083	2.9617262076789985e-31	8.308993705879349e-30	0.0007456269961432833	1.72599523662667e-24	2.0647133305495465e-19	0.0011106490090914166	6.465994581291983e-31	0.0029767375580256024	0.0012839206398105277	0.0006613124093797541	8.949024024608117e-27	0.00043400208304046644	3.458259430095002e-21	7.060496914410112e-29	7.357962631060889e-28	5.421739509203563e-24	4.431082478452778e-24	0.0026134522955084767	3.1528367948781677e-19	2.374908076396586e-23	2.7871764914331138e-25	4.942452686075571e-26	0.0016411956096708657	0.0027952663064425534	0.0018832690932252916	2.7669716233611406e-17	0.20752589088113277	0.0010651216554740058	0.006406833314772862	0.01746615780579862	0.0018539524521412418	0.001504303004809533	0.003909217766708925	0.0059030848512114775	0.0019832577642134143	0.001152267343307234	0.004321967608277035	0.00253728161273131	0.0026550192916235216	0.004522600786498318	0.0018879094805793976	0.0158206474227003	0.021715696799863505	0.013699367125407242	0.014136330959451668	0.01903179792575269	0.018605546092914628	0.01987559745083859	0.0017122825044224009	0.001645239592510671	0.0033985317514664114	0.006571665135925147	0.002833413978287749	0.005774250545005062	0.001724821484711131	0.0014633451307180761	0.00431534408569326	0.07268112263897293	0.0074024198605576914	0.004007506234507916	0.7049117955373364	0.0031863930691074646	0.010017312155482846	0.016265744518254188	0.005853982326852146	0.002888188378701561	0.00896024013320629	0.010144207699136761	0.007614718776927416	0.005604643003990423	0.009928152589743097	0.007166236304118402	0.008097375616540984	0.011043273166370856	0.007175750668963249	0.01506394430116473	0.2629902685682254	0.011726319931571976	0.12441329684689892	0.26540672533820336	0.0533389463361917	0.4302222305302306	0.005783485275921765	0.005333739562192873	0.010209854697622629	0.013108775619912904	0.0071207548123907016	0.004996010636294614	0.006252975494582347	0.0030069003934505524	0.007133751506364781	0.44932851402870133	0.016764063232460928	0.008954875369440337	0.8958741446183687
Mixture22	2.5483880961062507e-23	0.002054163731409528	7.453020719130056e-19	6.71081311317898e-13	0.0012827720401955998	7.799108896599063e-17	0.0006711945029377897	1.6526283099871024e-20	8.902237993839083e-25	6.555214097789221e-05	0.0012535944784246014	4.5250994728374685e-18	3.702280283851668e-24	0.029545639837033132	0.0019434031879748516	3.372569835941716e-11	4.347716410368627e-19	3.566545190605217e-25	1.034607876395897e-21	6.820161871641281e-25	1.3985718326263308e-24	1.4288391213880655e-22	8.087343131884802e-27	1.5736335325389628e-19	4.8102697380927045e-17	0.0004326406401449989	8.689168144330359e-25	0.001916899330471344	1.301158722393272e-17	6.2221512022363715e-06	1.4541541259641736e-25	0.0015947956252691188	1.138976034889408e-22	1.3540215407503552e-25	0.0011869040228004286	0.007342519482091598	0.007333195126303576	0.0039322104413317925	0.0037148189599605923	0.0038901406237671216	0.004604458402455005	0.005393258942375262	0.002896078450227677	0.004671479864496238	0.005493975743714812	0.003996698865651594	0.0016568193790382517	0.8249053882787929	0.007194279298087749	0.003701732863997426	0.006733343462066201	0.003278828079113813	0.005169384640418769	0.004704595696405163	0.001138788229407903	0.00099987317417686	0.002804451649320101	0.0036596335670263922	0.004638361528986292	0.0035878520516185934	0.0009327344395627701	0.006721959978198695	0.0027580186590567394	0.003528275705137967	0.0006600551443079223	0.007354902984463343	0.042450947743834934	0.003249215561844967	0.003790368779694684	0.01757736570175071	0.011516848766359679	0.007525045733642731	0.007217167190185841	0.010967091461939915	0.009418770547199478	0.011749685092297913	0.01197076044947598	0.010611988946028186	0.01152704700625533	0.011324013348741857	0.006009383021668566	0.8990082194020239	0.016365563197070228	0.009707320315719251	0.0286761016022202	0.009891964610881774	0.014618219530704584	0.0262021858299848	0.0052141027572977	0.0031265290875502416	0.035017041596592045	0.007911468734186496	0.012018421502713754	0.006772047527184382	0.005551933231068027	0.012799952987601958	0.0068464501825582615	0.006991484440391017	0.0032266039112551783	0.017648961091827835	0.8264132220858957	0.029299648507341472
Mixture23	1.0229924194425638e-27	0.00011267190497355821	1.556984408250844e-22	9.367771981820422e-15	0.0006556801135674205	2.2881812267705626e-22	0.0007713167358640961	1.9161512637678903e-21	1.1503366745145902e-23	0.0018838065966955942	0.0008634146995499647	5.673308299872624e-17	1.9306692528849424e-23	0.3236525297627214	0.0011325043611079158	8.36072216916682e-05	8.33010635901347e-23	2.1791535825783803e-28	1.236945473400273e-27	3.693409554933857e-21	2.0363412528680762e-26	6.763360390167237e-28	8.029810104755682e-23	8.412681360199064e-08	1.183277895949866e-24	2.4439309833142756e-27	1.1308591259409433e-27	0.0004999494952575423	8.948758631244042e-24	1.4423495455121764e-19	3.0585726197537854e-23	0.0009018177040872068	7.884885463105683e-22	1.1891699167918278e-28	0.0012731932486870824	0.005181063674697031	0.005931333952955753	0.003103543791838355	0.0029395527483088222	0.0043910207516569015	0.004668139555076503	0.005283929935688678	0.0014906824033653788	0.005772903980591358	0.005228874756121748	0.003938935150503744	0.0032108010794772435	0.8113309350800852	0.006571335742757804	0.0037362776747026155	0.008263004086510296	0.0023437628074397883	0.0016509846701325264	0.005893608688708597	0.000698166692742731	0.0007161260221995168	0.005997243393409107	0.006957573697575513	0.0046995549142975195	0.002988524136029553	0.0011395209857578193	0.005028825358465737	0.0029851644250793613	0.003927006321498802	0.0017549073275236907	0.016664673572765024	0.046336410885615485	0.004962865739425876	0.004124886157876182	0.012342714535109345	0.011437693458506593	0.006128998647361872	0.0071232094147029796	0.010057639767225025	0.009907689974359018	0.015655856094394988	0.007717791726326959	0.012171096246464133	0.011226850617785212	0.007816507655946882	0.010251161906523186	0.9275404441893466	0.012529624557109546	0.012651865231366992	0.026329870228286145	0.010134975104901321	0.010295729671974757	0.015926156525712967	0.0038999860947788595	0.004149168746938694	0.04170033381253286	0.013566436953370814	0.014742104703579065	0.00810127419120569	0.0046767254971109	0.012358069303846966	0.008785744647213883	0.007364191525520521	0.0036124141131377028	0.057737818580177035	0.5524859974015692	0.037704660792973875
Mixture24	1.5220811732595583e-26	1.604544673594215e-17	5.880149175970823e-24	4.6502199882587165e-22	0.00023925955405989532	1.813200200557529e-21	6.744517679519926e-13	3.95712871141213e-24	3.230871390827081e-28	1.2707091086606416e-21	1.2118613983879087e-24	1.21339930271282e-22	1.9741708678680682e-27	5.9356815843331165e-30	2.0796961466829747e-08	2.700307481141781e-22	1.1674242238675948e-20	4.472729558337719e-27	6.407337044398656e-26	0.6203787593949567	4.2112582904762046e-29	3.759158732183575e-26	2.9835430801912126e-25	7.138656918323328e-20	3.0857806212192263e-23	1.9030419939379102e-20	3.552245671601822e-27	6.5985220791582106e-18	8.930002631497922e-26	9.239516120943637e-23	1.6260680844025974e-25	1.161138659029954e-16	5.5876096289249795e-19	6.044096349660758e-26	0.00021591815295939214	0.0033663900296037347	0.0006192889500918165	0.0014676175209294173	0.0018635578483102199	0.002020235684798752	0.0028757335004877347	0.0023588073617238467	0.0013434849939453458	0.0025228677529750766	0.0009231354293796751	0.0021274232371557224	0.0004725095840535812	0.01319811109504412	0.007152077797574541	0.0015051661229810345	0.005052660007705265	0.002193750004474292	0.0003322557469189245	0.9227965320123583	0.00016763396236926993	0.0007171237768216139	0.0005803571508188581	0.0032166640329877793	0.0005173169388571417	0.0020014984217791103	9.528647177834623e-05	0.003484535734102361	0.0005594547543807845	0.0015598265325904353	0.0003044955467872768	0.0031954152196920736	0.003399688226653504	0.003929622548600437	0.0014514504541245652	0.007545720384497135	0.005080898445176032	0.004842880281688864	0.004689813437238881	0.005621283658283327	0.006152044649114609	0.010481186656119443	0.008791892562085232	0.007330077826849583	0.004930294713911536	0.00779400437773033	0.003462914254783033	0.00598108385681204	0.017242442586384438	0.006839320235699548	0.01794733014567538	0.009263326231524427	0.0037942958004423513	0.961664039481236	0.0018487462668318108	0.00412654124026053	0.003939791226566761	0.012912419365767838	0.005343825851462849	0.0065268795271516515	0.001087897652244032	0.012868236483200136	0.0038538398881075697	0.005989504213753826	0.0029035856871908352	0.016537397179259013	0.00907795404380168	1.783561308609175e-14
Mixture25	4.085488042505599e-29	1.765835290125925e-08	7.9196253198678035e-22	4.0660689928432203e-23	4.0587278321685744e-14	9.510392845715346e-25	3.9013671748074826e-16	2.3742332697402473e-26	3.1854321696116117e-27	2.0076004538905602e-18	4.626743747016966e-19	9.93681182916466e-25	9.817160137395921e-30	4.4837148304789577e-29	8.296119399714239e-16	6.699545313636722e-23	2.89091234595205e-20	1.3133612035190732e-23	3.0507076292596057e-26	0.007408756368283303	1.0639122063398821e-27	1.2319004413945212e-24	6.999179279135676e-26	3.1746752057913097e-21	5.331364015435494e-25	5.1265513881031346e-21	5.348911822480543e-29	1.2614531977958775e-17	5.2420999812233614e-24	1.0841118072553948e-20	1.948940610699643e-27	2.981060234315803e-11	1.6601252146046772e-22	2.803900271514881e-27	0.0006501587127171117	0.0042571715735978816	0.0024849644622301475	0.0017139698666872752	0.0021740582669866424	0.002219468024428662	0.0026508047597569935	0.0020504366373266573	0.0011631291075458923	0.0043672365424993545	0.002269607806475272	0.0020099289625709386	0.0005591958769710438	0.029075032489965662	0.003830725605209614	0.0019137221337601157	0.02552782499941045	0.03420710597184272	0.0011067395588262024	0.8151117868291837	0.002357738406981363	0.000998868221829433	0.0004726744177625699	0.008479341075019488	0.0004684022155705408	0.002466487128858316	0.00044194289822887286	0.004403035511421552	0.000936121478835406	0.002536034208139266	0.00251682021074888	0.005808299522828817	0.007670560290133667	0.018926547958662786	0.0028773020572556473	0.010932609580121901	0.010509515127421537	0.005178697563824523	0.006330334188479043	0.00680383884913708	0.006168874001438597	0.007877925827254485	0.010658410214634591	0.00968412344364497	0.006615272942492326	0.008508770905483156	0.0043121630142215735	0.5227092461171235	0.014694671383973032	0.007622546909188461	0.2725167389116959	0.42577288628553517	0.00976301040665353	0.9693139092412875	0.004885631979205251	0.004136794341218829	0.003487025962957523	0.015522749230578541	0.004919749208126984	0.009063216470204399	0.003444644436680945	0.013686286622803141	0.00443552159339842	0.007276837255290021	0.0007650801407374549	0.015662975382753425	0.009620495214687682	0.22723637057122842
Mixture26	1.67216861860927e-29	4.1891525722757625e-23	5.797647498879669e-26	1.4172827634161501e-25	6.986874184449815e-24	1.2957610687863787e-23	1.3551649014964474e-21	6.436049331081629e-26	1.5797079886850347e-25	1.2604234994278904e-16	3.515344301654623e-23	2.3212300064443764e-26	5.243364817631663e-31	1.132698700661273e-20	1.9742465780580406e-19	2.5030511347928727e-27	1.3345965194476776e-24	7.535143541586564e-20	1.3103510154945399e-30	2.906257891313779e-25	6.302907270566171e-29	1.2274025776844043e-25	3.3942896041919275e-27	3.153374651819698e-26	6.551093976610192e-30	1.3020648638056786e-27	1.0509091347908816e-27	1.2389113320451156e-22	4.14596980978261e-27	1.1434479891187794e-24	1.919457122642916e-29	2.576961438351561e-24	0.001192979641295161	1.8148671512127305e-28	0.00024838920551984453	0.0031433313617020547	0.001412698294736866	0.0008911908058349012	0.0019457188314650098	0.002322273831639755	0.002773800206485344	0.0011596374601936768	0.0006282258972857098	0.004315377007543695	0.0024560470233972323	0.0008469660835836472	0.0003076573928425893	0.36181854192860435	0.00430627323188976	0.0008755106289309925	0.0029757990610206684	0.4737138152235232	0.00037703726899921666	0.008195821322623913	0.0003105594306074022	0.0013877239936593985	0.00036526570541798545	0.004799542794587373	0.00045279405421853506	0.000773901779055346	0.00019699004219186228	0.003060567099245594	0.0009907748343092808	0.0016229151499821612	2.387985887972215e-11	0.0033060077327584383	0.10607312644964152	1.1157900872384856e-11	0.00213439563870909	0.007210331659823924	0.008836002051078483	0.0034055318517641985	0.006332535044444225	0.006464529780697271	0.006736395508446446	0.007377472495165294	0.00611931873922331	0.012340117953900213	0.006495380600554943	0.005625989763972044	0.002766891203806763	0.8632618525400865	0.01085670934945436	0.005391241654541191	0.019720126625556042	0.9132559143283268	0.006059139153571407	0.052064253974541966	0.0035566496069506116	0.005436047701677016	0.002733968714266703	0.021157768549394017	0.005332597442424771	0.0037374572643681238	0.0017493114100707295	0.00938771313710877	0.0054391073213331765	0.006654747636752216	2.600409563690739e-12	0.01594432745534802	0.8373018516772169	3.5243689029400065e-14
Mixture27	2.0006711451145289e-32	4.844123031810169e-05	2.0494675075478406e-24	1.2743337015548535e-27	3.975084617840365e-23	4.765291928891739e-22	3.3445598891540517e-21	1.2600600443509724e-21	5.547890861233378e-24	8.243175137397984e-12	5.952543422108521e-17	4.435304818119707e-24	2.9813694933859616e-28	6.20491981902897e-20	2.7059353966578626e-21	2.924328304772475e-28	2.363813738734289e-22	3.0678542216676873e-21	2.0547652337220143e-27	2.357105059011074e-23	2.813691469916871e-25	1.4698010723389077e-26	8.68875966142062e-26	3.3211751079631264e-24	2.580601531092023e-25	9.682346944270157e-30	5.343008256083752e-27	7.37584529289842e-21	4.30510618096714e-23	1.544485714513065e-24	1.0433775748077894e-25	3.920828999645601e-23	2.3086389902863e-08	2.3866131940289024e-27	0.0001248255677728744	0.004588754907781842	0.0013759489322243562	0.0007885525721640081	0.0018306777744164853	0.0033753205870768136	0.0024088748004448797	0.004416414656534654	0.0009588763344642302	0.0033395467552284706	0.003516062686169175	0.0016230688940849821	0.0004066265366035455	0.32355795268018056	0.003117062585402997	0.00071819342694773	0.016248354119922905	0.5235878403866427	0.0004036907714632273	0.011075280084902321	3.434604891362426e-05	0.0002874694772191323	0.0006599965003864208	0.002196437991119555	0.0005763872766375334	0.0011366096733724995	4.8579451197965576e-05	0.004036059936606555	0.0016546415090128385	0.001260827438950681	8.311679932965178e-05	0.009234168560141077	0.06949875650226671	4.795427987775097e-16	0.0012738916040580725	0.011541685095935112	0.008322577627412179	0.0038890766868202565	0.005394682182194413	0.009699828142875531	0.007214371487733105	0.019448154794492082	0.003143957675815602	0.01108310652253629	0.008809016728850011	0.0076579565875405245	0.0031044419329230785	0.8675444672262844	0.009058215523819461	0.005050916751978675	0.10664635614116263	0.8983217883909692	0.0029640155036295495	0.04550521179730592	0.0005171928770482705	0.0040994073874702905	0.004637178505942365	0.010529383869605025	0.0051514809378221125	0.004463693300850655	0.0010017488600829413	0.014321501296167495	0.00679295631291045	0.005917817532271471	0.0010809556189545692	0.01878310990207936	0.8350270735795026	4.448484661348424e-15
Mixture28	1.0335655758128392e-18	0.001395058001655875	1.2903917435147817e-19	1.1527019445270211e-18	0.0005509663412357858	1.7405871342692425e-19	0.0018521205809125412	4.768236956713717e-24	2.794655794898501e-29	3.5097085824531484e-13	0.0005128575778174881	3.3357263426468884e-21	4.171075774145163e-27	0.2951749704231081	1.1275124601393598e-09	1.1775758703640059e-17	2.2780992068464195e-05	6.012491500074118e-23	1.093134700976834e-25	2.0633267049575926e-25	9.240098641129912e-25	1.2084241503827742e-28	3.580222088843282e-25	6.795008881156308e-25	2.731754373941316e-24	0.0011935842163287701	2.4750644327845568e-26	2.8796792344819668e-21	6.902547014252782e-21	1.5888798127706601e-19	1.1939974405615434e-26	0.00025373636882632073	3.0515436063275473e-05	5.961911961199365e-26	0.0014518970775575903	0.0071436480821896065	0.008862175619538748	0.0034332246698170277	0.003307266047847969	0.003904947253857629	0.0060732094618191935	0.003897706476805717	0.0026458332589160993	0.004729547292199279	0.004950349554529293	0.0031559370550898512	0.0014431149134200064	0.8360223574745307	0.006056135063482407	0.003652359546779252	0.006684820157662739	0.003914264893713244	0.0012003082182682045	0.005452088166122216	0.0013795329508148263	0.0003954880168817305	0.000857428944637887	0.0017228840314229433	0.002603250111499159	0.004369611053791374	0.0003932971907143088	0.004718303003411737	0.00415713710716133	0.0029731735766497457	2.9036845100787683e-06	0.013675106715510149	0.0412482938659568	0.00021513341504323874	0.004147666855411597	0.014742538645409742	0.01733732183117358	0.00821479797128585	0.008817034614744236	0.010678116668310554	0.009504903506461831	0.011956472810394091	0.010360705087760705	0.010476973979782749	0.009561469056806635	0.007012482043561439	0.0039480010306254115	0.9157614934198838	0.011997597753406555	0.00972518514824749	0.01844185636976125	0.010178210881565324	0.0072057413420255935	0.0379738420561139	0.006130082864124145	0.0021020781322421893	0.0026428218595216553	0.008806969562953182	0.010300436489644122	0.010828748414640094	0.004339182965112886	0.011249548284096153	0.00856047548144854	0.007013152051635546	3.480857937892878e-05	0.021833846649534073	0.48937960892402244	3.097992892037091e-11
Mixture29	7.489906479821075e-24	9.267691706045843e-15	1.2550322266768904e-26	4.8182915052024436e-23	1.7158908205675925e-22	6.279019060929359e-22	6.873089253277584e-18	2.1012878144108292e-22	2.150044238974939e-27	2.882562368210066e-19	1.0958597709823398e-21	4.541511576004188e-25	1.7592743888038338e-30	1.310456411019921e-22	8.597917374508991e-23	7.5959460979039045e-28	3.043350669795265e-26	9.517335046321712e-15	1.1919401518306948e-28	3.482241751397896e-17	1.0878807611643144e-29	2.4402086861540135e-31	4.844131036806346e-27	8.317029487614712e-25	2.3884024072206405e-27	3.388785246251328e-27	8.768661610006385e-30	4.309425077177424e-25	4.547352425545137e-28	3.7800631194432545e-27	3.611709260069777e-29	2.8571197869208023e-21	0.0008981933039814344	5.655851120976878e-29	0.0012869674639683297	0.004307451766572032	0.0021504788707748875	0.001824758059078833	0.0022672136121216144	0.002736495827204346	0.003174187655601182	0.0033307698970386633	0.0007757598504468553	0.0031782500829243133	0.0027937061788873272	0.0008664835438811181	0.000337069872586159	0.48475469454021836	0.004509402884870678	0.0009704704766075898	0.003074955141174768	0.2262727981095341	0.00039702211824412176	0.14549091885740542	3.2646170011905154e-05	0.000539340246697795	0.005053777287274776	0.012877500863362517	0.0016635803122561743	0.0021847041181586543	0.00016984022382935367	0.002929131366879889	0.001072903767419984	0.001416473434661457	0.00013023984860579537	0.014534708564629009	0.05933085912113476	0.0012972262538155958	0.00398501573722421	0.009261891455187049	0.01115516529602136	0.00736284920546347	0.0062280984778006285	0.008004308944712359	0.007111894229553895	0.009381754551529049	0.0054737257659311965	0.008261750864897239	0.008125365146920633	0.004710730877754471	0.0035438253761754285	0.6452780463902534	0.01546675271576628	0.00654148017677681	0.013742536241063993	0.3225168707618732	0.004747785642009174	0.2628575453469172	5.4945690787067e-05	0.0034493749391555344	0.05565038679669676	0.10470502028043797	0.006890731586358743	0.007803331521148149	0.0017519795434963314	0.011355191664693358	0.005193638622513494	0.006352405672243896	0.0007705789809665572	0.014606023148732147	0.6055934877490402	6.945072349025353e-13
Mixture30	8.922815787445182e-33	2.261452363613951e-25	3.3709483491168303e-31	8.105938795891427e-29	1.5774724057111068e-25	8.881455118372373e-28	6.854365219007243e-27	3.947135324117616e-26	6.179685100949717e-30	4.733386543666811e-09	1.4924938973977182e-22	3.0754171576702216e-31	1.2322464947740399e-32	0.06966015463985867	3.135274659597658e-23	3.8364674598340404e-32	2.3363211467067967e-29	1.8750504083770502e-05	2.2934593493327456e-33	3.9589762301719464e-24	4.363217652232666e-31	1.078547485023977e-28	2.2015543372934407e-31	1.1562197494263448e-28	3.867828667770717e-30	2.2355601344727875e-28	2.40831919179172e-32	6.24821974246708e-25	2.4727523848765825e-30	6.281042830072117e-28	2.4639161234917447e-32	2.7284546038530335e-24	0.0008124742444989404	1.8628677974823775e-32	7.485302079942064e-05	0.0030144535909182755	0.0005116258772960942	0.0010510471748773923	0.0019442284355535519	0.0019417411076111857	0.001931429343201306	0.0019342707737242362	0.0005321197810198529	0.0038528515114796547	0.0026236083894703548	0.0010569410956864744	0.0004911384850191219	0.4192220826947075	0.003381061676786744	0.0006276406026414028	0.007722151874297868	0.31666560562812296	0.00029620294027779965	0.16254738810526312	7.406742683846456e-05	0.0007017447814417209	0.0005768507935438542	0.003796729985467715	0.0005495043378388992	0.0021643125334081512	4.0527891597269586e-05	0.0030689476816178835	0.0005669527411441172	0.0009326646614155792	4.643844330827575e-05	0.0037645844607151037	0.04940491185562973	0.000945091861725443	0.0008699802080881193	0.007845826427272537	0.006193042579740404	0.0049813350007682465	0.004788925596112297	0.005975248123686445	0.006103320603377857	0.009738521619411765	0.0051120972392895815	0.008138561448136841	0.008781417220350514	0.00640724895749324	0.004210567668483555	0.6412712260727926	0.011158407198513505	0.004298445695677818	0.015817741165909848	0.45352315335871946	0.004462141026453097	0.2985801704388914	0.000702762183537543	0.004203940775655918	0.004429721809025643	0.008596222837543677	0.00455526494775262	0.00783696863661314	0.0004513488776359424	0.009885112565040972	0.0035438179009911093	0.0050194395752120174	0.0003929534121924149	0.016062633465729285	0.44825028862416644	3.676367510500044e-14
Mixture31	0.00048124620520703106	0.0031524138682633464	0.006424853052877891	0.002614726663964606	0.06478471763486948	0.0043209769683969735	0.004603831761889389	1.9007244168342852e-25	0.04389555595366708	0.00279133913121396	0.0016767228636484874	0.00144599564161478	0.060937440932951926	5.713819403444258e-28	0.0011082372725511127	0.001595976249226312	0.003315100060202639	1.2685171436417427e-29	0.00037363636137138193	1.0785266620734689e-18	1.4841373656693245e-28	0.0010568260871404139	3.3509532688388687e-31	0.0029192852397492215	0.0025034064739450266	0.09513586672976965	0.0002933788864747819	0.005118828226867774	1.1274304217143872e-16	0.0012621953915419497	3.408983192269172e-10	0.0030302830561721597	1.7652571537785168e-25	0.13540657994740596	0.0032685980627253693	0.008913967290444066	0.017358927869665145	0.009469502228638236	0.06958800060734284	0.033921711576918756	0.00720871525040932	0.012323854369776779	0.07631820546780842	0.008999880999621375	0.00904310292320458	0.006070288278852003	0.08289160042455616	0.013948962752497001	0.007894776305105173	0.009647262589252024	0.020286658134977858	0.004924561914512629	0.012262861900028964	0.015047834439921456	0.00977526183801757	0.005180268253315452	0.0007785333867892781	0.011896979880257268	0.00740462607472527	0.10860096337114314	0.003913419640164116	0.01395182423432373	0.0034224287954495156	0.006116280013619895	0.01678400944578471	0.014953205302783285	0.0031537868151657166	0.29509113895486005	0.0071738086595127554	0.0160074140257967	0.1429304844515991	0.01687048927951007	0.07719265839276857	0.11221856113039422	0.011742400148317646	0.02929599342289103	0.13453463301359503	0.023072349182931988	0.01741093376905146	0.013085822952750846	0.10111136160710577	0.09564085756366542	0.01784205088356708	0.009753828395161727	0.0912807505101702	0.010466107939498674	0.022271081435587526	0.043996358091598346	0.15845629487660173	0.012305737587611413	0.004189131043770431	0.03619525469726183	0.01402826967264622	0.12740119953262563	0.008475005628208455	0.057386550802241656	0.006749663403657433	0.011572250958963486	0.1673691369515876	0.06283630465754582	0.013020533074279327	0.42099972738290625
Mixture32	1.4682368117640297e-20	0.0022575687580333034	5.899866465089995e-26	0.00031247183793012046	0.05437093775266218	0.005540355708016908	0.003019237926577589	2.185096032955699e-17	1.670550870841466e-26	0.001571419757467598	0.00047620115275769857	0.0004192911316571958	0.05041082394065479	0.12735980714822598	0.00014634674975357186	8.582194342272388e-21	2.759181687742826e-19	0.027057014123154685	8.31070102026341e-30	0.08392482169688277	2.186987885938341e-30	1.83932257459235e-20	9.865467843957336e-25	4.576139908736243e-16	3.807465290960889e-23	0.0023047236215788854	3.701386563492843e-22	0.0025175066693370897	0.00016373242633756924	4.927735820340555e-24	1.717588428428199e-29	0.004279688036414119	0.0009164297469018462	1.9903626912031727e-31	0.0016107072066813132	0.007909395723347402	0.006203214615507824	0.005446993665827645	0.06005957161479327	0.02407064301230502	0.006866012419626965	0.008492139694950752	0.004006422391979537	0.0058725892753019905	0.007891561655291897	0.00599743410840373	0.05962505543676464	0.29860654364447925	0.005515718142597305	0.0024669086457800205	0.024450512328051767	0.18201768155379056	0.0012536168844920375	0.11863016113605035	0.0008375617230360273	0.0024203873547721257	0.0033398463655939597	0.017396403467203253	0.004820021117709744	0.006277086424690905	0.002303596787828435	0.007590847053895743	0.0034310679160262413	0.0031956767722852307	0.002140542110715198	0.01670849388177402	0.03202066065713009	0.0004653535965224994	0.004586070500529161	0.019500177695329482	0.014048063915237179	0.012611922490923987	0.07251019683260024	0.08209614536574608	0.011288402657313748	0.020751660978168388	0.012562043796009071	0.012750537077526405	0.016267211411857507	0.012391098813950664	0.07376359919396107	0.3694964068939819	0.013309024141124297	0.00802365865990647	0.09878245955841228	0.2341013647724422	0.010087828314403512	0.14706513238372265	0.007659982948562135	0.007649610458283324	0.007987892234491619	0.1647843442838174	0.013131621704986163	0.010582712683618201	0.008487995432014634	0.012822225756510798	0.006456431595763049	0.008510615095757608	0.010108150415591386	0.04105030328618435	0.2078381417945883	4.1618126051503994e-08
Mixture33	8.153833405028079e-22	0.0007481782935792623	0.005691689066032894	3.957681860891865e-18	8.705931681692893e-24	1.2545350493387408e-18	0.0018753053173343954	6.003610863949324e-28	6.1233676272189045e-28	0.00010605776381986496	1.4124680767232633e-09	1.5608970415812576e-19	0.0007255075294947385	8.711174443442328e-35	0.0011802515066717495	0.0003774622688443957	0.001978211678057688	1.167310734990217e-26	1.0320608433163109e-20	3.137660904522069e-16	2.4732642689981464e-30	2.118992473668847e-30	1.561134187647728e-23	6.84827811097552e-27	0.001295615163458638	6.678531709175891e-12	5.212607486586174e-29	9.112041345969227e-29	1.6359173593870197e-26	0.000581953336641716	5.180838619138568e-27	0.0016802515181457227	2.0429556278803742e-28	0.3616731945983646	0.0018637117364348648	0.00434471072642204	0.03842277020238404	0.002038753191956308	0.0010454684824319222	0.003367636175409194	0.004816185831131739	0.00194884107516411	0.003071365823607175	0.003221385397468571	0.0036330592888250235	0.0069374142580997085	0.003751437790125016	0.000126273127877233	0.005827724550301394	0.0058986015864106655	0.007839088289006826	0.0016395382404145158	0.011240823756112447	0.014483587986850434	0.015763696948522112	0.0011967018743321712	0.003591341116774974	0.00260093149835788	0.00443348408467954	0.004291853239037851	0.005240346304930576	0.0021986969818206126	0.0023733921000126433	0.0050209273832911685	0.05415920792264745	0.004265087038379558	0.0020314686215816215	0.7662690188867667	0.003963800911095969	0.008673637561764916	0.450871802639959	0.00433527810842831	0.00288892441103907	0.009402005637716565	0.00873983268325461	0.008596804090315704	0.011091027045974073	0.007758828385083237	0.007519182930184151	0.017155270101951774	0.008713135369071636	0.0011323534920499542	0.011744206374750531	0.01595291863867793	0.013087867786298236	0.006274022412343089	0.011658798540952081	0.05933294804029291	0.15996010585616358	0.003615888057667248	0.0027659496735784545	0.01426391769628402	0.010645383696425774	0.010650901281692543	0.0045064372726457795	0.007152225152220595	0.005137347299855835	0.010479074203865348	0.45183675473399076	0.0075659590814888605	0.006161540023610463	0.9098498887935516
Mixture34	4.544961315391253e-21	0.0006409955565962589	6.548123555844853e-21	1.7237199307473236e-18	0.4260263416838874	3.0540082628818817e-24	0.001749348029556937	9.943828820434865e-26	4.9984143237566005e-28	4.8710714308442824e-21	0.0014149579592570877	5.823411175768426e-24	3.2112236157719344e-27	5.026066291508403e-27	0.0008232499073266807	3.3266711312876657e-19	2.5059441436725604e-18	1.2210874826905089e-31	6.0719832076488614e-24	9.629404030133412e-20	1.2727154885418446e-23	1.9309742744050706e-29	1.892757628080355e-28	4.638683339622474e-25	7.118023447087083e-22	1.0075185829244101e-18	1.0850291967935022e-25	1.1202251684812422e-09	7.655622681135627e-21	3.8392384254991304e-16	2.442275752221749e-25	1.5223496778636543e-09	2.4247451046424553e-23	7.835951896481047e-26	0.0014882879034172414	0.005212710988239574	0.009930310383025151	0.001818219793221282	0.44904844828947754	0.002149804642350146	0.0054599520344150694	0.002856053682550241	0.0008088974927814306	0.003901206763340046	0.005714191598553739	0.0025984998252960045	0.0015321218264440057	0.0005683156227614387	0.004906670422411638	0.0031809285537977784	0.007093219214255177	0.0017712402217250928	0.003087251799077379	0.006852378753506776	0.0014799764518433525	0.00047360374088327	0.0003840951003442763	0.0025602373332658285	0.0025117779430973474	0.0031182872302065283	0.0008009331086128397	0.005072465550028252	0.001523844362803627	0.0037497710119810813	0.0014190253934431671	0.004342581760409202	0.0019399086317424678	0.0015963342812145593	0.003400644301422609	0.011022383922318314	0.01846461033904807	0.005074067037849015	0.47243971629355314	0.006296930164323321	0.008966015907519685	0.009751339221602985	0.00414225059122148	0.010163526352396268	0.01201875361356567	0.008860684486678887	0.008331120053117572	0.004037513771877249	0.011531074620836128	0.008785471596907124	0.018672941270762976	0.008209547011398928	0.014108997835493462	0.022945034297909492	0.006538705623844199	0.0029544005671398037	0.002479490835766643	0.009870466140330433	0.010416107652964366	0.006889516235816167	0.0048887304573101125	0.009506284921805025	0.004624780519639373	0.007597766869412124	0.005859859634928793	0.011144010322197959	0.007469244364117579	0.016518770420356675
Mixture35	8.921791478628809e-28	0.0005843552602863394	1.1282088266518896e-20	8.706178571902619e-28	1.0508545371218571e-20	6.961330694364624e-21	0.0014849278956814216	4.393928460518356e-26	1.9292742354781377e-25	1.875454349748229e-18	9.285432751410148e-24	8.045922253023986e-26	1.6262232570076246e-15	3.584345319301949e-30	3.644338489981566e-12	1.568412660701464e-16	2.2880110698075356e-19	3.1953291175931277e-26	1.4057143073321796e-23	1.719211383909959e-22	2.77796282357199e-25	3.284009927384708e-26	1.7740501736792833e-30	8.6427371464965e-26	3.977291412298555e-23	0.9061316793985728	2.8414924249239804e-27	1.9188364903067407e-24	1.2442717518791646e-22	8.91399237153116e-05	1.0582141385364182e-24	0.00023220354285967095	9.447054034502304e-19	1.2165558005891606e-26	0.0004220865033657801	0.00427710472263717	0.00579320221507963	0.0006333482686678626	0.0016195722036338393	0.0028984926437881885	0.0042613136148399395	0.0019857894877213455	0.0007156443556118215	0.004209808001763459	0.002371633387212099	0.0011115402729367395	0.0030740115269182085	0.00034160981361671956	0.0035799261218210313	0.002475098080850335	0.005302749042663257	0.0012997253117868184	0.0023690305531644746	0.003959466280148567	0.0006354963495785433	0.00046547658406495876	0.00010636914964289219	0.0007364566973356608	0.0030117582690031776	0.9262191002224691	0.0004344181917467091	0.0020893831420816435	0.0015734941026775307	0.0034130683045748554	0.00018521374842884227	0.004185888968517323	0.0025748494290477346	4.830222896987956e-05	0.001920527978136717	0.007615193469726762	0.010025917414823482	0.0036233665230298432	0.0041829092904542686	0.01059024290473925	0.007196262447648338	0.007725520019962684	0.004335937363914601	0.01001581725277142	0.008444299143797185	0.005564100651395856	0.00869899036405538	0.002107042448833394	0.010194353670209629	0.007899319659705814	0.012161536190015181	0.005671305842694155	0.012729729528900864	0.02091046104631205	0.0027117570332423073	0.002860560027969992	0.0009587294792143938	0.00541745839464521	0.011657236358671684	0.9485338980448339	0.0030740040821666845	0.00874892327893735	0.0033791718034799673	0.007223459516407587	0.0012512752218140617	0.008412790885895834	0.006069493558749095	4.6283205456300746e-08
Mixture36	9.075623022751641e-08	0.0016859491798641342	0.00807434481299744	0.0003805984363437775	5.802629413161932e-17	0.005299047542753556	0.004150393808340817	3.5993109831918783e-25	2.0192038267441577e-28	3.8287570469195134e-09	4.754928885397727e-13	0.004077483917221504	8.086834090897356e-05	3.0204752662979455e-30	0.0019530102709839105	0.0007151361194568193	0.001192404718197493	1.0760481104502258e-29	0.0009229106866334549	7.126466969228853e-24	1.8106922429498658e-25	5.582719925750139e-28	5.549138888111789e-26	2.98827606819572e-24	1.5842771759183177e-07	0.0012798159460018787	0.0006914708394675067	1.188164105965474e-11	4.614041202231173e-24	0.0015339962159560466	2.3667698499327233e-16	0.0008356363085692583	7.231442576579036e-10	3.7254910501895594e-19	0.002629450450672788	0.006310898837769775	0.020797894679640123	0.009684029870776309	0.0024180338026884934	0.21609883174514516	0.007988144186362378	0.006196282404092789	0.0032882359143415318	0.005049488807308506	0.011608107406418322	0.01727799562340925	0.004820520808957052	0.00039050915015919984	0.007007712853779142	0.010424535356953256	0.010106776837444473	0.004341670622668068	0.007843737924004198	0.011266974949344359	0.022462657275442884	0.001979821111543948	0.0017490282573100757	0.003712853441666988	0.0035154441992360464	0.004820020192421754	0.010495380389294233	0.003581939831537208	0.0019115119822498336	0.00518665625330986	0.06939689027313813	0.005610033453946479	0.005563205249576759	0.4920466920547022	0.006732680762378416	0.011349453405751853	0.0559601964099067	0.015950422933664596	0.0056914205632810876	0.8736405089867569	0.012761993857733826	0.015083966734590294	0.004790754107786925	0.00970738780117947	0.01613045146808105	0.021576436085280322	0.009044428919789915	0.0033318803291412383	0.012937074223585844	0.010436195179463096	0.011937754282199654	0.010380551328273617	0.014036917618400157	0.04403487872213394	0.2903049301026398	0.005276219973397083	0.004172644903564698	0.01001004223837954	0.007249276262213694	0.009482241266725209	0.013927368056711355	0.01071426468300074	0.0038061743020145282	0.008671970216811242	0.4229106612341317	0.013612672417241883	0.01441665450763517	0.8693641348420507
Mixture37	4.012288944034388e-28	1.5502066473568563e-19	2.1823965983785214e-22	1.4752911014991938e-25	2.53667237751624e-12	5.231210021571221e-22	9.492070921210505e-17	4.863429098849204e-27	0.1954528503901439	0.002120139541027781	6.593863623532799e-20	6.497621135065215e-23	2.387496846145065e-21	2.9558991132160865e-27	8.897975609204715e-12	2.5233821629292627e-23	7.182632437172508e-24	4.5099315930603924e-26	1.642498357464379e-24	6.868187062872434e-23	8.911982489570692e-29	1.92046971040412e-27	3.356672815140985e-25	5.499348200451822e-19	5.1671717581260493e-23	1.2951468569156766e-19	3.8166516176967605e-27	1.244867350684695e-21	1.0456801688396893e-23	9.819227568943264e-21	2.6040810581971127e-23	0.001008628065592124	3.1187876899729222e-22	2.648349547762433e-26	0.0009213447541417516	0.0032390683451205544	0.003935276511543455	0.0004747747529108498	0.0011202500756130982	0.001793120861172117	0.003067794986341338	0.05087633297423345	0.8660061626081971	0.010006966953738004	0.0033121662429711697	0.0011611489118240087	0.0016343993083401181	4.4655607132098046e-05	0.003224023320084993	0.002176295233793519	0.002264120363694284	0.0006998663489455694	0.0014346656385007886	0.0032352311381518943	2.2456276768893787e-05	0.0016113884214733973	0.001963642993631143	0.013632064814329355	0.0033509941320449366	0.0021844071221148054	0.0001199401346669555	0.0013350794821858037	0.0012251321079059148	0.0017659618873841073	0.0025867446598048637	0.006215187388389374	0.001824292372075938	0.0004147931951612384	0.0033556666139789586	0.007695090492333207	0.009389009107156215	0.00238002184152516	0.002782793040065915	0.005591836545122724	0.0075015294187555795	0.7172950530449453	0.9507762955036577	0.033011992822210574	0.008089924689593938	0.004884328543898873	0.0058284540938325765	0.0007721840439500063	0.009512965670825803	0.009208221131599574	0.006469509188438652	0.004702113383293274	0.006103590972757734	0.009752932183535248	1.2198428769068135e-11	0.00520254141590166	0.007668399283337037	0.07923417802659978	0.01144166220494006	0.006050892892186161	0.0008720802823833103	0.006126944594101589	0.004561671724631222	0.005011508877231833	0.010353035872681585	0.013420606549788626	0.004941124717142304	0.004775587973155177
Mixture38	9.643798987478235e-25	0.00029337730759970563	6.886070958110174e-22	2.6856515000329974e-05	0.00047758857694632186	3.3033331190093084e-21	3.014567234801729e-16	1.1400999364379975e-22	2.0501303552669346e-26	6.068861792336763e-13	1.9727081476239516e-13	2.4713506817741416e-20	0.8618463882072469	4.6494511100896927e-26	1.3372016569981437e-19	2.8713673599182796e-20	6.05096827281152e-20	1.5812602113073133e-24	6.316330557556053e-24	2.1899446416253616e-26	4.0847010167244e-22	2.070881702713223e-27	3.5405173487229456e-27	2.5093464756289715e-21	2.6724967395694685e-23	2.1149849201955785e-15	9.514665463790796e-27	0.001969754110652603	1.3744649111378135e-18	1.1412452437789119e-20	1.3519872061241677e-26	9.653114848768925e-05	2.5841442743426295e-31	1.78753394422398e-26	0.0013936309209452557	0.004332115564680989	0.0019578201812591885	0.003148910962941907	0.0028820782722876782	0.002386651754536512	0.003218616995777904	0.003245947354104095	0.0020160617086026587	0.0034515158953293285	0.005384459307942147	0.0019891834616293895	0.9094885439718783	0.0015634606177844313	0.003113396033487012	0.0024357369217296674	0.008610405901002469	0.001121394465951691	0.0026750910335435014	0.0007507486764877062	0.0008980158292491778	0.00037791657604022144	0.00014087816406326058	0.0024989255121802816	0.0008610322171836393	0.0041713126070584425	0.00012868829550057552	0.006089637845750688	0.002288319274987905	0.002865269984842334	0.0002535686208691296	0.009839686743227452	0.0012282490305343475	0.0003106510243229689	0.004407059897896571	0.012316751377552358	0.009104914520937079	0.007115296774521764	0.006775015926440101	0.007689503421138207	0.007141146644251091	0.017630475702693067	0.008272345393679496	0.009799580370151023	0.012293511419707605	0.008030309519496383	0.9430076758621445	0.00732057177941426	0.01563386772394922	0.008649136034253987	0.038436042281304345	0.008043751129967282	0.015672771756681338	0.0044277367008552755	0.004702021945468569	0.0019799701626345293	0.0012738361491588935	0.008220600980131498	0.004539547076660228	0.008990078823770143	0.001376560629324084	0.013008692504269392	0.005794622327951028	0.008053536632724265	0.002753346101660077	0.03787731461894435	0.0056640713572363305	8.76569797603845e-11
Mixture39	8.477326402842773e-22	0.0011789622131178374	9.184820911338417e-21	5.591765072018812e-25	0.0009582153395616523	0.0004148635683756277	0.0024532642495421527	2.487930300118314e-24	2.1879880330577838e-26	9.30768476135391e-09	0.00047595369473532525	3.641391980105146e-21	1.9573461786259819e-25	0.039273305834331036	1.6971435248207302e-12	0.0002988957006576349	1.2928822285869646e-18	5.223030276378068e-28	1.0157132133881923e-28	2.329389819646219e-23	6.240187583921483e-26	2.054848353278146e-33	3.9248772034583646e-29	1.3147281028193395e-21	6.76545470884991e-21	3.4182398871674515e-16	4.4174450707390625e-25	0.00193807436621636	7.455100841125763e-19	8.377973428214766e-09	1.3483184142520983e-27	7.084771509639408e-08	1.384279681388443e-16	1.1234519431267566e-27	0.0012902259918616613	0.00746331292541034	0.006013417996458437	0.0028410507826403973	0.003514236136021284	0.005269287024416039	0.005620587061746302	0.0032713041889843907	0.009140916409997089	0.003330002493742633	0.00501184685386937	0.004049177228614126	0.0036464623329437347	0.7909419791856922	0.00652113552048173	0.0044011209403725755	0.010089555528601184	0.0033131070107591393	0.0009293886301004784	0.004896373432141446	0.0010313557179299233	0.0004287396711995717	0.0005702150155192209	0.0026814132544682925	0.0021591414990297687	0.003136118492195794	0.0013299188758282051	0.0062484826797441625	0.0029278219794362705	0.005069545216873641	0.000864017193332611	0.006700198194847174	0.07831830686793224	0.0034660015307872096	0.0035404752407212207	0.01650840414655061	0.012145739166037959	0.008775738268823753	0.00618672358173951	0.013554434730739522	0.010035897341494371	0.011991573580679456	0.016170112822045342	0.007893299013259698	0.011087883850718417	0.011891730807968494	0.014865464551367794	0.8983876277588291	0.0167909848730628	0.009066650660947051	0.06452699339101546	0.00971103441708058	0.007463075451675727	0.016414336274888003	0.005563388591451201	0.0020763726055869447	0.0030238757860161936	0.009540860031765618	0.005541005637522512	0.007001176080586701	0.003737032862332218	0.01639227299939313	0.00612731666698393	0.009593826381497072	0.005645941066877966	0.023625223330338792	0.8192123953678578	0.022203106273547067
Mixture40	2.6716784180878376e-30	0.0015204714591173024	1.331427590831808e-20	1.5254734565971175e-22	0.001052138207926174	7.314016492700571e-16	0.0009644544479812209	3.4989357508321976e-08	1.0714921954583488e-24	3.0438113454523974e-20	1.2710643005906778e-18	1.5744000578725664e-21	5.480705010716619e-26	0.3190988850199732	0.0006721483153512497	2.0240488856423156e-22	0.0008190259533357077	6.447021117305404e-25	2.0113580636200562e-24	4.851257715528607e-21	7.0624465486270225e-25	1.0908384694517142e-28	1.4609098420014998e-23	4.5634822227255086e-20	5.856478542499723e-22	0.00023186854747574663	2.1770591405593964e-25	0.0002571337370731882	1.966139963005903e-11	0.0002930423343157718	5.259481391182126e-27	0.0011301999503397304	5.854454256865981e-22	3.503121644540307e-27	0.0006537386727168335	0.006079999542255307	0.004280381165364224	0.002852456404317041	0.003287877465607474	0.005635761801925984	0.005325024559646955	0.006264488867958377	0.0023976075304225995	0.003387625765856935	0.003906632365138008	0.003572271444720844	0.002194034184832938	0.8323405375773818	0.00924804923632077	0.00242729947511508	0.010654572228961061	0.0025939125949382713	0.003601106220229026	0.007705933073188116	0.0020792010771017587	0.0005099230971998261	0.002472196704718538	0.0035551760248186282	0.0019967013098402585	0.0033643825095831252	0.0009672089229328337	0.005172906271126677	0.004667364588391966	0.004543050350049412	0.0018219638454663786	0.010296450591089705	0.03211590621408193	0.004740380851093817	0.002395941109311446	0.012566097633752124	0.014190243623081944	0.0083329245651255	0.006622722620050071	0.012916513885170457	0.008926803192982008	0.01766613875928759	0.008386939650209563	0.0095777417185678	0.007961346430943114	0.007480064111954272	0.007421238826405248	0.9012930328106938	0.02336511323723149	0.007264027197892061	0.07323616444950555	0.009205468428292033	0.01593451691598796	0.04563430082131952	0.008920257952848423	0.002501562309472162	0.007937249990922185	0.00883218063154927	0.005866960885123054	0.006336230354217535	0.004592002356957582	0.015515218091681746	0.010663155798562168	0.010059564211359132	0.006088489241510355	0.03596415928989469	0.5329036997758914	0.038705953254357696
Mixture41	6.325277152722341e-29	0.0008363385738904521	1.9491139055073285e-26	9.530853902078666e-26	2.3569652533674183e-18	1.8412615563733982e-26	2.0350216416720539e-25	6.598731292209519e-23	1.6562649910196797e-27	0.0009178535296817315	2.530503739370138e-19	5.179820644181378e-24	2.769494368222422e-28	1.7332576215244632e-21	3.564698789291755e-20	2.581707246376547e-29	1.7081027019430785e-25	1.6246930739243382e-12	2.2376978273013513e-26	2.234515989467026e-23	6.050429201276799e-25	1.131219396135992e-28	2.5416080321057356e-27	4.481082878557966e-25	2.4034060186664574e-29	1.060122875996143e-21	1.1972115596760632e-27	9.620870835541812e-21	3.998250125517226e-26	1.2657070315487864e-30	1.0638305817650292e-26	4.0717436095498463e-23	0.003479951144640963	5.985427314450011e-28	0.00040515551695912555	0.004996564130300982	0.0024634094532548913	0.0010481205787849954	0.0024090939189014733	0.0014728972843357693	0.0021472578145383388	0.002899366285897703	0.0003498559837684294	0.0057567590496285185	0.003503348728498947	0.0018690640825208538	0.0003309341880801361	0.3214926985550088	0.004977566137101129	0.0005220500911718587	0.004833680518809864	0.47546581430329177	0.0008442135217113086	0.013791213932058313	0.0009003645956516066	0.0007029943163450096	0.0003253950446693831	0.0024218648487266607	0.00033494751197781	0.0015473058990138836	0.0001508413197433095	0.00423932812457585	0.0013460082157483175	0.00130905735400106	0.00046816060879570717	0.008128232668563025	0.12413734148593296	1.2730813914237779e-11	0.0022482297379822773	0.012089899148779662	0.01364190953121106	0.00469349035881334	0.007309767015824757	0.006501330244217932	0.006283836206539129	0.01122630581661366	0.004791176874109689	0.010991696246060282	0.007624310958529876	0.006947406358958532	0.0023882515673341264	0.8644545867246215	0.013248459866820755	0.003789476938210611	0.020546097662036664	0.9047114948080344	0.0071763995498332735	0.04669734887876824	0.008265218972776704	0.003894686173388671	0.004728861347325079	0.009112717925481897	0.0028307910483038076	0.005602139510957846	0.0017620416750513388	0.013496935529728044	0.005804944618409974	0.004988787537681562	0.007147053295192071	0.05168891999355049	0.800727829656381	2.786535226146979e-13
Mixture42	1.2333660234290772e-23	0.0008564571185609627	4.412076487539938e-21	1.978247113094631e-18	0.0004718768134919488	7.061115949390798e-21	3.6078906269138235e-16	4.6152455936093e-25	6.866310836427322e-27	9.648356869048398e-05	1.0834417099757035e-19	3.0790303826789006e-20	7.163526690641967e-24	1.283656215309914e-31	2.186129227539389e-17	2.442101299420197e-26	3.6343838191244696e-22	5.771478498858185e-26	2.393693852507436e-27	0.008707090221629805	7.815306515388107e-28	2.4222289022462846e-25	2.516835931438456e-30	8.708554068227804e-20	2.9597703360843952e-25	3.292257874322171e-13	1.2960287074009994e-26	2.981409773059785e-10	3.8380536818047074e-24	5.007018900412063e-22	1.91173143764553e-27	1.024661613722548e-24	4.909740204760385e-19	7.823306706524177e-30	0.0007946736142365595	0.004977810624374165	0.004350577237723007	0.002193027890271543	0.002833191572622248	0.002467434480251221	0.002664515513523254	0.004067165887638263	0.0018225257158311391	0.003521906554324205	0.0017461643575097721	0.0022596820298384796	0.001680692598296428	0.00011034050110594896	0.005054636912266128	0.001033617134670829	0.02625664782562266	0.06281378023098955	0.0015420073449079771	0.8126122707335677	0.0002573073176834538	0.0011814158792316156	0.00020157769286022857	0.014028489401133859	0.0005599422221142726	0.0027196307125155533	0.0004023582186783343	0.004478756554699151	0.002468756283107913	0.0011149016949233773	7.459576392000279e-05	0.004292797677974589	0.005954856017085337	0.014628754231879067	0.0031861916330339865	0.011330714839469373	0.01398319482219667	0.00518527476672603	0.007309781044946968	0.007107052536734841	0.006799039687216174	0.01221006598470658	0.010624072771346455	0.010263299835288526	0.004655513129716523	0.006475404975467882	0.005540911709886063	0.0015137739975889923	0.012589558586980808	0.004422680247408802	0.03329927398497885	0.6401922989348304	0.008760995459336842	0.9530782152937621	0.004048565014481588	0.004939790182300995	0.0019614325724774764	0.012637075413892689	0.004312808122093108	0.006297807119622535	0.003973881424866161	0.012730854170207823	0.009721430337338044	0.004232277025923679	0.00014507076512172828	0.014345037106502947	0.013842017879839097	0.12514890850521737
NFWA	3.9203271283756064e-29	1.44930253190383e-28	1.2961346434118515e-27	2.123636422701552e-32	9.565575698689282e-32	1.7019860560999174e-34	2.6805491174445557e-34	6.9378568566276105e-25	5.667689241857731e-27	2.549192182217413e-34	2.2202227344102905e-27	2.5375551868692402e-36	6.207209600901932e-27	2.708672100255918e-05	9.247452923664127e-30	6.251058025846303e-27	1.8149231563253265e-25	3.7000815363340294e-08	4.971482735832538e-28	1.8909217590473025e-21	5.744513388965063e-28	1.5628467946050313e-35	4.239086984672144e-24	2.6489274622161266e-35	5.420865094966142e-24	1.3317449163958666e-33	9.291433073118056e-30	4.6536918136576804e-33	9.263266932440621e-24	1.9430008127278068e-26	4.875013648570277e-28	3.6948728263752657e-28	1.3962632514020396e-27	4.874988174115811e-28	0.0021952718494277802	0.008149339042264442	0.015715183293015845	0.0004515445719290618	5.616548349763062e-06	0.000576985564088399	0.000526688034225509	0.04718080786619206	0.00041585859593617423	0.00019836460446979534	0.0035676660398536557	8.001271429520546e-06	0.0003965944634567712	0.2833091822201925	0.004381237761077461	0.006792217964628902	0.012488081601803152	0.32438577331541896	0.0544975892574125	0.030308735099030377	0.005565557877850727	0.0017609352866825808	0.016575360785463806	0.0002590269019635095	0.0030751377394333066	0.00037223139654149874	0.00255670373603622	0.000908089336099347	0.05191883719519251	0.0022038621767441523	0.05449761470152463	0.00026387467462204837	0.009988821801023463	0.05449759087826983	0.001330629051939494	0.00647121017145076	0.12867804406774827	0.0034817376867985225	4.7507038587487925e-05	9.586655905566525e-05	0.0036894231713012326	0.4223231469341081	0.0031657253665542152	0.001452220996673877	0.01148350469289316	8.139760919536571e-05	7.986745952157235e-05	0.33334299007785634	0.03863057899269098	0.008658162569473112	0.06472954967781276	0.9870683211842403	0.19510268569444272	0.37811579151959407	0.09259913620695866	0.013890872633426931	0.1309821548582481	6.405423192073847e-05	0.00383085801207478	0.0018881154978154801	0.00010206816503200796	9.523014552994348e-05	0.4985228007426249	0.017523098736139647	0.1951026856058084	0.001253584668168243	0.16665993385525843	0.19510268559248833
NFWC	1.1700949551342953e-28	4.876005008634441e-30	1.2899787413711713e-26	1.8259716853553858e-28	6.705850206033476e-34	2.4105609603284296e-29	9.975306838290162e-25	2.975182090140536e-26	1.2902765200249919e-23	1.0328872710770156e-32	6.741984960509384e-26	1.9310050321487267e-34	1.1546345407667747e-26	5.196601790715963e-24	9.670367203708606e-27	2.9893496373542147e-26	4.676135288428097e-26	4.046454888974987e-24	3.5270138153062985e-26	1.737149898999328e-27	1.6429563084553942e-28	1.5443351622156597e-21	3.592198244606719e-27	4.760901804705647e-28	1.6417129017934972e-28	2.54545626348351e-28	1.2142432825383936e-29	4.0354479021971234e-27	1.832041253201864e-27	3.3782851281292424e-29	1.6429820884380579e-28	3.238894597966746e-19	1.01720709760995e-27	1.6429162740323605e-28	2.2623577109317094e-06	0.008861922610917675	0.002711093192826978	0.0005053798696977344	2.167278116644545e-06	1.2873384763080775e-05	0.00030299344146478155	8.254521835406625e-07	0.003212155598791856	2.0313871922506437e-06	0.0010864607718151717	1.084761584063086e-05	2.197976802151084e-06	0.4033226169566843	0.002798692825708832	1.0912964742234279e-05	8.120828617741688e-06	0.03339443197244535	0.003491218870733043	0.37244358702604335	0.010193718374223117	0.019462353405751896	9.981493088968733e-06	1.0698689336503767e-05	0.005422259374414761	1.0674670880425103e-05	1.0603277731020231e-05	4.319815338737923e-06	0.0045321094079436965	1.0894554458496137e-05	0.010193718382843678	0.10775055272279807	9.437775680836182e-06	0.010193718394294875	4.59746376374163e-06	0.006609779016265992	0.010679369454727522	0.004300470212372533	1.3139573170452165e-05	0.0002250544226103815	0.0020704742128862287	1.4642707272547334e-06	0.006714868713784445	1.4955921905991856e-06	1.2376926267887366e-05	0.00019237658390209168	1.0718442423448877e-05	0.9988208855668513	0.01066883103213197	0.0001923772222937741	0.00011540783110633645	0.49609685635239464	0.021689636267991422	0.9991546882123865	0.1413476379984844	0.16389122316424642	0.00017737423958467916	0.0001923772318253886	0.12937778782082157	0.00019237722229351718	0.00019237595193847079	2.404488405843909e-05	0.07649190047681347	0.00019247337879209125	0.14134763804521366	0.9961272835178727	0.00015833768715636895	0.14134763796217198
