location	A.23.1_Upper	AV.1_Upper	AY.4.2_Upper	B.1.1.318_Upper	B.1.1.7_Upper	B.1.351_Upper	B.1.525_Upper	B.1.617.1_Upper	B.1.617.2_Upper	B.1.617.3_Upper	B.1.621_Upper	B.1.623_Upper	BA.1_Upper	BA.2_Upper	BA.2.75_Upper	BA.2.86_Upper	BA.3_Upper	BA.4_Upper	BA.4.6_Upper	BA.5_Upper	BQ.1_Upper	C.36.3_Upper	C.37_Upper	CH.1.1_Upper	EG.5.1_Upper	P.1_Upper	P.2_Upper	P.3_Upper	XBB_Upper	XBB.1.16_Upper	XBB.1.5_Upper	XD_Upper	XE_Upper	undetermined_Upper	A.23.1_Lower	AV.1_Lower	AY.4.2_Lower	B.1.1.318_Lower	B.1.1.7_Lower	B.1.351_Lower	B.1.525_Lower	B.1.617.1_Lower	B.1.617.2_Lower	B.1.617.3_Lower	B.1.621_Lower	B.1.623_Lower	BA.1_Lower	BA.2_Lower	BA.2.75_Lower	BA.2.86_Lower	BA.3_Lower	BA.4_Lower	BA.4.6_Lower	BA.5_Lower	BQ.1_Lower	C.36.3_Lower	C.37_Lower	CH.1.1_Lower	EG.5.1_Lower	P.1_Lower	P.2_Lower	P.3_Lower	XBB_Lower	XBB.1.16_Lower	XBB.1.5_Lower	XD_Lower	XE_Lower	undetermined_Lower	A.23.1	AV.1	AY.4.2	B.1.1.318	B.1.1.7	B.1.351	B.1.525	B.1.617.1	B.1.617.2	B.1.617.3	B.1.621	B.1.623	BA.1	BA.2	BA.2.75	BA.2.86	BA.3	BA.4	BA.4.6	BA.5	BQ.1	C.36.3	C.37	CH.1.1	EG.5.1	P.1	P.2	P.3	XBB	XBB.1.16	XBB.1.5	XD	XE	undetermined
Mixture01	0.00875482778578937	0.029750922081504785	0.01070753141951996	0.01651578125374681	0.010970609020850534	0.025707785871257015	0.009027044583971435	0.014872659784369646	0.017109546284555976	0.01130404243481006	0.011502805751092719	0.014758889496515699	0.6825679960663316	0.2479186128303546	0.019468825754078163	0.008391825060469956	0.16790076576921617	0.0970216685930627	0.01289210937919831	0.02299027244909356	0.0029895601070766735	0.004002510392632246	0.004843866549993725	0.011477269156900024	0.015779440881067305	0.021523031957182297	0.005641725053082441	0.010958363410303052	0.014479929354616334	0.008639597627892725	0.025041754305562703	0.043912707108350754	0.12105789682449868	0.00995009474681229	1.6298071039262482e-10	0.0032408704059858767	1.7081533776000302e-20	6.113335846445683e-17	0.0037284472703703235	0.0008011719809194337	2.4716469087384152e-08	2.134418103284122e-24	5.769939955906325e-22	0.0008992015886277616	1.0504430183674412e-17	5.1706380421529086e-20	0.5254025423180506	0.025696060308113198	0.0012901949118685	8.440784023254277e-23	1.044233800724512e-18	1.097109209402489e-22	4.0665630587523033e-22	1.319579417389851e-24	2.313802437496153e-24	6.161582016642598e-25	1.175634143866669e-25	3.9877282967842866e-23	3.3785640306881056e-20	0.00745178284579416	1.0564396064608063e-30	0.0008535309951389402	2.0699775089562968e-20	1.1383012376536548e-18	5.107515190788438e-23	0.0006435460782110166	1.828010290953589e-09	1.5299911118016772e-25	0.003158627855453171	0.00988732300746592	0.004573371079495342	0.005347336215575138	0.008416991934157677	0.010804207379408544	0.003808387638312612	0.00347214018560303	0.006505130971155956	0.0053890422327977795	0.0032295064973013447	0.004750336880604999	0.6107252103966837	0.12039611955213232	0.00783386305533047	0.002069881056009004	0.03729913221266415	0.044990564594005834	0.00438771638472203	0.009746420161659726	0.00033276974427269167	0.0008169908611735098	0.0013100705905215932	0.003262285099953456	0.0054675602412162395	0.013173583463207803	0.0009203503880442097	0.005526554340010361	0.003845201762809301	0.0038818775294003627	0.007107347429024307	0.013319695602788385	0.025345159637169958	0.0004822520857113772
Mixture02	0.006246545500033792	0.01372464265583613	0.01460569362570694	0.026065301968617113	0.0263081644704455	0.026804934776248287	0.012055538997912492	0.027272396000869583	0.03241560737543698	0.019768048607278568	0.01107377032872154	0.008450234289203771	0.7716260158831381	0.12982941952639768	0.020623655660898875	0.01722907353313606	0.037292469893404394	0.007332985521809225	0.009921104714091872	0.012420402105074047	0.009048935570984441	0.0041570059718292925	0.005848419684801591	0.014187393096174214	0.014104209370394591	0.01526353495613507	0.004219813210938511	0.015872621633503194	0.008818061837378502	0.007358751600861876	0.032905463196224075	0.1915961743511937	0.007936925905448462	0.15292706987633	0.0007653532661246133	0.0018679779699591046	1.6502654278339801e-12	0.001698129385138929	0.010204324580449104	0.0037095287171777383	0.0025915175021678383	1.0958700732792398e-21	0.004267709532979659	0.0053286237982784115	0.0007208587023206228	2.841314407155942e-13	0.611898461971327	8.735757606934755e-24	0.0011039241845325896	0.0005732849931551322	0.00389262590972429	5.6365434621202205e-25	2.6251814641433445e-22	1.2660336934377364e-21	2.3487523098464654e-23	5.971292592267216e-26	5.000794265827406e-22	2.0105446364482193e-18	7.37375789887442e-21	0.005078287438271123	5.158629299644021e-24	0.002449548658294134	3.1610833812883336e-09	0.0006495558368589221	9.916750777445912e-24	0.002518237732163078	2.0050896424026827e-22	3.3145453514474876e-26	0.0034459507259161927	0.007257401319230755	0.007050706075315897	0.0063108237923832754	0.016250590923006028	0.014978611423734845	0.006623539080438224	0.007652807834972239	0.02344462098834984	0.011002677890608442	0.0055380271569253426	0.0038494691463592822	0.7235403676904137	0.011200469849825534	0.009163434768891227	0.007278782662427472	0.012926869554564943	0.0028056126957103395	0.002289891220708317	0.006299416215474304	0.0032666780146696894	0.0016630604230596896	0.0017354130104344917	0.006263211140261104	0.005547646390639679	0.010619395528862438	0.001278174549903719	0.00714763483470158	0.0041780146984850925	0.004741618366951729	0.0058731739629567245	0.024958209020447555	0.002863681323584495	0.014703426796779804
Mixture03	0.006539280859884959	0.012277112174626122	0.024461254478681225	0.005250407299199485	0.006240505945508792	0.009310139393778064	0.007926575744066225	0.009798447577722016	0.005817107218428116	0.011952445041951665	0.011080176171171378	0.005917232194399942	0.0059733497682106715	0.726507357793638	0.014920392584912234	0.006949967619556258	0.023370286979267	0.4813474495709416	0.003457422257271161	0.15280813932455456	0.003591541797091906	0.002894494272373498	0.00564658795572503	0.014421464815729555	0.0077183227265495745	0.005853890343288032	0.0023267416603601023	0.012938050472488737	0.002224885512807271	0.00550059655072349	0.0035825592694952307	0.02721812674031011	0.6452577203084715	8.179032372547266e-11	3.7100167506017274e-25	5.8454814308367344e-08	2.13844995120886e-26	4.162388868326507e-30	1.7640986666819263e-16	1.2640360878943944e-19	1.6212537184272531e-22	2.776524974010534e-23	1.6954662004422225e-25	7.1982567770611265e-06	1.4909750676204576e-23	2.5042715821550837e-28	5.3767647356586565e-28	7.128924150282906e-11	1.1217545896325477e-20	1.2850092006653435e-25	3.557147955002172e-24	0.01354221487704266	2.1397565311765164e-28	7.132778295816589e-23	4.55986843785728e-25	3.542006140111217e-30	1.5844838156304062e-29	1.7908597922132474e-26	1.688051746927707e-27	1.2394836558042573e-31	1.6403039612832658e-28	2.740994252760178e-24	5.459741095040726e-28	5.930214052421127e-26	1.043005084630787e-26	4.570057962338543e-06	0.0030991330695733666	2.2916350402992806e-27	0.0016792347711346205	0.005075880320099421	0.003160427273925141	0.0012410181198230772	0.0024502667710010234	0.0034803885653182103	0.0030431717694709586	0.0031896775431415176	0.0007596512710535701	0.004277853173700125	0.0024660326519736005	0.0015583589161224682	0.0009850554229152784	0.5098339768504908	0.004553648402398819	0.0020801436019994325	0.006377900534800859	0.26755749272128604	0.00035285488643718374	0.07567391274483598	0.00028971555902431774	0.00046588517810133796	0.0011070322730186816	0.005763912990174657	0.0016997801589891917	0.001315273178831799	0.00024321439697946732	0.0042705676948392194	0.00019473265085937806	0.0011533699324825677	0.001127136986362007	0.011431249885324063	0.06763424909142526	0.0010566669406589363
Mixture04	0.005202065078733672	0.017182072573499144	0.013652590783172651	0.011933150062134105	0.010931515378710408	0.021364722569335234	0.011017337974715666	0.011566645312508107	0.017514140770198163	0.009557179595072952	0.012778271284283537	0.010535548502229876	0.8178579195813535	0.07259139920007425	0.016491796739678842	0.014465458371167264	0.09531144146061128	0.01614275162496874	0.0072571698461255645	0.009883883355633729	0.005426481663386737	0.0029478065780219834	0.003107233820685149	0.013236869562179367	0.016814927137602884	0.019812751967681716	0.006044680625456954	0.01715667109307653	0.006228903536125769	0.014414789334387418	0.010328485697980444	0.09854468826271529	0.05126972839902742	0.06348568659563178	2.235279272641926e-19	0.0024232805543122258	8.098006948525286e-22	0.0006739722273596156	0.003041191232730375	0.0034716904556096042	0.0013789120172438365	1.702751697094023e-23	1.871320977453579e-23	7.026052709450254e-14	9.37951476464785e-14	8.852094247418133e-05	0.6700994623232839	0.001594776896384999	0.0005173278466010366	1.7367780986952725e-12	3.104600800473549e-17	2.3963401889713343e-23	2.3853760889285037e-24	2.0557603076267348e-23	7.752983430744936e-24	4.190151549640109e-23	9.833472461860136e-27	7.913238076333604e-23	7.891247254750943e-16	0.008544372766932623	1.5210663600021298e-23	0.0012099727833187082	5.130296473121015e-21	2.959626590141574e-15	1.4051647638146335e-22	0.0010666771508677385	2.6325116038750687e-19	1.2083084333618724e-24	0.003073889161820113	0.00761070431690247	0.004695178509612564	0.00518005164090103	0.006237319758080648	0.013437036302157859	0.005053549945026846	0.0030678025715527597	0.003199352549665135	0.003871504476755494	0.005454978069883235	0.0056270836230576625	0.7577757568916735	0.033121755070812456	0.0073319994854023594	0.005197052970700029	0.017810106009732152	0.005303334185276086	0.001436600097084965	0.0029439129196888263	0.0014317980473081652	0.0007603549487788659	0.0009496811252504734	0.0032534715828511896	0.006012910790354719	0.01505613288079402	0.002323305290789942	0.009277781244744501	0.002404779624953654	0.006554230462912488	0.0034893759677422343	0.018640045172692445	0.019359519704160947	0.006820324842799541
Mixture05	0.005154465426217716	0.012701129677123725	0.02217857590117109	0.008721672543168451	0.005828569739908456	0.011430121419241483	0.013518341791315674	0.010846413167361388	0.006677395798584966	0.010552915075680758	0.013084640077240329	0.01048648068080818	0.008787968820951309	0.47455243143149284	0.01824494266458193	0.008975424330714936	0.16201135799825503	0.3779136626296865	0.012582492125207867	0.14518654257381539	0.007483091716191006	0.0035705245884950776	0.0007457452488991697	0.011826765736510729	0.01341006465883592	0.005812864749138304	0.005309640079693109	0.011237970920785477	0.006320731491982633	0.0065203200353279485	0.12488567117738268	0.2069706061663778	0.3889794532211702	0.34104453280185126	1.4126790943253763e-20	0.0012319737142587068	1.408697218096707e-21	5.0171326814842405e-05	0.0009062052710161831	3.577347307735594e-15	0.0018146598211431593	2.1617753466187047e-25	1.7469636019476635e-24	0.00010902049260897555	2.269139519459684e-20	9.014174776969878e-21	2.732237987689927e-27	0.01075925463900378	0.0010633602828572827	1.0297461304254748e-19	7.676008013209462e-10	4.175540424262243e-21	5.029910238532493e-26	1.2202126874055857e-19	1.0502354632450842e-26	4.109368383201904e-25	2.216877348675729e-31	2.696856301758378e-24	1.5916557286741841e-16	1.0504194847510586e-18	8.133299995204899e-29	9.450213604669332e-17	5.438871663254739e-27	3.4475372580099e-20	1.753762824499709e-24	0.0030681227000185904	0.008407311708501218	1.2958544929324252e-24	0.0018108229728259733	0.006086440985848934	0.010116245292716828	0.0044274012935811595	0.0032527026539131317	0.004871070719450908	0.006822120185593632	0.002513671451450331	0.0021431774798264572	0.0041604400417882366	0.00432538374977891	0.004699928831876974	0.002236210615348944	0.32588243766575253	0.007519154794846067	0.0026477381283260965	0.01879877222239426	0.2963973885494849	0.0035500270400405697	0.08300773198308697	0.003225816885190157	0.000861240159003939	5.7263520630133735e-05	0.001605907832594565	0.005029851520624091	0.0027073130919035666	0.0014694345270212519	0.004270164758449604	0.0018366292132148546	0.002557505958897923	0.008043172156352472	0.02373675410130621	0.08167045774905594	0.06440691921391033
Mixture06	0.003693351520183081	0.02697431083083057	0.009178478138812068	0.011939462286127602	0.009031699302371235	0.015997497171888028	0.007918339584956463	0.01327014227234303	0.02330917716979047	0.01215460261563644	0.010577795503493682	0.01310860172049957	0.8738689693213026	0.041693949929149654	0.021957168125137608	0.007432526619279006	0.03180817124671169	0.010833043543664858	0.009559092969490144	0.009158323787179743	0.0046884958146004374	0.0031107277155142206	0.0037743868124599056	0.011684412996893219	0.012114558684390564	0.009124465149607422	0.00341255763482179	0.028095945440976967	0.006333992843352578	0.010004917130801455	0.006135847549394934	0.09336954293122207	0.03295812823966648	6.347162343911431e-11	4.849573134464125e-19	0.002982214878065028	4.4771010611218985e-22	0.00019404455782576652	0.002781651986460697	6.579792628491892e-10	0.0003542884502223262	1.5482463114186063e-19	3.1289286174663985e-19	0.0011794924636320653	4.9542855684290116e-14	4.596611651072178e-19	0.7514508221874763	7.088830727803032e-16	0.001586124410712007	6.227641815685687e-15	4.132743743514555e-17	1.1746913949328718e-26	7.128957812364893e-22	8.563202873209218e-24	8.869894048488284e-24	6.419474461986208e-29	1.6785236188382616e-23	7.012287940027955e-18	7.246833347165436e-20	0.002832896554766153	5.147986912934331e-23	2.2496046429962383e-05	6.4403253689115385e-24	7.933255491618648e-12	1.8607683337379027e-25	0.0011712148521621703	3.0876746770560207e-23	2.0668235710060543e-26	0.0016776684994803761	0.010019921267878039	0.0031440444810682962	0.004055576383790354	0.005320021367169762	0.007951976845633755	0.003655254884751559	0.005157989954421495	0.011674114678002825	0.006597879009393984	0.0049294179586756755	0.00481487571992026	0.8063997101703394	0.021691383014105912	0.0075266890963086655	0.002611280977998442	0.009584891564595827	0.001288688832082379	0.002524110362841606	0.00355350802378432	0.0012308342895097411	0.0009503898154496109	0.0009562929090486162	0.00399024431249423	0.005187812898228363	0.006198044478142497	0.0006418105744104636	0.00769426632946213	0.001097881605209456	0.005608965016039433	0.0011193833769142726	0.02275515030781332	0.012988156857733649	8.174277013145549e-05
Mixture07	0.008178976308362479	0.021250282508964984	0.02136421704815386	0.01382082574109257	0.066239538264422	0.19650489840693441	0.013086123098122742	0.012876570309964192	0.006864003859919878	0.011053480468727379	0.10507834816314203	0.010809997219217275	0.011312021857447471	0.3762098176704466	0.014047934218088915	0.006400030137157667	0.12862290784706723	0.32554917788205356	0.010242964368300057	0.11764333967594102	0.006782212092779822	0.003478005129880815	0.003509333517471744	0.01608781585749123	0.015579614465924659	0.08156584520986437	0.00740517241132252	0.015847903941152024	0.00692673987342079	0.007651743723081985	0.0047184923424633575	0.02389479384964347	0.3224164691731247	0.1654021435068591	1.8563042906483116e-26	0.0023079093005858565	7.114143267893783e-28	8.947411180929447e-05	0.04894366162406518	0.004516437122880846	0.0012415411278561554	1.4083912582682102e-25	2.5629253191558573e-28	0.001904228094731648	0.00042975254400829754	4.991701592382898e-24	3.440353067335544e-24	4.5492932660517445e-05	0.00017719799452258628	5.074297000485548e-29	5.288222465572644e-14	8.202244334974891e-23	4.996902095343526e-31	9.927088156299603e-22	7.358598713510124e-29	1.4206626020050383e-30	2.5318429597417623e-31	1.74662489924701e-25	2.372908138249046e-23	0.04303074690821881	1.9620004611635876e-24	4.363844893504545e-09	2.9794510859842555e-24	2.0839319567253996e-22	1.0238814114167989e-28	0.0021607452245232446	0.005219693768215253	2.712493372887801e-30	0.00323980971638149	0.008505560181827757	0.007205954681328463	0.007812379285370799	0.05803931152152784	0.03353036424349846	0.005791000957844921	0.002559456516354776	0.0008082260345652354	0.005597352577298262	0.013688838030757228	0.0045123808848707755	0.0025278019596069313	0.30325060629998335	0.0060810579920644245	0.0022338003776357584	0.021030765306379196	0.22181758669657684	0.0011298938679845528	0.06445712392729695	0.0013662692085775194	0.0006583413053843261	0.0005146214836023587	0.003079336344800419	0.004868076332402722	0.061154872654661616	0.0022206138708985913	0.00529497320423963	0.00217889273658925	0.0032960117099464525	0.0010846106955072952	0.009292129536245482	0.05201566825004223	0.02111700008642027
Mixture08	0.004423058635980404	0.018083073332257515	0.007968427261060318	0.006357209778793934	0.0057079540850181725	0.010163772499182815	0.00943519721562485	0.0096788520359965	0.012936360948344591	0.011180240626944421	0.010220687140502217	0.008353070871299889	0.8298416107761896	0.05552387333398522	0.012906303979911255	0.005916412577933102	0.09289958649261491	0.05279378447636915	0.007410372870307427	0.01929156544191747	0.0018904280930016194	0.002437141334600237	0.00249623062064658	0.007051373768386296	0.009973898863179693	0.012221289325713364	0.003856358481030572	0.009509936195344461	0.0030259118817922265	0.008550525355551949	0.007197661841945089	0.06444974530143961	0.07428623000902147	4.57181307732821e-13	1.0519800203693953e-23	0.0018415467488935172	1.813124196821648e-22	1.46328194281761e-21	0.000260290573709682	5.848184282309429e-19	0.0006446787562680988	5.814292426034416e-26	4.322921457252258e-25	0.0017461281593148343	1.1385691689376306e-21	4.8760084725328075e-24	0.7579715591892471	5.304263253144032e-22	1.199488212274416e-13	2.3624318621711365e-20	2.962796364666252e-16	3.679381014831032e-24	1.8726266588794917e-24	9.196936259474217e-23	1.1697571405675158e-25	1.4191292467009274e-31	7.667491803678291e-33	4.495600864083683e-24	4.4832180921293865e-23	7.920913711018556e-06	1.382440699935016e-25	9.69382882186237e-17	3.3681198079772553e-28	2.7173333983081048e-18	6.820393854014622e-26	9.886984991471785e-05	0.008705040081411982	9.591350989615663e-27	0.001228776962951556	0.008019723470188806	0.0032499079710922247	0.0022986386348186364	0.0028604863123009986	0.0038767814618191144	0.004905923537390306	0.0020548967570950052	0.0026817914634857977	0.005347965291091081	0.0030506794429440314	0.00223367496081472	0.8003795872593932	0.0310315328213247	0.006427206969520827	0.0020302700934546176	0.021445238520590007	0.019674511415070782	0.0012077126520647922	0.009657132516169824	0.0001284130527215164	0.0003725255808049125	0.000273569376399577	0.0012141592580674336	0.0037654765782327267	0.003931579936937376	0.0008733192042586222	0.003140420875123338	0.0004517907622260437	0.003935838529253417	0.0009461510269655378	0.014929129916853537	0.029469957154192487	4.4743922081541636e-05
Mixture09	0.003884861824369208	0.014171882965091297	0.016747264199784808	0.008896893245242008	0.005619514258912471	0.01392556625234002	0.009040554337580536	0.006848746490591954	0.006443457955652923	0.01330695808533703	0.008939471347189634	0.012706168346022008	0.00938669662759512	0.7108059339328717	0.01343840588401225	0.35337937997145774	0.02738511239416959	0.008605078522264768	0.011694328578220316	0.03448342058634875	0.43107819912135126	0.0031235734901686116	0.007219203231896196	0.010531355113212567	0.016888229182850347	0.008465960936159289	0.012730560500639958	0.013144727600612431	0.0059399746279664815	0.014264182836954681	0.43879608268775083	0.015324590202378615	0.005484227318960547	0.8894514672862702	5.815304781997356e-30	0.0008507293888823708	0.000822787242519558	3.7115668520762163e-28	0.0006895710240615024	2.6210550523189337e-05	0.0005393746827526159	4.507617871840017e-30	6.449806615026541e-30	0.0006922060383463958	2.537316392351892e-28	2.796634262170621e-19	0.00041832526320343777	8.130512048367539e-29	0.002656584780396799	0.00030768443713715386	0.001642687783752191	8.265346912655625e-28	8.389058628605117e-14	8.030041548360507e-14	2.229280490988528e-27	1.1176394770657679e-29	6.19563248022663e-29	5.747316324848809e-24	5.326459221402894e-19	0.00016786122511790424	8.404214222084338e-26	7.394111879699275e-20	4.125367552635246e-25	0.0007028014059407794	0.004980234658043041	0.0024788100588587847	1.891251706917453e-24	4.922729705064883e-20	0.0012334537152748238	0.005686549533337115	0.010354656153857819	0.0022276878499144057	0.0029146964351987824	0.007698191025660879	0.0051028403561022085	0.0016645623858132822	0.0014992921297461784	0.005931410484012619	0.0016501714923601444	0.006002027451041626	0.0044944437899218734	0.06021870070495368	0.0065321593140281985	0.028224609412880103	0.007675544396808886	0.004561158027088936	0.014451352934797218	0.010302502950820918	0.030852466581974824	0.0007744656800858342	0.011007307834603302	0.003010679162902148	0.008393632550390344	0.0041217624619685036	0.0037391825495512606	0.004668201667076304	0.0028191661822795262	0.006708087756076685	0.051598922348047666	0.008253554608766393	0.001710568022193781	0.671001295615265
Mixture10	0.0029153127770826705	0.01728121120428381	0.010455540207256885	0.015117666914647984	0.007414895682164241	0.009854841955841237	0.011949988186082313	0.010408938346964873	0.015853528255481357	0.011363914977937779	0.010407146972978414	0.008123108676478088	0.6443070754872399	0.28238744872849053	0.01565471129799004	0.011874686419100012	0.1871037364769671	0.012137135103877988	0.010366220181043313	0.014307072806290152	0.00535717553843663	0.0017926530252471173	0.008513723782880692	0.007538710024502467	0.013450346098585612	0.008287742554684669	0.00419324199745845	0.011670156244731653	0.006558730857954681	0.01015417716379481	0.005201040141874287	0.06632582981035853	0.2383718067702522	0.04172393512339095	8.770563088867615e-27	0.0014859365027245362	1.9341161036987089e-22	5.233134747262365e-15	0.0008172923210343869	1.2216702151021293e-16	9.579976011064804e-18	1.0968126953660911e-27	1.0609094761295628e-24	0.0015531103421801819	3.376696787911784e-16	6.555382721443948e-21	0.5332207138176187	1.0839570200866753e-10	0.0002202978414606332	2.4792900946041636e-20	0.00016401273728501378	2.918462907137394e-27	1.40532960583464e-26	2.388125629866411e-24	2.2721691695991905e-23	2.0175772064749534e-27	1.0751719241565359e-22	1.4735257034691644e-22	3.2654464261824297e-20	8.650716442566416e-10	1.7484803759909202e-24	1.150652835917245e-16	7.895934398380603e-23	1.5254152607503344e-17	8.69333313500996e-24	1.4159627353207454e-10	0.0022538840503621626	7.470270199298779e-26	0.0007543052553992961	0.007227490737486694	0.005478120758521118	0.004675424025969086	0.004370970196511071	0.00460787242082592	0.004085130945168043	0.0019156548213731164	0.003076442516763247	0.005694841330052479	0.004430581749953821	0.0031067709935170655	0.6004783433073052	0.15060119986791018	0.006250824072030771	0.005072400318856798	0.04066795433132137	0.0035314876109418408	0.0017373438038726353	0.005588878319458607	0.0010448612602940513	0.0002802956372945371	0.0023379224225379735	0.0012633982539415412	0.006310837327163838	0.0035579463000799875	0.0009702487857415379	0.005509701999499016	0.001958435030207152	0.005088443353005789	0.0015117546547769418	0.017060441385491752	0.08248254101137674	0.002900164998839674
Mixture11	0.007763556197265741	0.022056542423373512	0.010965729736562594	0.013383597018908476	0.008719643833678507	0.017510617074743575	0.011661191857953609	0.010007034001231457	0.01198990719893148	0.011063947083303199	0.015482587138274441	0.016367559740517002	0.010673346387524065	0.8330193600739059	0.018970456532839592	0.012117306235160174	0.03267047946241971	0.03503784890061082	0.009090630354153816	0.029516504652780797	0.005131874702805293	0.003099728336323538	0.0636131826085233	0.008953361443683257	0.014996374794137823	0.011734833844313747	0.009307267306961164	0.02305730653150989	0.0059360906075509685	0.008271730491063625	0.0069829747702197294	0.10518222634832258	0.7388192777549847	0.1601513176530222	1.6830302482499402e-05	0.0033110795997797838	4.3522572965960075e-16	0.00150910249634479	0.0008684678036516621	0.001863200995298576	0.0024017938612608644	9.47129951822656e-25	3.2551250760766808e-25	0.0006789747499079825	0.0020131829898664745	0.00024908274638459093	2.0503378680218122e-23	0.08391939045755435	1.1699229657948692e-15	1.4145144979240145e-15	3.299599812554488e-17	2.709520776221489e-25	2.822316453999325e-24	1.3228790707747042e-21	1.1015320605073354e-24	1.3377114420746926e-24	1.2471034150269938e-23	8.04240395645641e-22	1.4865173276404876e-09	0.0013722298516298573	4.457613888269139e-15	0.0030620378879717266	2.7352260966476175e-22	1.7960914360985302e-11	9.027710263825501e-23	0.0028162164334172694	0.0018894044238278666	7.661030138441638e-24	0.0036697341928304005	0.010032997686864931	0.005637315298415365	0.0060203664065214555	0.004402531965979739	0.008739100530386904	0.006617546065085252	0.0031799603365554	0.003284691857444463	0.004888249646832373	0.007146170405355048	0.006103965564702444	0.003547144219885851	0.7239920945515346	0.006471337556571956	0.004476055494253402	0.009913118408970306	0.008977782152821589	0.0022577077141729676	0.012258311078464201	0.001168414458854017	0.0007516682584311166	0.004955867794228423	0.0017523018087754066	0.006719119977340257	0.005618566502056483	0.003009857950563948	0.010076140298396978	0.002098263442814792	0.004598432327295667	0.001940940133600434	0.02007545649716539	0.0758402659020285	0.015375991548820238
Mixture12	0.0017507836871568914	0.011415330626759528	0.010993282046121721	0.003488425337461306	0.010167401729602508	0.011891420949349429	0.00727401472262677	0.010902338743447855	0.0032040764753671824	0.007604369878641505	0.00944379103490445	0.008868462606950468	0.004236178002644755	0.025741964561941957	0.012003939475402835	0.00652804195538241	0.017488838880428615	0.03719810025661545	0.008952926443891068	0.9526092264486496	0.002900718745285729	0.005392393778095151	0.010060753764234586	0.01298493150304131	0.00748015947868992	0.005541940078765026	0.0024998550405455557	0.011487946234971895	0.0070553091377297955	0.008252788602656646	0.010739576559863817	0.025359984125703595	0.013028271517204613	3.930601719389763e-14	1.9994917001114533e-29	0.0015117668324481136	1.7374819618437904e-23	1.88112295998694e-21	0.0005987801248611987	8.685972707078938e-15	3.505539537516369e-17	1.0729628752288985e-21	3.9512605495566653e-29	6.79868820981932e-14	5.264056652102488e-25	3.410413582668816e-22	5.569385617336784e-29	1.74931513596039e-29	0.0009238768858147544	4.571529139462662e-22	5.016580215057522e-20	3.354429453905601e-26	2.6202903420743366e-25	0.1901913874335486	2.718529900528125e-26	1.0370207121256004e-21	4.084370967812761e-26	3.3250472746048086e-21	6.343769286067791e-23	2.7849375425998186e-22	1.2678137114470176e-25	0.0002841956160615624	4.765707026224513e-25	4.279869048103099e-20	9.278370500044952e-24	1.5943889846540044e-12	5.189222241101755e-22	3.236193076309986e-27	0.00019876243296848174	0.005386140071679776	0.0026983188513875086	0.0012805974137431206	0.0033230879360144207	0.004906697289643376	0.0026329340653751233	0.0037763858839501723	0.009399204354333808	0.003147155244094052	0.0026228422544176326	0.0027917204647441587	0.0005677980024225124	0.009407386415144397	0.00622817836182626	0.0015319028797581328	0.013148980347727773	0.009655094527684519	0.0016882783124727233	0.8630884142285298	0.00019180794217936003	0.0016740144558259273	0.0021104290395767273	0.010137826101358079	0.0014150992805046878	0.0016325564950187802	0.00015759516841215815	0.004873205035193863	0.0012204134030158738	0.0026873899040861194	0.0023686886476853943	0.0162772349406039	0.004450772312505732	1.0120192823743433e-13
Mixture13	0.003447676859422994	0.013060780718664925	0.011494898227477603	0.007690124332474306	0.005808047716947109	0.011866798328520778	0.008266396661609223	0.007865295700976332	0.0051036544405637235	0.011716024279918653	0.006738978758113934	0.004667791461267165	0.003853314026963762	0.8628959952596632	0.008500083745273813	0.004938918285133596	0.03671457412210595	0.8936060511238849	0.006148319541558326	0.0398618720186525	0.00459575693766916	0.005218650161396158	0.00421509305578365	0.01463528812487811	0.005552452938219018	0.0035642505672355226	0.004233128596521916	0.006981341818010538	0.004816839043592115	0.006511670192685535	0.0011666490111590317	0.023070629563945497	0.8301659883623468	3.814242120814783e-14	2.5495407790834165e-25	0.0007726679098555921	2.4123546071591334e-27	5.2243371149163034e-23	3.0660460887815184e-21	2.572715647555685e-22	5.981502274747436e-23	8.539116297084067e-24	3.5183327467694977e-26	2.4978300692156566e-16	8.42327922928603e-28	2.5687996694016282e-26	7.573778948606522e-29	3.951902025715802e-15	5.848124415660114e-23	3.656013903168353e-28	5.099418447363877e-26	1.9625129983453817e-11	3.836819590497762e-26	1.3066075630291357e-23	4.8807268010644514e-27	2.31324535353114e-28	7.371722633587349e-29	4.043306457602821e-26	1.0112581006852856e-25	1.745238284001173e-27	9.634410854650295e-27	9.296455740371321e-26	3.54659849056536e-27	9.672943796473712e-26	1.564441785045787e-28	7.492381698818099e-20	0.0016628876531746258	2.4134295936932072e-27	0.0004321784804699989	0.006095719316898091	0.002025336384339346	0.0026762239555472222	0.001975338012130351	0.004370492273985663	0.002845743497402356	0.0017802563093792271	0.0005757853203666124	0.0037741803098107723	0.0018893890394425627	0.0009444537666945038	0.000488575319485172	0.3522271871431933	0.0025649454645728397	0.0008001503461475149	0.008142392587063733	0.5003305783366297	0.0009550300646086178	0.008714238690849543	0.0005875464548612269	0.0007853637605893145	0.000300483437431785	0.010793942785146499	0.0007370944780308475	0.0006416187140112538	0.0003158863545348448	0.0019242413383397977	0.0010672571823170452	0.00204212214215395	0.00010116856405931307	0.008179576365411868	0.06595752701038446	0.0009826387815802264
Mixture14	0.010298869985982069	0.013829420746139551	0.3989037329504319	0.007415127256603407	0.00565667648269727	0.013300230701859511	0.012587238825619268	0.008305861611446023	0.005425712688134779	0.012827319141091309	0.004471109190490488	0.0075970427466106275	0.00961975960962726	0.5388542660406219	0.017066286567631334	0.014473224030069759	0.019091352377993632	0.008324371397899441	0.014622825043550173	0.04321248704283844	0.252625765005087	0.0053404918506528565	0.010212051375424979	0.011351544718276417	0.21702402396726614	0.01065851881949743	0.017338034567017074	0.01077478635148179	0.040608392592097114	0.020452821560802064	0.4117340620897902	0.019689981368886326	0.00803897056579877	0.8467484671138977	2.4817792695795383e-18	0.0027863052922227176	0.0033877814177614607	0.0003087766467521676	0.0008955386905040579	8.846817355408307e-15	0.0025207874805247537	1.5029848289163514e-31	7.709215709927931e-27	0.00011855504565548626	2.395230603346776e-23	1.9972856218968866e-17	7.914904738803139e-19	1.4119803768019837e-26	0.004058451162283965	0.00014310900614747455	1.79603717053229e-05	3.675361341071502e-31	0.0015463679111876372	6.349092318200311e-18	2.3800837311681015e-21	4.57119990507961e-21	4.4884421988018695e-29	1.5892991135399163e-25	0.0007871919379823392	0.0002481946406875834	8.93511875318844e-22	7.866396413621311e-16	0.0004783829072508319	0.0019119628308108417	0.012927542581841074	0.0027119716914254825	5.12563514725857e-28	0.15032999002006647	0.0035315812076542525	0.006835679032490552	0.0385416789620967	0.002938687042016156	0.002736227915760678	0.007469254702290303	0.005656472236964992	0.0018922288317062821	0.0016722151300275748	0.004578812113653966	0.0015722571044201974	0.0033593608238615584	0.0038116829896626676	0.040154556080793144	0.00961440321478912	0.004542020475256147	0.007282864189326205	0.005418219720024484	0.014134186661788234	0.013297551903964857	0.014912385303884789	0.002035098619363046	0.00422933886890632	0.005502438660363023	0.018911758963538593	0.004259263946303405	0.006034288578307187	0.004654765408835583	0.01721213862490001	0.006298744401888315	0.09231086165971242	0.007541731392719742	0.0019503800569574572	0.6323706372600114
Mixture15	0.006002612338806801	0.01477952695859042	0.014273630031973981	0.006751896552530101	0.46893422950104213	0.009326053636876504	0.008254651518322137	0.009190865933851258	0.007899000334696081	0.009586480968720295	0.00970432114162891	0.0064010887016598345	0.014304717202583256	0.02339914020616638	0.02001627467681682	0.011470916256112941	0.027744210768773793	0.006126844996972513	0.008990135468250586	0.030323225687049603	0.002180352521752118	0.0029837982694927083	0.0036630157242491202	0.011832668371453043	0.01267759980815088	0.009898378359716693	0.007257956868476533	0.01416167958080229	0.002756618762095468	0.008413289314884866	0.004483091732924871	0.013700648413854696	0.007356760689791522	0.047074289603641656	7.2564308125772175e-25	0.0019549550639050197	1.3352277926973901e-21	2.392963143433937e-20	0.4030271711989168	3.247505527423379e-20	1.2656915479518635e-05	5.320407457770117e-27	9.02301273193956e-25	5.0751245234400675e-06	1.7261174242796424e-16	6.853728531578914e-23	8.471291166008937e-13	2.085879595308897e-24	0.0019432577935242102	9.035068632330449e-20	3.370060668576322e-17	4.7684445833295384e-26	3.2712761391717154e-20	4.145249106904121e-22	5.441957790578275e-29	1.2385233508398231e-29	3.481158999798554e-25	1.129401985210546e-21	4.3571912150792474e-20	4.0946179252016267e-20	4.244040582132214e-22	5.873165920181924e-22	2.351838438876087e-26	3.222525236664466e-05	1.4877702098949895e-24	5.486497871934068e-10	4.328420630546193e-21	8.809644705996801e-24	0.0014926492270786853	0.007727772197522441	0.0068824670696775	0.002148649302694461	0.4426058850151713	0.0029610186049947584	0.0038062840462530136	0.0015868892617460142	0.002203139762925432	0.003949828897876141	0.004218442633945039	0.0021663797750964024	0.00433892259247286	0.0034680435389621038	0.008896739599534161	0.0037794763422413376	0.009236303065353344	0.0013234975278167908	0.0033536619954730533	0.006980514550772525	0.0005919871391338101	0.0004041480624167492	0.000607907635525724	0.0019075839633747771	0.0041659550127146885	0.0019419972541793755	0.002196351007540351	0.004036508109563606	0.0005214132766138394	0.004958144953188333	0.0009560324854771014	0.005732106778004456	0.00220660087984741	0.004040813419641106
Mixture16	0.00335903438321099	0.009455848978237693	0.010182758899527565	0.003099939724999135	0.004912651863311649	0.010953301713955779	0.008845546386410844	0.006127968283102273	0.003974561682753185	0.006977465655439081	0.007712226151239998	0.00962665231263723	0.006190319601791293	0.019759611044705402	0.008786008825579726	0.008641657133877358	0.010363030399249615	0.007460877705399953	0.010391558584603094	0.029144659622972552	0.00464827475939906	0.0019329038184114917	0.0013745851918650397	0.016061700641502658	0.01128483636137318	0.9345647422836407	0.005478712077429988	0.0074621093390785645	0.004607258085919288	0.005318432956986693	0.009293561985665132	0.014448856988689354	0.006493829710881782	6.048024771074729e-13	6.971680957799223e-22	0.00037039338502802764	1.2110513703984664e-19	5.176994053311674e-27	2.5903607161056564e-18	1.4744849995712843e-19	0.002857326606131098	6.5971352844618e-24	9.296190721067361e-26	8.237210370800164e-18	3.389731049955483e-21	1.093574690798539e-19	1.2609068841197962e-18	3.7801499638428208e-25	0.0004894531148549167	4.5972549808700686e-21	3.3952762937491873e-18	6.90690466520864e-28	9.275770424956397e-20	5.096659943962597e-21	1.3647322285903996e-25	4.0122230650518765e-24	6.646285033499959e-25	4.1763526820017872e-22	1.4565878541608515e-20	0.8659708168398058	8.886546370425328e-21	5.946683240101763e-23	1.0330897625234504e-17	3.8789950544325075e-17	8.174927266324123e-23	0.0018086420459644972	9.481735334617678e-25	2.3714301492900486e-25	0.0006846278366045473	0.004376231577940406	0.004131894327896788	0.0005123221837471381	0.001929215464982729	0.003963304690472852	0.005339189298989794	0.0015800451166158719	0.0005953233051790161	0.0029174827267823876	0.0025827029729737967	0.002511449833733127	0.002367426282326629	0.0028979249606776486	0.005089113126991448	0.002420760158333323	0.004614688916311197	0.0010821390054584932	0.003595388804581734	0.007863695358032233	0.0007238183115523094	0.0004326069247468499	0.00019481689476257209	0.0026742610216939893	0.003616569605132689	0.910880666060796	0.0022003246889129805	0.0017050168408800227	0.0016852970683163488	0.0023733091935838647	0.0019300725878869157	0.006434818420173397	0.0020735159435837274	9.07650243645397e-05
Mixture17	0.00959826177713255	0.016454515437582824	0.1573423126808172	0.012400817651656959	0.004826838468780617	0.8780323276866352	0.012527933303977449	0.009750758781386013	0.01535798855127651	0.006985144288346323	0.013627944072955093	0.014247232223083285	0.008016993769513153	0.007318277399114092	0.014423031583977754	0.01640789296211648	0.010707881302674192	0.011495891370544771	0.012701587180698406	0.03856550393448685	0.28119498615854577	0.005204140030380364	0.0037493485899541	0.01685772871299004	0.023476700508169142	0.012524146636192002	0.41260333723403014	0.015247557272063708	0.005403276110307381	0.013227788948577191	0.41171551780431087	0.020729429836391096	0.00889708396606851	0.8505828893526527	5.513131743002408e-06	0.001601752455629301	0.005163582793287477	0.00020620727707201423	3.201107057560217e-17	0.0011477745960295465	0.004136538349127246	4.1158722957874933e-25	3.375588909343408e-24	9.049969958925671e-20	0.00012324567258502822	0.0013238694656261592	0.000584780760851013	1.393264097190561e-31	0.001466194575353585	0.00023326453687511092	2.3266225759796193e-05	1.0158478117260772e-26	0.00048021774795031357	1.4671523025276098e-19	1.799917730344533e-23	2.4658344166194976e-24	5.596975910381374e-24	3.0141262976721523e-22	1.9979070243067086e-05	0.0004176792676158175	0.00011486307350794408	2.2996359172392207e-15	2.509880443869216e-10	0.0017020215143648037	6.054668216149641e-14	0.0027350761021318237	2.0810033856294562e-21	2.179670979379869e-20	0.007560523292372853	0.007219907560808406	0.02337006969094241	0.010307125691615826	0.001971786532993609	0.1396405747868243	0.00813389086977409	0.003871741655715095	0.007265199799222633	0.0029472422831241848	0.006173458435243754	0.010012052545407015	0.0038830378022672364	0.005589284795775058	0.0080051811053798	0.01469364178072004	0.008225135983957924	0.010090247398688492	0.011666960666678647	0.012109302649459325	0.01741077277320821	0.002282485186907463	0.001219166995939229	0.003909447724234569	0.01579724832085818	0.005883277961991134	0.02922224141839916	0.008136103688485675	0.00243606454567713	0.007434685293096306	0.05870379366208314	0.009413711609135577	0.004036534495450036	0.5294063144645699
Mixture18	0.003949552948942774	0.012604496564674035	0.013726615804290684	0.00501997045562542	0.005012657895184713	0.009037297098954568	0.009669351342945158	0.017107024359771704	0.9429860686060704	0.0385755102619023	0.006232179854341915	0.006270641764637208	0.006753541613952659	0.0007789222327504987	0.012361122418575916	0.00748451420811187	0.009180689442242904	0.0052072044560101	0.0063074756116992085	0.013244592621835327	0.007674945573366733	0.004611781380016681	0.007644940740331281	0.015970825753563386	0.0065617662331292825	0.007689272244264088	0.0027784814145714386	0.004296446368134442	0.004921467688017666	0.011210554494528796	0.009448675690096744	0.011826458455614728	0.005691949391380821	5.666133066627896e-13	1.0097812375448836e-26	0.0004762759668148494	9.948623805833708e-20	1.8351480276395387e-26	0.00011536918804178576	2.2410281360643116e-22	2.7525146217280725e-20	5.139356722170658e-29	0.8420015035572942	0.004317338820019765	3.9954422908367263e-25	2.5680747398386448e-23	1.2432839741233763e-22	1.161268410305004e-27	0.001518668509373501	2.867778126379908e-24	9.493629959127803e-22	6.490488928714389e-26	4.2960073549726764e-23	1.0603550889019491e-19	1.9897406494553634e-24	6.571939716235644e-20	1.1439157681844615e-24	4.066616670315077e-20	3.7264828111409384e-22	1.1575486999985417e-23	2.846830241707996e-24	7.958193030107015e-26	4.515214604890135e-25	6.471084207642791e-17	1.3628851358534206e-22	0.0005353173622598876	1.1536208939588065e-24	3.5152231186385576e-25	0.0009342368814836261	0.0054610049947502685	0.004800921204117728	0.001406322722058008	0.0022974801944562516	0.0031514441403659448	0.0034041220412932525	0.009266432564868567	0.8996464443218224	0.01284192459003573	0.0016170113003720148	0.001454295549979153	0.0017885459870603923	0.00011113917396308944	0.006753897429653713	0.0015173102222792107	0.002905472807317846	0.0010483472236766994	0.0012921863603750383	0.0046261864491086305	0.0007655648925947565	0.001608777557613661	0.0014919291249966807	0.004189157424660309	0.001481177570823231	0.0014016874307380745	0.0003174354266727367	0.0006539084299986741	0.001703233347527048	0.004303476992685969	0.0022038380576938858	0.005163467078027372	0.00180921168787167	0.004284928624602188
Mixture19	0.003386492352957553	0.015401268177781022	0.009146094345837226	0.009654460471728021	0.006845446561533939	0.01154613135893903	0.006307948035687969	0.008593975292285397	0.011206371634326624	0.007235602073095039	0.007528775584420767	0.009059170976286144	0.9333539279549787	0.013346843074211785	0.011876466946334239	0.008270677974712497	0.026861629411431068	0.006208922548844715	0.010166002063220225	0.010721643592263522	0.002840232784724625	0.0024747227625360577	0.003357744017970724	0.0069783922201991115	0.0090285257410022	0.009166628955863902	0.003938493673163424	0.009072879275884864	0.003892878539148315	0.006384250152721308	0.003122606221851796	0.07442954851154422	0.007803974288796255	2.773755630342272e-13	3.52554334288287e-24	0.00085769561722266	7.312640486040939e-24	8.972747212836407e-18	0.0004289142822251176	1.0671121435259929e-16	7.90626350935856e-16	7.03802175120282e-24	1.2249864623249892e-27	1.564394989239237e-13	1.5885805255140124e-18	8.896780190752404e-21	0.8220686396461306	7.080267358792521e-29	0.0006882645910770756	4.837541031496397e-19	1.3749803159669616e-22	1.2740150440287961e-24	7.472961567936818e-23	8.043787812916609e-24	5.15967327530534e-25	4.465848523878877e-26	2.7216155212321685e-29	9.757296951509621e-23	1.7150405151787534e-21	1.5847269223561686e-19	5.187935377900849e-26	2.3367077514981116e-17	1.1182496530452931e-23	1.891525670605308e-16	6.837454857108161e-27	0.0013160327820896421	1.6051567524123521e-28	2.961743415765298e-27	0.0007984818888791817	0.00690674349387788	0.002636544962912461	0.0039569519536265555	0.002785309552066337	0.004595059945490574	0.002762310519600697	0.001909468778167057	0.0025779694523266226	0.0033466497611077317	0.003639345934052817	0.002492229424565491	0.9003167350994353	0.0020107165567681455	0.005405329088821809	0.0027949024412190467	0.007336082795467558	0.0017095003535427355	0.002158477558417267	0.0028237351072632148	0.00042115151608465747	0.000350850180428104	0.0005034123543898576	0.0016348043451638544	0.0023684226322826965	0.002981453464558538	0.000536250317938138	0.003291447517511967	0.0006873966484255006	0.003154617077795445	0.00029616521230348304	0.015796696433121836	0.0019738431816429614	0.0002556348986781386
Mixture20	0.00791607204418948	0.011189486177772417	0.012792395720744388	0.007318979244654194	0.005385081666039621	0.011813690122646346	0.009276531242177526	0.012571981987505051	0.018209700618494917	0.0094887646239348	0.009916413128363574	0.010323457239488742	0.007092927651965881	0.8988944258070987	0.01682248214306713	0.00604532891733072	0.016429545602743158	0.008165727740783078	0.008451659658364537	0.02381732492472132	0.008787577672098826	0.006138722794445368	0.005069182577440896	0.007870976508856068	0.01617082559436071	0.006360521435488074	0.005398905938711679	0.015696288596651033	0.007865058217607456	0.014306281713674821	0.006560275837077402	0.02635402327982813	0.7443768896552345	0.007713255796657981	2.0121355773529126e-19	0.0029016297950622723	3.502964673679779e-22	5.057806477993236e-05	0.0009070667856742125	0.0009722309404650135	0.001276265132063404	4.454775456026633e-25	9.611072601651022e-26	2.1236514071318651e-10	2.0908590274081066e-13	3.173005881951157e-13	9.709308004460864e-28	0.13663001434518074	0.0008412325239065949	2.878253035533549e-13	1.1566825893252124e-20	5.251030402018145e-29	8.964434870009873e-24	1.3060338745190187e-20	2.3072616741973016e-22	2.1725549272570022e-23	4.0314281047319866e-23	1.4445407536794923e-22	7.33560697432291e-17	0.000328996404459563	1.9351562087232364e-24	0.002585019298813517	5.964744923767795e-21	1.0175349235641987e-16	2.3525804273390006e-23	0.0024017036710919496	0.001780940104517253	1.3894613264640007e-25	0.0029109616049838127	0.0067703447204113705	0.004886050098587089	0.0034957702133482744	0.0031386539216121732	0.005392680457760926	0.005250658593903719	0.003536267717924634	0.00400072493063065	0.003963567909879031	0.0034962046346221467	0.004779113307735172	0.0026307234979105853	0.8186092314927665	0.006567321416342419	0.0023197475091842556	0.005614606183362955	0.0022897855091691104	0.0018672031134738137	0.006804298484653319	0.002577516552619548	0.0016541247997760898	0.001328908612185741	0.0014979879545232084	0.0055821544960247315	0.00289200891499378	0.0008035841409750964	0.007359642156897079	0.0022731350795531253	0.006159813607493897	0.0016266320435330633	0.009752313315298421	0.054632900424443236	0.00039670866180870084
Mixture21	0.0028822890264794034	0.009417997214882845	0.4226823279851311	0.006115319600175303	0.005694100373085919	0.008756374417535712	0.009916593077718295	0.009075019540319354	0.004368798752458121	0.007034917650804313	0.008467262114147634	0.01164947709116968	0.010716453220668077	0.006453670794780643	0.015512908446735092	0.009410281476219614	0.016067137052352676	0.010807456217521903	0.28628879329944973	0.050606365101101516	0.3497635735872953	0.003856166281407436	0.0060375285114680054	0.020208371801683823	0.017442634860564337	0.009491263968086788	0.012067040797576482	0.01138207125834104	0.007336911833098763	0.008039403117122458	0.42957942097259955	0.017412638525178856	0.00862452083147293	0.8976630242756358	5.188858122194061e-26	0.0026128827211761257	0.004263716045517019	5.6004476102718734e-27	0.00012801950702840819	7.294872203557859e-21	0.0028418450781659606	1.380055461582596e-23	5.046332503945046e-28	3.1128927414648655e-05	6.532000710567494e-20	1.919026805404729e-08	0.0011619169182001772	4.603965389900741e-29	0.0020094211659388655	0.0006369258849038404	0.001757367519000646	1.0316824886765977e-27	0.0006497273554530394	2.0611341756505924e-26	4.203625652806382e-21	3.1689605637480427e-25	2.954768788369419e-23	1.5878562720767764e-17	0.0018509124694643334	1.565574759500822e-08	4.6585343751228435e-27	4.164405098030845e-17	2.519767949134202e-26	0.0031790930979989362	0.0040995203939155405	0.0025052479829531546	5.15509579779058e-18	0.2863660470992362	0.0010351208804476972	0.005957468067255694	0.048987099978920215	0.002196856721590293	0.0026159659994069973	0.004091540072894486	0.006886572163238493	0.0032671234345242896	0.0010583111122144267	0.003711937891099678	0.004100670626296416	0.0042143471484486226	0.005253002448359867	0.0018583249991307568	0.008092217139441018	0.003382428237140862	0.008158100219913327	0.007443205925312974	0.0203668144034934	0.01505700552924274	0.01803637138371569	0.0008696994030102987	0.0019979707858356057	0.004644691437778601	0.011468933567485955	0.003767230888279565	0.0028924590716540477	0.004049375185199259	0.0022947695145849457	0.006042936389877102	0.07609702771765312	0.007194540425556912	0.0035018918415134596	0.6967920233900762
Mixture22	0.0030992832700590884	0.0202820111073839	0.012865702545617818	0.00694913109710889	0.007987077017684181	0.014723636364595965	0.010993888666370768	0.011240346859183962	0.01648514429973894	0.016496199739564336	0.009379742622804268	0.009937404290814023	0.0065474624828887025	0.8537314793260099	0.029229654748639672	0.009833280452898325	0.01610374558566474	0.01007645710868282	0.03188742972680656	0.03138788734853791	0.002772279907422417	0.0027626312048371947	0.010420823387773986	0.01873067728961787	0.010184108121867493	0.005692130768083454	0.0019010024947544032	0.012706888860133101	0.004780635372626497	0.007621273828204377	0.018613742526439783	0.27583384881491846	0.6499661469648716	0.13875340180937784	3.168908772421249e-29	0.001563232945101421	9.076750992736704e-21	1.7576484083738128e-17	0.001371071628369546	0.0006428769706374773	0.0016916685644583528	1.974050465382786e-24	1.7045728001000803e-26	0.00039191414276054285	8.183643989360765e-22	1.7931496560388424e-17	3.440253119101213e-27	0.15931710607168206	0.0031475001883908937	2.2988447388846695e-21	1.903965644008757e-16	1.55991876394027e-24	9.393513686370663e-23	7.384230181042841e-21	2.9276215377267236e-27	1.4753276791806894e-29	6.89015546586902e-22	4.574773095484706e-24	5.361228349011945e-10	7.503737249914328e-25	2.0984007694589247e-25	4.484468341406841e-06	5.4776021569567075e-27	1.4471528421192344e-17	7.813358938014429e-23	0.0026225019162100256	0.003295498926992586	1.864706191614048e-24	0.000808702867519513	0.008350741302399486	0.006829792517723338	0.003033092072344484	0.0036442446925754033	0.007282208721244141	0.006733337026258862	0.002686183384234571	0.003669225976018008	0.006979553053274102	0.0024012731741100595	0.0034237503051960873	0.001307372521426452	0.735824324733728	0.01139468085386531	0.002729165638866158	0.005719552490710773	0.0031018190093079403	0.009155004104148405	0.008450172369541693	0.00024096148447699903	0.0004037503461501007	0.005551626095628166	0.0031135107013151946	0.004686938166759263	0.002021112426300098	0.00018486347401030598	0.004925432281378995	0.0010835389605625184	0.0036186553710968812	0.007516896147901909	0.03493861238904892	0.08583392692425218	0.008711733724050243
Mixture23	0.004476495734264644	0.05525197396102899	0.013804927013258384	0.014451100496367273	0.008565129950036627	0.018373655472857155	0.010961781972419987	0.011662719347721215	0.011767200388019473	0.008897088440845103	0.018682034533895827	0.022478107387299048	0.0054838848669577596	0.8606760457953073	0.015350489274160614	0.005034439019132432	0.20022484567472337	0.005360718116286485	0.010312372470815885	0.02270949719238738	0.005853116982838265	0.0032898170258534747	0.004152097471318494	0.16206395251495354	0.011243723483512191	0.011060928491301875	0.0078744239674073	0.01781020251770823	0.0031486858693741664	0.007003175700330494	0.007874421469606367	0.1403117324593819	0.8132857389275887	0.45357433710536343	1.9172162765754068e-22	0.006162986646996117	3.199965458507378e-20	0.0013681641128649802	0.001409464674629313	0.0014500988350642707	0.000980623731280196	1.6090479777055414e-21	1.5797533785705747e-24	4.479550383229252e-05	0.0012652414224971096	0.00176163774972066	3.801718942419602e-26	0.027836432658708197	0.0016833381791317521	7.207455279671847e-21	4.885403708554157e-16	2.2558701533684452e-24	4.2486871243196656e-26	1.2776846721775336e-21	1.2123306659679505e-27	4.803038614227348e-24	3.2344336278537913e-28	5.113595706425666e-19	6.047858427674297e-21	0.00017905205213534082	1.6556283113171686e-21	0.004441553104770209	2.6322113189384983e-31	2.3094958454147796e-18	1.1636413319804758e-21	0.0008378233445932228	0.005790796266608274	7.726898064809367e-27	0.0014581158714284234	0.01750036571505299	0.0038152901654451843	0.0069196839306930715	0.0038860372483578353	0.010011732253085852	0.0058098922113878895	0.004501925040898533	0.00596430623940405	0.0044102026720756905	0.0092162475113427	0.00723394639328263	0.0014866761677222668	0.6506755763742517	0.006846074213051518	0.0013753489761513778	0.02955358405974976	0.0010578484084692488	0.002469844974955786	0.006333659179819782	0.0007042464877579264	0.0007089648571071403	0.0005779623700386334	0.01389042535646784	0.0037750256085967416	0.005084734936648543	0.002778213830576351	0.010382777600790418	0.00029279582288398333	0.003117247684688413	0.00615737028990741	0.01916294387422757	0.11749024130170646	0.03146465512361851
Mixture24	0.007353622120628906	0.02650178119338267	0.016334338115139593	0.010605504216312461	0.009120984116150805	0.014494684071317704	0.011068843042866714	0.013109558501139732	0.007886134864128069	0.007653970539319517	0.008226460343921703	0.013009849840891955	0.007514351763795924	0.2778070453555108	0.013291608099252606	0.011122652783751113	0.03127505470207336	0.005355360396022158	0.012441331719857293	0.9379023055406012	0.008139581135989225	0.0042390717460231535	0.001928266061455254	0.020173366694939653	0.010675182245632794	0.009463923784997445	0.009066673715675376	0.01829234755295868	0.004667141519967999	0.005390556182611306	0.006871914920733444	0.05902294596590893	0.016177874656236952	0.6025479979379846	3.540656693126883e-20	0.002507715205265006	8.607861759144357e-25	1.7961030394122162e-18	0.0008481983454379035	0.002289993167209112	0.0005171986252356001	2.492488263146679e-24	2.2940057302258424e-28	4.7959783450136515e-22	1.336677786758618e-16	4.223270836008019e-18	4.170235661745117e-28	3.115667729905873e-29	1.4476630287930799e-15	5.842241574042603e-24	1.4679497268293443e-22	2.2547379036093848e-28	9.376407205997103e-24	0.10786280307517904	1.6941682671279947e-26	8.354032532302704e-26	1.4738010019396475e-34	1.3382947704618698e-23	5.879592723902219e-24	0.00012733392405350763	8.440672633084295e-24	2.1891698844483873e-17	2.1875916320359847e-27	4.860146502790417e-25	5.056906350336646e-27	5.712878996445761e-05	8.636119731090179e-20	8.437782085000363e-28	0.002905391075589092	0.009880622653480907	0.0035758464480965253	0.004628100683632083	0.005921840069131565	0.00835401121114151	0.005307094757503416	0.003596204710890101	0.0018646606937172843	0.0026957944306978464	0.0029574602268911464	0.0038484215138741744	0.0023013766297026914	0.02821730722533127	0.004738951824756794	0.0017695997515795293	0.02415900637258875	0.003138410835827318	0.002468031891428719	0.7824705314452138	0.0008981825337786704	0.0007548032088010114	0.00017075242681311868	0.006814355331551376	0.0027794212350752785	0.00506840374331189	0.0032888110355021377	0.006526429422060816	0.0005525173752646905	0.001437457964756591	0.001358442491991466	0.010389303620107999	0.012947592522044171	0.03629302256873467
Mixture25	0.008731372248501715	0.017321968076993197	0.011041318025788251	0.0168972630962171	0.009536224321726577	0.01900802134067742	0.014299093128216388	0.022863008256220212	0.012568490547975592	0.012329281668075799	0.013513739314404425	0.023976496536010805	0.011452272709784635	0.5304911101528957	0.0156398680658067	0.008339583024896808	0.5475626783623815	0.5164080244713865	0.013631519930061295	0.9212448355519501	0.009944722406047246	0.0063576786142421635	0.011169250921072722	0.07457857659955279	0.014852937316143773	0.015966851411956143	0.013734870915202334	0.01342294501177392	0.005104460056470115	0.006982829579584329	0.20228560505601031	0.34413878841312373	0.022863346675860884	0.6428557733202866	6.187959232434566e-22	0.0020379895618308297	2.0171640346478263e-24	0.0012472671313585296	0.0007567296976459687	6.374752365284163e-05	0.0014742528487458196	3.8741032686641566e-19	1.9746745805535357e-30	0.00022786299199657184	2.2260104944152464e-19	1.1455189696120186e-14	2.2355865141867015e-27	9.513071724883495e-34	6.12446825219096e-18	3.556195842759471e-27	1.178142070638278e-20	1.6202239335996662e-28	1.549837686174284e-28	0.010956818929645212	3.0495768060632264e-29	2.3412226516750377e-28	9.203518049928448e-31	8.024937436725321e-26	2.7760469001683315e-23	0.0009115800346281151	3.2983117995705075e-20	0.00011303666561801316	2.4309775561060562e-31	5.650865662792668e-24	5.31207877751625e-25	0.0010043473211308028	1.1185610297987697e-21	3.6309359062069034e-29	0.0032397122966546506	0.007860220199269801	0.006287489892712633	0.006619363955500102	0.004479132859036094	0.009237622768511408	0.007830957182844024	0.006877703522197303	0.009669385045139856	0.005756825367158916	0.004861383919795363	0.007005138647304082	0.0029974291030441746	0.0641564945382774	0.006491730711043735	0.0023493746687482265	0.04078675204211677	0.03533021388777237	0.00523105835525584	0.5570066906664156	0.004231811326635621	0.002105700350312928	0.0015063614448253884	0.011396386372790914	0.004272149713915237	0.005605269823761594	0.004174465884091773	0.005637728128847767	0.0007901513669611686	0.0027961174416033215	0.01797605211139635	0.03161047725058454	0.021007396750812344	0.08833611954562653
Mixture26	0.002883375539281051	0.01205664126138136	0.011604821798103366	0.0050139137240225165	0.006459188829092349	0.012829361405067841	0.00582110361594694	0.007817706493141032	0.0055520955602699484	0.009470730190344334	0.008094683841322203	0.006718444893485956	0.008824243016819281	0.8463539788887464	0.016381013696122645	0.010296927085861801	0.012017194829710417	0.8993889179453849	0.004598932713598551	0.05538150598969191	0.00022239471223466399	0.0037786702658418915	0.006975245514202505	0.010353796463513086	0.005214567604659037	0.00661682257687354	0.00033740394032188905	0.010899775152795187	0.0029721064627917073	0.005385150018870254	0.0016703117827021534	0.03094770442070084	0.8415360303467111	4.08627896748224e-14	1.4987141915692288e-27	5.4949429402916875e-05	4.0218929577317673e-25	5.5435229572541085e-28	2.572049393844474e-18	7.710766481789829e-20	3.4813157472884844e-26	1.7608642447348115e-23	2.8419796609794615e-26	2.6102913845975857e-15	4.56253558494561e-25	1.3707464868406816e-29	4.2487982984194e-32	6.950044776254677e-24	2.5562003777768643e-16	1.7490166933850544e-26	1.0897523453785597e-25	0.0011650094500795063	4.997831129337237e-28	3.7569696484747314e-24	1.0767523365028854e-27	6.891245674586904e-31	2.2047524387287185e-27	1.2536622798837627e-25	4.207454108899646e-28	3.0117743261811705e-24	1.4147859971681663e-29	1.9338674750511385e-26	3.5284950855939296e-29	6.581004566149811e-27	2.704055879932314e-29	1.3988011016676454e-19	0.0029301819467339673	1.451583525336219e-28	0.0006667868054060663	0.004856761317323088	0.0028986082084788297	0.0007419437909354991	0.0021060257092742913	0.004880931477443794	0.0017085132947169167	0.0015911675137543627	0.0007893327167726297	0.0038482324213461845	0.0015153719898832318	0.000954179097417297	0.0015162816168658997	0.2779433532231664	0.005693169241262911	0.00197367173183745	0.003569824177351073	0.5326118106293511	0.0004459291689767725	0.01546745841923907	3.700014776446425e-05	0.00048761826523743953	0.000465282779305488	0.0025663757240115643	0.0007859047497084734	0.0018414749026329452	3.623038386630747e-05	0.0025321937119235473	0.0003666354807215472	0.0012839475167919403	0.00010764910871128009	0.027690746937862457	0.0939135620313721	1.327348030309859e-14
Mixture27	0.0037924868644283994	0.014427457382774138	0.0110343223027011	0.00648364982381305	0.005760163149709161	0.009954333249463447	0.011036231077186966	0.009878409554608485	0.007621330905352556	0.009250362425040856	0.007662390696775801	0.007588941209956587	0.004652823663096211	0.8495935601173892	0.013013253934103035	0.005933101568047552	0.02134697325500963	0.8890223066059565	0.004741282058831249	0.028223901307335812	0.0029615534388355365	0.004093423467867557	0.0038385453958086966	0.027195960057027055	0.006547366869796261	0.002982177050959753	0.003671289419751261	0.014390704574198332	0.006871304467007623	0.005339602231062009	0.0013931736438935003	0.01986982764228195	0.8231189304114515	7.557078257593875e-15	9.841142070930506e-26	0.0006435515044714386	1.370273803448443e-24	1.3608163356355474e-21	1.093077551297866e-16	5.756095373124434e-20	8.777187677723249e-18	1.0483430148784802e-22	1.0041189181396488e-25	1.0296183067295826e-14	2.5608992771111412e-26	7.631364368483914e-24	1.2639765912033957e-29	7.633761883399382e-18	5.019858696414683e-23	3.8333169261697285e-28	2.5497581534159876e-25	3.3221054176347917e-09	9.156974990191788e-27	1.4980113207699898e-21	9.869661027929125e-26	7.009968771277516e-31	1.1503604356983652e-24	3.390162463833832e-27	3.244531453918928e-26	9.865234378972431e-27	1.8258938328107538e-26	9.636335800428221e-15	1.230752446089969e-27	5.014495919996025e-27	2.6499038190991284e-26	3.0652897478334e-10	0.0020282633213421883	2.649903795296824e-26	0.0008078259573233834	0.005501953321698159	0.0016337749442938685	0.002493264265939424	0.002434631544438445	0.004438502419544191	0.003353868399078609	0.0029801776269572765	0.0008173414850570072	0.0036248029355431953	0.0019903466281396606	0.00210879140921076	0.000737316795839518	0.2751367990251641	0.013291020542108211	0.0008254698399978782	0.004838812904842513	0.5638324941224909	0.00041586577543885485	0.010713872557536095	0.0002051906151267344	0.0005009571496471449	0.0005398256537046285	0.0030406093848788303	0.0011539059915694006	0.00048420534227614745	0.0003325435880627164	0.004954125209669433	0.0013558469219570168	0.0015450891365488117	0.0001051563751913342	0.006884116232109193	0.07448686435417613	1.9931338786434107e-15
Mixture28	0.004235251972668485	0.013570148873938065	0.012260077805736925	0.006674963810532193	0.00753725351345035	0.01404442266223207	0.007931022293420083	0.005821350474871981	0.012804994422256437	0.011929932589121414	0.007632278333286343	0.0065694338212486944	0.006302700684581266	0.9444878105586308	0.013217121207324043	0.0067723857436782905	0.02505479758689972	0.008873054008504236	0.008812751835749732	0.019807090729211527	0.006476299916818971	0.0009996628355057756	0.005269570555525896	0.009527279812696346	0.010156276309029637	0.007259593076345402	0.007218121206868338	0.008417020643311332	0.0056094186901783916	0.006748002346292589	0.0025294974453369027	0.028672469174739798	0.2865002950307862	5.850460192033614e-12	2.5169366007418782e-23	0.0019391338964140294	6.32546727648288e-20	6.035374176177566e-20	0.0004907832580099155	0.0026118390667851706	0.00010502009126428971	2.308240091997628e-27	2.8669583702779466e-24	0.0011139921634037027	2.4575485459466055e-23	6.97355818807379e-19	1.7077360859062006e-26	0.6000423835247763	0.000853728933130191	1.0473992403935464e-24	5.8575370330176894e-15	1.0246489843130487e-25	3.673529707766259e-24	3.731068494907826e-23	2.90475179037649e-26	3.616070660032286e-30	2.093614063773851e-28	2.747112450241142e-23	8.407347610941657e-16	1.3589899434439423e-17	3.160170388320824e-23	4.148231255481289e-22	1.6537353320360679e-24	3.370452652950668e-17	7.073229799178278e-25	0.003397912577887612	4.627602001135744e-25	9.793609767645031e-26	0.001452156927867422	0.005856329184388251	0.004481874066727354	0.0018903130585886903	0.0033100154788236105	0.008101535187746794	0.0036153630472684955	0.0011338654971184178	0.0025885447636885476	0.005703898340673394	0.0022918942189427433	0.002818064135095843	0.00148885612002537	0.8640190783130604	0.006589611513904356	0.002551018595795845	0.009736140406752474	0.0025348851756796693	0.0021505462983141973	0.0036041816147838962	0.001180670027915456	0.00013709532908323863	0.0010034995408044042	0.0022066323719697133	0.003487371307302814	0.002331961367662909	0.0016753000320547005	0.0029129834593029564	0.0016678519234518297	0.002874170036608224	0.00038975061897544486	0.012904967532387634	0.027999559028025648	3.857001541958121e-13
Mixture29	0.010149405129009866	0.012945510930202107	0.012541328158257441	0.007716222202737731	0.009091659114854652	0.014175049643523905	0.009139596190642349	0.010518662801957302	0.0041752051664372	0.013806180360420622	0.00764596801250503	0.012582844708623524	0.005768612374770945	0.8090453610033699	0.010004570805241367	0.007778408685884805	0.07483464792572767	0.6617732859565401	0.003718195549667447	0.1372840770648906	1.1565649645253417e-09	0.005455909915654285	0.0011511982721388344	0.014164436659227217	0.008875529643989102	0.008976929662606494	0.006354278149191577	0.014699433987795874	0.0028535226472079277	0.006449461397660559	0.0064424884292354784	0.014803578286992854	0.7975880905802953	9.040823452046552e-14	8.96302420606519e-28	0.0005018052452831573	3.158108493264805e-29	2.8585414313898237e-24	7.007773391239828e-26	3.139467397553493e-17	1.2524536591005843e-28	1.5800737801417826e-28	2.623143275423547e-27	8.215213232522031e-19	1.3940553569086388e-26	4.0822618890844715e-28	1.5274980283538463e-29	3.9640921172174144e-23	4.8527345918050017e-26	1.9450811033146103e-31	6.392112664125244e-29	2.1932521309406534e-22	3.2600143856238853e-28	1.5804660429482644e-23	3.7746926678463657e-29	7.063706743450988e-27	1.4278090787121021e-30	1.2148349293075166e-28	2.146704709274886e-29	1.2638557384769585e-29	1.6454913378175913e-28	8.869744071064246e-12	3.139274182385812e-28	2.0471697037511465e-29	3.634517789793401e-28	2.2710588884461774e-22	2.0997935792260361e-16	2.18046221000608e-30	0.0031591662955734534	0.0060481098240616924	0.0014366672750712644	0.0023949551159662174	0.0021427427884978087	0.006790213272105616	0.002997021965272499	0.001505712995990363	0.000318830283317563	0.005288915241719436	0.0023746518629526804	0.0040265468149610515	0.0007444508321793702	0.481636667671467	0.0036667518099701446	0.0009897907825036334	0.014117694237715172	0.28665242372671224	0.00041264952983746244	0.0453703902855163	3.102249006080466e-06	0.0010714822662549934	7.377996010755127e-05	0.0027368621523786428	0.001300125274655412	0.0016871880178438835	0.0008313256368691208	0.007431093796303483	0.0004125047036083188	0.0010170643794375313	0.0006863379981594748	0.00582327154114255	0.10270876662423953	1.0466475692936035e-13
Mixture30	0.002678442625245973	0.012659017254032007	0.018613420470185972	0.004646975159585017	0.005796908247452067	0.010464001473522876	0.007760844701924321	0.0074000511703948444	0.0020085558041137734	0.009564745372391962	0.007535717301503805	0.008964138531665949	0.005474678971788183	0.7815305510586855	0.01977773522195555	0.006612318800147824	0.015625072963788872	0.31810757012646507	0.01028786826285754	0.15612280539118717	3.1936516570824265e-07	0.0029771178871815848	0.005661279632146503	0.01436929058042725	0.008000574280682559	0.006035309886843839	0.004068451854414513	0.01176513393680854	0.011575395263964033	0.009006836453710691	0.009850621785577067	0.03229934113799731	0.7797355101430025	4.132087023653685e-10	9.695349040832621e-29	3.332250706929009e-05	2.3440209314656193e-29	8.057659130954531e-26	3.710601280113623e-18	1.886249273025583e-17	7.683498776206804e-21	1.2065777352614551e-27	3.228343029987906e-29	7.219414171389843e-19	3.821423450250533e-26	4.924339522538504e-23	4.729731180034776e-31	1.1708063936203503e-05	6.169210221407905e-20	1.058159835085499e-30	1.314535899950192e-26	6.647960632634023e-18	1.186651058660117e-28	6.385468966317108e-22	2.4353010829152365e-29	6.003762666739415e-29	1.2075290478751534e-29	2.3069874991353613e-30	1.333464142120008e-28	3.9059758958768196e-26	5.472403545927536e-28	0.0005009823958209592	7.913204268554026e-25	3.8038405474509204e-28	3.7409440647194955e-30	2.488485670078921e-17	0.004452239360110091	3.0568317753913125e-31	0.0006351003001113169	0.004774631123205858	0.002364229861985601	0.001075999918073256	0.0028377374793090216	0.005932754254890741	0.002916847039528978	0.001107604098586033	0.0016640231351046566	0.003835378899013332	0.0021445409583263184	0.002586758120207928	0.0006497316270762444	0.5699219385355669	0.007247347133953336	0.003741995776364669	0.004402737210075591	0.1716779835536237	0.0016573755758033152	0.09483809495162314	2.2214034132496174e-05	0.00034863427825214654	0.0012877486600612964	0.006829070787554117	0.001428619208254397	0.0020093176753946777	0.0005191684573378461	0.005479449643680855	0.004019359379609161	0.0017482585133884853	0.0015238600077148695	0.008682019743389665	0.07671806157629474	0.0005336710031962218
Mixture31	0.006153252394579554	0.023933366430479573	0.12690957484245205	0.027622036572346992	0.03567304798755891	0.1227988240864323	0.013342459414708102	0.053900481111239934	0.16062735563821115	0.02086715538651838	0.05781703772328707	0.014552639843178837	0.4802036132147667	0.3702256794846521	0.016288296445558972	0.018176741884043963	0.13576520108172258	0.011086140721850183	0.014326598316557942	0.024292860677005347	0.005815101459002574	0.009051516608468885	0.010200219528546363	0.02041074500964448	0.018398188965725655	0.09723749801800431	0.010908577009777367	0.017918393612457367	0.010913179413619281	0.010937001976811338	0.10455982540805057	0.19279320009383122	0.009244337457010714	0.2782078760044733	7.066978663654049e-24	0.0038217981867863264	3.1118518960855664e-11	0.0018893450364055073	0.020648226349130754	0.0053279489915739235	0.003792681359220146	1.901298173280255e-18	0.011545020202910856	0.00044861854943712136	0.001985704446930684	0.0010332575652736429	0.30390008135478624	2.348209396962092e-18	0.00161587504612844	1.8347916970503732e-18	0.00023546333418589558	6.519877730917582e-29	5.77302460737369e-23	3.721470744674818e-25	3.973499458043264e-29	7.91105181859608e-12	4.430552872061247e-25	1.5367324893555902e-11	2.4303530871897255e-08	0.0437919791226905	0.0017847589025983908	0.002429544298236783	5.19504987422622e-30	0.0004002850162391981	2.1037401064830753e-27	0.002830708273075722	1.1869213264530528e-29	2.1639361413533243e-28	0.0029167914544355887	0.011292123425266911	0.017758241973954824	0.010932217060096436	0.027224466783359297	0.03697197221128329	0.007669904891709312	0.01583854716121332	0.045856363971048364	0.008710343935963184	0.014284938395862874	0.006476225204998472	0.400577960595127	0.05510555548329434	0.006444643524848745	0.005223112526994841	0.019724766413989802	0.0030954352163248327	0.006695892295623078	0.009542223489224873	0.002220093521617986	0.0034933179592296654	0.008204684710912374	0.007720267692097506	0.0072984780892020205	0.0661607629422761	0.006760744339413614	0.008945395568592305	0.002861226592900863	0.0070640062754312	0.01107266450792476	0.029569419061822755	0.0016001335882761417	0.09746261235232401
Mixture32	0.006260139476199205	0.02047592544647079	0.009397801264609094	0.010780972450917305	0.030694507089776335	0.08296114373110475	0.014079801856389566	0.008002310331179407	0.014607717593434013	0.007800656412399744	0.016003717078578557	0.014659679721945679	0.38406359689682446	0.4553884918648704	0.016751268779578787	0.01735472103819365	0.2949589316789828	0.19458010459512787	0.013054829045344917	0.044848215508898885	0.0022227138879422517	0.002856598269077867	0.008674243555721044	0.006400321915120005	0.01332641157887504	0.009584974029210845	0.008527102253473492	0.01840153649436802	0.011293817869290233	0.012205396554910873	0.014958433347226918	0.13026186875414833	0.3486232752836557	0.09745829934611877	7.964751897183145e-16	0.0032641499572204804	2.980484922325074e-23	2.5922496295485217e-18	0.013553271521838581	0.0020822988926702587	0.0009719598774033093	5.172442147832161e-30	1.8051199490924786e-26	9.345235241362352e-13	2.7166790087906006e-08	1.1639988931753276e-16	0.17935442364401466	2.3279956759298406e-07	0.0028387421360458066	5.717798655065089e-22	3.5447836287744566e-19	4.709905044524493e-28	1.8806779368618066e-23	2.6614898260457566e-21	1.2835937550884776e-27	9.937614620347306e-32	7.372927564042098e-28	1.6638584913662067e-25	4.7827037184003984e-26	0.0016874291157061626	1.5579494761935743e-24	0.004066035320731092	5.012661820200066e-19	6.242313913164654e-19	6.097414300124445e-26	8.412443009474611e-06	1.8784624055239266e-25	2.3202335722544105e-28	0.0031263833420307773	0.010361884598568771	0.004780055435208336	0.0047865741159551205	0.02591689622163951	0.02088088763624445	0.007047348845057003	0.0015576467132147134	0.004784572759859021	0.00362367122812653	0.0076109751798383585	0.006580114207902039	0.3234044275227281	0.226446270820745	0.009491924027773263	0.003789811409335764	0.0496755343398642	0.12284482186967459	0.0042409944295035305	0.027845662166980634	0.0002781765228353244	0.0005619112996578675	0.0038210518368549727	0.001473174633708431	0.003343511452093216	0.005738605457955062	0.002777258293303792	0.010889427317323301	0.0046989901191140295	0.0056671810511724	0.004472872492469027	0.017687806372464098	0.036940974144006294	0.006935705915153018
Mixture33	0.003377113459469836	0.014054573832064505	0.2900666906070276	0.0050815635443858705	0.0064658789899184116	0.012541263281118098	0.014284029552357982	0.007869462594077309	0.011734667475239935	0.01016784270071319	0.006302251993915781	0.008861972682274611	0.009751419776018413	0.006396665346742321	0.013707786811757095	0.012911652335948738	0.01299368565936231	0.011522571546090179	0.15532566148043903	0.043577909094122014	0.41680871699180677	0.002598079325055569	0.002924630628903719	0.022331657488011143	0.01301026227912553	0.01009719817910452	0.006436519077178849	0.011767451736891213	0.005152076644681122	0.009347091980817904	0.4423372388711697	0.01157100023623965	0.007826457502868277	0.8900307340242279	2.5537169500985256e-24	0.0022981091694701476	0.0022639208914467606	7.678313354537138e-31	1.6968381052063256e-10	8.88811911807141e-19	0.0023304250419658424	5.433589733443462e-26	3.944594971463822e-26	6.67814893482558e-11	8.532087012785002e-35	4.933482057666984e-22	1.6004330777391066e-22	4.5827315895459833e-33	0.0023131781211653208	0.0007880618418266605	0.0009116504500849558	7.883546107813556e-28	4.478770305063252e-16	3.036381886228452e-10	1.0705678035386723e-23	3.81529617080666e-29	3.382553885821151e-24	3.0329552547348306e-23	0.0003515332880921016	0.0002162759993011941	5.727726473616078e-21	3.2105064089729125e-24	1.4791822230894777e-22	0.0012518084401491661	0.0006837917309365544	0.0023626784882897853	7.436887861346684e-16	0.2900392055246709	0.0012907950103986476	0.007864382420751062	0.021740609677577807	0.0012978778665857873	0.0026639734870413166	0.005395689799470079	0.007851088230570987	0.001737425567445719	0.002212635763581056	0.004977158367004739	0.0014885223706173581	0.0033720614441082753	0.0037580901417826624	0.0012480142792057759	0.006086837276674503	0.010792024288038988	0.00544348933770678	0.0064723155271995195	0.01610624172405829	0.016553929331169576	0.02197694860656217	0.0007817031208328349	0.0009672075652094399	0.009297627441381821	0.006609502800444049	0.004397470989672126	0.0031202537808699715	0.003894041388760754	0.0019390049885672784	0.006508346961396574	0.07175426152715209	0.006023163302309401	0.003455131374603491	0.7282582007542078
Mixture34	0.004872607924261591	0.011946369121944652	0.01734274495283746	0.00753711377363466	0.46755732127210137	0.010593386920732788	0.010707250931558518	0.007469711994034867	0.0057794993969071855	0.010398945248966363	0.008402974919392861	0.006984411490352397	0.00708455991495389	0.0016054703091965196	0.0142185850288841	0.010390351548265488	0.03014684581500077	0.012485292087024272	0.01528585366162498	0.02700261064892153	0.004817269029666536	0.003336650058959031	0.005052938573919666	0.00674957177085346	0.009723002705377137	0.009665677555010634	0.007624354306730273	0.009469106675890142	0.004580358526152019	0.006859551595894057	0.018063836942327573	0.014315694571079271	0.008449949255594455	0.049884809786858095	4.011853681836102e-23	0.0009562425590119972	1.0179308451130333e-11	2.8546915981025134e-20	0.4026322219757647	3.3461462366314985e-17	0.0006224786069246268	5.140685453180964e-24	8.626389576744267e-26	1.1043899379235917e-12	6.689145332632891e-17	3.664288813906501e-22	3.81698499937268e-17	1.5742694458583835e-28	0.0009505867845748116	2.776076482519535e-17	0.00048128408719197533	4.5173528060729033e-26	7.900027108961699e-24	3.501617631081468e-21	4.520529289281767e-26	1.2228871970616768e-23	2.542448085535618e-24	3.731941070031649e-21	6.285117261255703e-17	1.6458251042367808e-20	1.005247929016876e-21	1.6664753720086493e-22	3.411951061362497e-20	1.2323512188635242e-16	1.1443548173167186e-23	0.0019846159563668467	1.5185669312853865e-24	3.288894750278563e-27	0.0018100017513530925	0.006021164528336524	0.010830992450351936	0.0022182696595361238	0.4360228573756688	0.004339383378366604	0.004448636520803911	0.0021048190360636833	0.0010517995553837106	0.004368268695589378	0.0032541084654301978	0.0025578972058211058	0.0029263709408528515	0.00012889198846672471	0.005587054523370066	0.003399003407409489	0.014234777332267197	0.004449710605906669	0.004466758042094865	0.007656942164226537	0.001265391323257233	0.0010958748340019592	0.0011984629408022239	0.0029709149040277223	0.004805094618378397	0.004165172744141588	0.0017475262197643208	0.0030191555730665117	0.001615571514358735	0.002529887094883536	0.0020305455307550605	0.006937632020675715	0.0028077658630647384	0.005910439815853986
Mixture35	0.002146310516243027	0.009718692773470256	0.01344017331121815	0.007431752753107588	0.003977786553583237	0.00772543197217733	0.006756413324943802	0.00761707744196528	0.006580715913110371	0.007311073957605428	0.010111053719409258	0.003828176786345848	0.006493407937916662	0.00970995809214677	0.014657614437585037	0.0104494023261194	0.031831408053108065	0.006585396820168495	0.017920298951331966	0.028266580009820207	0.0038192896140998357	0.001856854336295627	0.006189931959822579	0.006343581919857808	0.008737765036747327	0.9361215967354434	0.002392785215198606	0.010763377519365219	0.004570760254209282	0.006509267885158151	0.0026143408717824545	0.010707799773511793	0.010458026995653725	2.178845718152814e-14	4.725521947924408e-27	0.0024450754750855513	7.769896178189254e-25	1.2606101976962573e-17	0.00011689725685936906	3.1982015880524915e-23	0.00014528749105705168	2.129788050288769e-22	8.659748295167482e-26	1.3078267525991816e-18	0.00023729933110365996	2.339493095084945e-23	2.3612792373552732e-20	7.730144900568537e-28	0.002829030372730213	4.8191388391257e-22	1.7373007658468703e-19	7.262738844390058e-26	1.592138400688961e-19	1.199412914605029e-21	2.2460754561640487e-25	6.101878275582918e-26	3.578061666186204e-29	1.0504988424598265e-20	2.3613734944085288e-20	0.8685761349148362	1.9505680574545683e-23	3.8897170144366434e-11	1.466714531399392e-22	1.9806539621298923e-22	1.4009155904972699e-25	0.0013238666854396251	4.586721274944784e-17	8.170695752199853e-27	0.00042862096446817156	0.005787951292607483	0.005261910401910689	0.0019257352790317572	0.001972566331463982	0.002404197188144197	0.0031605844193765813	0.0022696958332314716	0.0010577230002696764	0.0028219766215801306	0.0043606935604677275	0.0008001731991522749	0.002738754702370412	0.0009574856991317209	0.007196489924746101	0.0029140159743148188	0.007695459649861072	0.0013084595573297092	0.005390623069002381	0.006940783364579892	0.0004069199644326381	0.0002747447697535037	0.0008218022221428983	0.002097806097120498	0.0025832712028603677	0.9074717552082389	0.0003808301233347178	0.0037435131180167157	0.001474578986265598	0.002028184482233689	0.00028853682101394774	0.004910635037001626	0.004057186429421059	9.376917365966612e-05
Mixture36	0.007956649068400094	0.023119616522199564	0.16163542157498076	0.009430709963544085	0.006244989603822849	0.8519130436021678	0.014213795195268863	0.009393537464585253	0.007751557098680465	0.010867619282705987	0.0143064980555679	0.017156110516047547	0.009137232039883848	0.004430396898873854	0.01070922901568547	0.012266288446793778	0.012385560354127776	0.2184012692904875	0.014257766233886044	0.03084241397977702	0.3415641753458904	0.0032113971830254134	0.00498995448626474	0.013028961997480904	0.015099670988361638	0.010034587384306907	0.417001249071129	0.01409438345836881	0.004194534793295409	0.0106282906554491	0.4322225875421253	0.02106736067011507	0.0069344356447537244	0.8605637382194261	0.0005238001679171006	0.0035288890239556685	0.004446180324688235	0.0009236026416435218	7.521527430828564e-05	0.0008845996528739231	0.0028005693145932106	2.2891715408402716e-25	1.517830379615358e-29	0.0019234163855424155	0.000190604632640765	0.0022621864863722205	0.0004455703116646141	2.1373788756767767e-28	0.001263013681541404	0.0016140011165599697	0.0017779147607345253	6.448564973344888e-28	0.000396553420108777	1.1734836323224717e-22	1.8458917322031824e-28	2.0854142133612652e-23	3.0776121705646426e-16	2.356832463360587e-16	0.0004536859782235606	6.485180694713374e-05	0.00011062352644950479	2.1622905983083004e-19	1.707420261778494e-19	0.0010452821303990173	3.530156247535754e-19	0.0021042312015379463	6.27184461210442e-10	1.9079833424787973e-13	0.0039135547474408875	0.011092712909366366	0.023850696621607385	0.0042917444225278574	0.0019349829463928745	0.10088208201822553	0.00799245619632525	0.002159961495434462	0.0015589836769842533	0.005377250068836311	0.006171725925889587	0.010934973891882865	0.004484789660442127	0.0010913506558618614	0.005778804949934384	0.011693980158949268	0.005402211944091427	0.015149756384171204	0.011373172937995477	0.008567182493594071	0.017838750158203475	0.0011886639287637707	0.001931869865122294	0.004703835072914286	0.014978283283326727	0.0045953166927165	0.02562766949251648	0.0069263072122918955	0.00222352255832722	0.005322720425398061	0.05987693433733975	0.009640362940489745	0.002897164677325661	0.5966112423029178
Mixture37	0.0060252471155523065	0.014084266632419183	0.01955889698365149	0.003919241008817961	0.003432018904272094	0.007229414197186758	0.012403101174730985	0.3135803476381215	0.935568557467647	0.02410863348564895	0.005876785869314838	0.006445776283608857	0.010907274136578712	1.2109829301005537e-06	0.015325091622446437	0.014170510602935896	0.019185818410311105	0.008654422556243558	0.007173861959575107	0.011949738097318514	0.0033134422847267793	0.007341361263882754	0.011345501522504176	0.016317973747575484	0.009864557641255855	0.010137596352787923	0.003683505524492032	0.004586196224674981	0.005293909739996728	0.007823627540162593	0.007505039152987601	0.01607144447946189	0.007758294208024979	1.7262479159040195e-12	2.7191641468048374e-32	0.0018427243305353552	4.655573368698029e-20	2.564519405471647e-29	1.0287303493453671e-12	1.4670462347862816e-23	0.0008324954989026459	2.1894142139830662e-29	0.5214720240705737	0.0026669034650365193	9.560952330656855e-23	9.694212566615417e-23	2.0426442497496578e-24	5.503134922593783e-30	0.001021774182466999	1.0770266942564716e-16	4.949402851304096e-16	6.623302913378977e-28	1.7471758294841578e-23	1.8145281381509016e-22	6.321036953309457e-28	1.395883367269466e-28	8.196137410116119e-25	2.4505569148600932e-17	1.6935707025171017e-18	1.5940290016615674e-23	1.975350094228143e-26	2.129257114326135e-28	2.252893484921867e-28	5.087877221181056e-18	7.072554174642436e-23	0.0017185574546239306	1.8073528788041306e-23	2.0492083493176413e-26	0.0015562293015942128	0.006067554605025702	0.004651763067877673	0.0011906800026812326	0.0017152607797899606	0.0022851443144830206	0.00650862510216753	0.029594630611871012	0.8665511586176358	0.011207495721635841	0.0018337354530278348	0.0018548297329032644	0.0029335057715950508	8.922793431358557e-06	0.006693814768093949	0.004031302767125463	0.006445462197564233	0.0015231667167489415	0.0013273926986880835	0.003747342397047863	0.0002997624927432911	0.0018309799338639427	0.0025636949372967845	0.005569153589797603	0.004090406313621381	0.0028834961471715255	0.000429477658895047	0.0008719935902745206	0.0012921755590311395	0.0030637900817290604	0.0023334606305777743	0.00829858404271066	0.003029746820030018	1.4792777282205076e-12
Mixture38	0.0022759963203341713	0.01431928195965125	0.017906851102918054	0.007938166764808022	0.007978347126848804	0.009498313957470337	0.009015523236186533	0.011245849136469603	0.008614049828410186	0.008295579068653984	0.009507451225979187	0.008446757644006628	0.9264594574870464	0.009593847888369653	0.01956864951317629	0.016643902392702883	0.015272827715340664	0.005671768224898449	0.007815493478906525	0.012559537829819176	0.0017957710935412115	0.0019038422079969226	0.005428302324015447	0.01643484375748044	0.013044095790119396	0.00971561240466825	0.005064565521377502	0.007245027286882196	0.005209899677235744	0.0077387196700012895	0.0013035580763036039	0.09035927365530821	0.007953073316805873	6.844264244605268e-13	6.43490164069055e-26	0.0012609872629959684	1.237245402225148e-21	9.891352525960402e-24	0.0005251673889234504	4.501451496816781e-22	0.0013377695417439832	2.6085997211430947e-23	2.2386640320994533e-26	1.1715570035629046e-20	1.3467210143656224e-19	9.339059264292803e-19	0.8141491806650428	6.3139092894606675e-28	0.00018933135269416315	1.411279243479325e-23	1.3198193434911232e-17	7.269039307337131e-26	1.632860712681616e-23	1.3776645112624889e-22	2.8141961150722777e-24	1.1850556410100989e-27	1.4633215601492417e-23	1.5052325056351633e-21	3.217900797759041e-17	0.0004588161130732579	1.6657515696245186e-22	1.3134544445336398e-20	3.040813162887131e-28	3.69797013119209e-18	2.7530919097995054e-25	0.0024499621943550047	1.1982692581535187e-26	1.5828831867989842e-26	0.00042660461315930656	0.0061718159864325725	0.005857108354971921	0.0029607950094869633	0.0037121125573081337	0.0030329685782331207	0.004936400279435096	0.002390382440394151	0.0016791051289766056	0.00346541546410961	0.0037092199075335302	0.002227702435714677	0.8886496743398582	0.0012379143743080079	0.007549165202902507	0.0031600165454313918	0.0070227715019034066	0.001183903551256251	0.0016353157708166152	0.0030685763621721702	0.00032081524961506317	0.0004517830471886157	0.0010993481955945898	0.0037365711367681955	0.004858589127354534	0.004782242411221021	0.0008113848364196367	0.001968094932988094	0.001074905290949362	0.004039073247152038	0.0001827871833726742	0.01677858719033034	0.002014170753400695	9.256643593266252e-05
Mixture39	0.006737765305844073	0.017570014637295038	0.006912452274388326	0.007431784915094259	0.008963218396693269	0.01168941172343215	0.014489880392505606	0.009389132774426427	0.011306350438838776	0.010972878202030198	0.008653489048792096	0.010892322755137004	0.005805522463220077	0.8525445592695305	0.015296363540202477	0.008831493749462441	0.06614462236237384	0.005921705033500205	0.016239636833839777	0.015844228660774864	0.0017081234573770143	0.004782391003073264	0.007873167771727349	0.011578996586338736	0.01666221826555525	0.012007134810022819	0.004482390315554998	0.012316703447340448	0.011487805343107942	0.009057944554561971	0.028114187813163424	0.06112059116178019	0.6379897052768748	0.08154098825021934	0.0008020510206588438	0.0044594489244113465	3.883209844309159e-21	5.863952640959155e-12	0.0009050059978762192	0.0010382249504060402	0.0032813121805767495	9.48698545406423e-27	7.517953540425574e-25	6.746728146485835e-05	2.1068064606579883e-22	3.5331517516899185e-05	1.678656879836772e-25	0.22507736776511286	0.0011278620409682159	1.8503638995700366e-16	1.0447505920387337e-17	3.0119818674804057e-26	6.414385788774552e-21	2.436630590599836e-17	1.0632459880840243e-26	5.391100172160979e-21	1.6285050586193328e-23	8.250039235933568e-22	0.0004929718379671729	0.0007831031599009613	1.8141352000626142e-19	0.0006915333415933232	5.315715424855074e-26	2.8778799309127583e-10	2.4445863190123553e-24	0.0025613555042626798	0.005689399211309749	6.573131523590135e-26	0.003745598503741183	0.010123311014751562	0.0034970315300837706	0.0038752991296092045	0.004137981068590769	0.0068214446482784095	0.00843795335562524	0.0019764566737978245	0.0031117804063970954	0.005006548857206449	0.0029194445002765413	0.005323593263161993	0.001969413150106056	0.7520374328476964	0.006231933506593068	0.0027011789659776796	0.00958140410207682	0.0009072595831792049	0.0025780946809893855	0.0063877482434144504	0.0009152950860036607	0.0009440935636185136	0.002242264810502003	0.002987186617110062	0.010803407911364162	0.005220717634284776	0.002030341717149358	0.006311813697917289	0.0015758681658394934	0.003935992155115311	0.008035642968454857	0.02193396850650986	0.08169577412989781	0.0058587439360889395
Mixture40	0.0021755298271978374	0.010868909851444187	0.010389302016768543	0.003985276766667577	0.0044767422106939975	0.009443456170000914	0.005796274343188002	0.00729933356945911	0.0038295173300766424	0.008948844234880824	0.0052345982541134395	0.004879775572544294	0.0035100721344075675	0.8118962276252407	0.05384881913609157	0.00959432347375856	0.0034697888916297437	0.003746830590618634	0.0863420316277242	0.007838364749019371	0.006260910530319274	0.00010341698324106214	0.0018405736318095965	0.005427396467520875	0.0021867720650298504	0.003129068108690634	1.9736705846107546e-08	0.007290013473442222	0.8304312806927372	0.003696832996525737	0.5965597642236703	0.020588115166502892	0.24593970660512404	3.1674421202055713e-13	1.9310319319343543e-28	0.0013465329854069515	9.062608597120996e-26	8.65366911368796e-26	4.208250492751163e-24	3.847924146284734e-24	4.1705464952265116e-22	5.9259901113557806e-27	2.831882458016518e-25	3.564825473641377e-27	1.957725544110096e-23	1.6141059166338549e-24	5.628518561041765e-27	1.3472197576456951e-20	8.508378500449311e-17	3.695376526115454e-26	1.4276033041964048e-25	4.9418226945588265e-27	1.758385807411677e-27	2.25626086667267e-26	1.3055162821492774e-25	5.719919707221724e-29	1.4763373333927e-28	3.3340811192614846e-25	1.8432817834458538e-27	1.064434113187233e-28	3.452053476527243e-26	4.0451353574289836e-20	0.10207350819235517	1.7754195752056164e-27	4.802600897897741e-28	1.0724935121109503e-23	4.725535848847297e-21	6.029063730467024e-27	0.00038039646307979106	0.00594393633004446	0.0011365535541838865	0.0007003805286658378	0.00125133569531322	0.00317086359465339	0.00244511607539927	0.0012449468727367382	0.00047781768603710013	0.002668681866258745	0.0019063637755029775	0.0008295358652070546	0.0003403735126162506	0.2849008971273738	0.015272235620764775	0.0025788495614201493	0.00032324563853817546	0.0002375621766375209	0.0050885980090105394	0.001512806213612874	0.0008670211683382758	2.2221438772107744e-05	0.001930751513672187	0.0005918287169793027	0.00015597480183469957	0.0006771083604236916	9.747736403107735e-06	0.003089612544413102	0.5385792594055627	0.0004489146302037364	0.08932764978967801	0.005224062085389483	0.02541401594341174	2.5480445406928274e-12
Mixture41	0.0024304224973283627	0.014655250238209107	0.013667055484009536	0.006717645081586671	0.0068961174523573835	0.010596114603788774	0.009432302079474045	0.016767568826587635	0.005533846877154852	0.008288292360904101	0.0073003043729801455	0.011832985803684479	0.005142598666104087	0.6275279331604294	0.023032710760380656	0.08310775259008908	0.02896918287354509	0.05224041507451123	0.14314633638885066	0.5921907337575131	0.002671223345604216	0.005283662279456862	0.006672265940327358	0.053019892291492884	0.013674563260026999	0.008045333686604785	0.005498425971984896	0.012848597263751517	0.6054000159518235	0.008064340395728469	0.2681790523711101	0.03978288445984332	0.3104785497256852	4.030553192986382e-06	1.0126936626073737e-31	0.0003046342077579653	1.6233500525154483e-24	4.316452660267233e-22	9.959349398453833e-23	4.430671940703128e-21	8.306298797523734e-22	5.675800306034113e-22	5.0798170386125215e-26	1.9522290739063144e-17	7.730728227879256e-24	1.9534677705417909e-23	3.9335690665568463e-26	3.1713354712661164e-09	1.8968380288821522e-19	9.123384889665576e-22	3.6029772757617394e-24	3.2134252861757606e-29	9.075287684195146e-28	1.9648489878408118e-22	1.7426806308523614e-28	2.1997006895298002e-26	2.395756356606055e-28	1.301297737573285e-24	8.744998293700615e-24	4.8298883717887635e-22	1.0512424612240617e-27	0.00021026149820419488	0.034187285753265816	7.687014921271623e-28	5.102919872442998e-25	1.4140146678998291e-13	1.517488858863606e-19	3.2146580797178437e-29	0.0005256817949115031	0.0059262600750229315	0.0046430382274707475	0.0023560467279020456	0.002724481210591144	0.0039412757504747285	0.0034734118973371426	0.005615918861024386	0.0008489896731922162	0.0032949249368897098	0.0022502071985357245	0.002142576082537483	0.0012117032283926724	0.2973572824323313	0.013753828958503555	0.017686108077565068	0.014598479336342863	0.009905405922856549	0.009766098231317768	0.16315325939497133	0.0002659728984594665	0.0014318614078449436	0.0011642161664364157	0.007106101783181152	0.004363663473754447	0.0025613770047921737	0.0008794174474138178	0.005710691346142804	0.254336236033379	0.0016210441717720231	0.11160026183561395	0.011864695761454977	0.027909501824825596	0.0012854996161672406
Mixture42	0.00314888113271561	0.0101099814149957	0.009647286748987042	0.0047955334415162	0.004719171452370588	0.01051659883955862	0.00668645654256643	0.013652440887089182	0.010484867119567951	0.009924960836579741	0.007938479813951625	0.004784420185801543	0.0031916927644166523	0.8475381119705542	0.008929661626825403	0.004530527990990116	0.025418726317322785	0.8999678683347416	1.4088622195506822e-10	0.04286994086127049	0.004424360325414994	0.001963294016920084	0.0043023671315067635	0.0146472903956669	0.005504256460482075	0.005004665704152522	0.0008641028575662745	0.010970377518060645	0.0036943725101510404	0.0062677096655676815	9.439051120636876e-13	0.012762318227841572	0.31748273206006017	8.779774353590677e-15	3.877991050364849e-29	9.665331432408527e-20	3.611362269411873e-23	1.4130588175400337e-24	3.7147075425574383e-22	4.3257848207723073e-20	1.9775391929049878e-21	5.794636028323141e-23	5.974139664624418e-23	2.1402602309997334e-15	6.74069517529866e-23	1.37680938077366e-27	1.431267417428338e-28	0.0037864409971208484	8.412471255281778e-23	9.981647055461532e-26	1.0824054429614695e-23	6.944702074659899e-14	2.4405529720851938e-27	7.94292945851662e-24	2.8868610123963944e-24	2.6519621297971124e-28	2.8839804969719183e-24	9.882731780758399e-24	5.6226026567825234e-27	1.481146535881123e-24	4.975101968450684e-28	1.5944991476869372e-22	1.1897476930973478e-26	4.2364298028807816e-26	6.228442164889288e-26	2.1315576519085057e-20	1.904889492599219e-12	1.4563379514066192e-26	0.0004862299131387409	0.004329103621097945	0.00226016083760739	0.0005051804384762509	0.0019603338372940517	0.0038888356622788682	0.0023018996943920574	0.0036435749684052055	0.007283861485658452	0.004551751525741283	0.001792194756804163	0.0009627596511976207	0.0004519755915771695	0.3823173979102825	0.0026486920870426433	0.0006011653940083271	0.005252180743903818	0.5052077575400681	2.0120651753641748e-06	0.0115995245551063	0.0003415746503293416	0.00020700867706368656	0.0008812171402474136	0.004868365454224506	0.001282554860059836	0.0010387084979705885	4.3007186978042116e-05	0.009965537606163094	0.0005001065778004536	0.0015499743666465182	8.390734020479604e-06	0.004196589192254395	0.03111003893966245	2.880560862041964e-14
NFWA	0.004163898389369871	0.12216390880607175	0.039769109127182144	0.003433049985973098	0.1250020911201786	0.025627005764422027	0.0015285170675290892	0.04163749542765374	0.33865061092913334	0.006936272021273223	0.005763467753873643	0.08155378047774593	0.2967747133299868	0.21205674985548106	0.18040287675302558	0.01056811014819585	0.3237941594827796	0.28502131221850635	0.009543777219804844	0.2672212709248101	0.00034855285967982886	0.00022495686852411185	0.0003485528233462377	0.19711491202071407	0.0003844866732252949	0.07398249806775596	0.0003185899181055314	0.0036816289667834564	0.06439515584817691	0.1738656138259626	0.13032263663960392	0.4302802828958058	0.26483291897426686	0.4617977220552175	9.393022185083844e-30	0.0001626230252384966	5.184931555914209e-22	9.355663775413128e-30	0.024879249949436036	2.2580849317008556e-22	2.03405613133693e-34	2.0028177769740961e-22	0.002077731938645722	5.842827131146019e-25	1.6925425227246543e-25	3.60036063134019e-26	0.0005596380390253522	1.2945321505462058e-24	3.736411436253294e-21	3.6606079290802967e-17	3.572064070959642e-17	1.446789164900683e-23	2.2815064065000846e-29	4.380934767789494e-18	1.6545609504784056e-29	1.8246908700416374e-32	2.4332380036816082e-29	1.6266991851841782e-22	6.287572699310675e-21	3.597068867394779e-27	3.572578656965081e-32	1.9724114988139256e-23	5.4914975191087404e-27	2.2264420836475457e-09	1.6594857593018234e-20	9.136352198155784e-20	3.6887376086136124e-25	2.064944242197195e-23	0.0010636650057303122	0.011500441858356455	0.004870727780847848	0.000661382347955631	0.03899990581530557	0.002731341625580657	0.00020795478610601987	0.003986901688815761	0.12583237711280615	0.0020638348884682604	0.0022668329043256624	0.005626471941250654	0.15947375416690637	0.052751166582289184	0.014929214124017454	0.00730808942449908	0.05846309677038079	0.0550616763700609	0.002973745289937123	0.102706932677601	0.0005706577615662217	1.6589866554627225e-05	4.358542242661051e-05	0.029244845658681188	9.676969538393652e-05	0.004425618560936312	4.297564416978049e-05	0.000924070203112361	0.003624652216956056	0.0277843737193444	0.013953841750773634	0.07084220662124369	0.02028892046900973	0.13566147343329502
NFWC	0.0012061874012537523	0.05806154530558592	0.05290963793148252	0.03587851722562947	0.09381623979253395	0.07310580722697571	0.003064390012392779	0.039072067737335583	0.09047992838543965	0.0070216785362202435	0.05600279737201212	0.00043253702522905803	0.20110036341925167	0.38663867986917216	0.006312459800844347	0.05141353072723249	0.27391815249368	0.3901162835957273	0.0003643356316234649	0.11140006506881288	0.026819586143560486	0.003223690237822909	0.00036481200527655166	0.000389170895876792	0.0035325468683101596	0.013499432095133426	0.19155507593476945	0.005255561169949799	0.00024451431518105604	0.042529326771876756	0.06303620425428229	0.31569248106468356	0.23637977040647892	0.34689493173537905	3.082716439268271e-33	0.00015829154326040527	2.911805618788495e-20	6.069023466869089e-21	0.004061558030509621	4.8180052309252935e-25	3.100799996245679e-33	9.381663808966733e-31	3.9030968030818794e-21	9.247141514006505e-26	3.342412470764529e-25	5.9393619921897055e-33	0.12521760197216777	8.001887020723863e-05	7.437535577693536e-20	6.913678957124619e-22	1.7689593679193876e-20	2.504332984528539e-16	2.658767653957969e-29	9.426876024797555e-30	1.4564441471875943e-21	1.2880697723771586e-27	5.363392204410714e-27	1.7397834219199938e-25	4.444802751483452e-21	7.712862721850185e-21	1.0308615722035451e-29	7.176578542440947e-27	1.5398578462684045e-30	2.4680134344355034e-19	1.5095760609536034e-21	3.7069837708494955e-19	3.7292156813144976e-23	3.604147958263804e-22	0.0001384905777832212	0.010127758055982816	0.016794896509561844	0.00407461422125721	0.06917446246481795	0.008782003350341678	0.0005761496347475837	0.003472386861092343	0.010998393035743322	0.0023902669334120493	0.0057291746019739655	4.4275434483857806e-05	0.1648236912118783	0.2723115937230962	0.001288487041356786	0.004642550013360975	0.05116119852145293	0.11263700438338117	3.538540161900526e-05	0.009593028170712385	0.0016088438012592276	0.0008757119502218345	2.8819053799894295e-05	2.8957885175476876e-05	0.0007174405486038303	0.003498795378549364	0.011308664876475505	0.0009379196390969645	2.017925256313096e-05	0.003242909455203589	0.025549995520223013	0.019667343794593763	0.032909197802453896	0.08163494842890691
