#chrom,start,end,region,0X,1X,10X,30X,100X,500X,1000X,5000X,10000X,plate,batch,mixture,1X_ratio,10X_ratio,30X_ratio,100X_ratio,500X_ratio,1000X_ratio,5000X_ratio,10000X_ratio
MN908947.3,1,29903,whole genome,29902,29749,28931,28806,28803,28797,28530,24028,14662,05-05-23-A41,WB: artic,0adgio1o2o3o4o5,0.99488328539897,0.9675272557019597,0.9633469333154973,0.9632466055782222,0.963045950103672,0.9541167814861882,0.8035582904153569,0.4903350946424988
MN908947.3,1,29903,whole genome,29902,29586,28813,28804,28802,28535,28530,23570,12557,05-05-23-A41,WB: artic,0adgio1,0.9894321450070229,0.9635810313691392,0.9632800481573139,0.9632131629991305,0.9542839943816467,0.9541167814861882,0.7882415891913584,0.4199384656544713
MN908947.3,1,29903,whole genome,29902,29481,28658,28487,28483,28198,27553,23671,14266,05-05-23-A41,WB: artic,o2o3o4o5,0.9859206742023945,0.9583974316099257,0.9526787505852451,0.9525449802688783,0.943013845227744,0.9214433817135977,0.7916192896796201,0.4770918333221858
MN908947.3,1,29903,whole genome,29902,29560,28830,28807,28802,28530,28360,23209,15307,05-05-23-A41,WB: artic,0agio1o2,0.9885626379506387,0.964149555213698,0.963380375894589,0.9632131629991305,0.9541167814861882,0.9484315430405993,0.7761688181392549,0.5119055581566451
MN908947.3,1,29903,whole genome,29902,29789,28843,28805,28803,28797,28530,25998,19691,05-05-23-A41,WB: artic,0o5o3o4,0.996220988562638,0.9645843087418902,0.9633134907364056,0.9632466055782222,0.963045950103672,0.9541167814861882,0.8694401712260049,0.6585178248946558
MN908947.3,1,29903,whole genome,29902,29684,28854,28828,28804,28670,28530,24910,18592,05-05-23-A41,WB: artic,adgio1o2o3,0.9927095177580095,0.9649521771118988,0.9640826700555147,0.9632800481573139,0.9587987425590262,0.9541167814861882,0.8330546451742359,0.6217644304728781
MN908947.3,1,29903,whole genome,29902,29589,28506,28487,28483,28477,28210,25295,17477,05-05-23-A41,WB: artic,agio3o4o5,0.989532472744298,0.9533141595879874,0.9526787505852451,0.9525449802688783,0.9523443247943282,0.9434151561768443,0.8459300381245402,0.5844759547856331
MN908947.3,1,29903,whole genome,29902,29552,28234,28190,28183,28178,27910,24294,17765,05-05-23-A41,WB: artic,o1o2o3o4o5,0.9882950973179051,0.9442177780750451,0.9427463045950104,0.9425122065413685,0.94234499364591,0.9333823824493345,0.8124540164537489,0.5941074175640425
MN908947.3,1,29903,whole genome,29902,29311,28511,28500,28495,28492,28223,25219,16466,05-05-23-A41,WB: artic,0,0.9802354357568056,0.9534813724834459,0.9531135041134372,0.9529462912179787,0.9528459634807036,0.9438499097050365,0.843388402113571,0.5506655073239248
MN908947.3,1,29903,whole genome,29902,29480,28207,28186,28183,27917,27604,22991,11579,05-05-23-A41,WB: artic,o1o2,0.9858872316233028,0.9433148284395693,0.9426125342786436,0.9425122065413685,0.9336164805029764,0.9231489532472744,0.7688783358972644,0.3872316233027891
MN908947.3,1,29903,whole genome,29902,29484,28222,28186,28183,27672,27359,22623,11400,05-05-23-A41,WB: artic,o3,0.9860210019396696,0.9438164671259448,0.9426125342786436,0.9425122065413685,0.92542304862551,0.9149555213698081,0.756571466791519,0.3812454016453749
MN908947.3,1,29903,whole genome,29902,29322,27714,27561,27551,26646,26284,20273,8182,05-05-23-A41,WB: artic,o5,0.9806033041268143,0.9268276369473614,0.9217109223463313,0.9213764965554143,0.8911109624774263,0.879004748846231,0.677981405926025,0.27362718212828574
MN908947.3,1,29903,whole genome,29902,29622,28373,28169,28166,27442,27239,23786,15392,05-05-23-A41,WB: artic,o4,0.9906360778543242,0.9488662965687914,0.9420440104340847,0.9419436826968096,0.9177312554344191,0.9109424118788041,0.7954651862751655,0.5147481773794395
MN908947.3,1,29903,whole genome,29902,29260,28530,28512,28508,28237,28223,25941,19510,05-05-23-A41,WB: artic,0-2,0.9785298642231289,0.9541167814861882,0.9535148150625377,0.9533810447461708,0.9443181058123202,0.9438499097050365,0.8675339442177781,0.6524647180790583
MN908947.3,1,29903,whole genome,29902,29262,28194,28187,28185,27917,27911,24902,14261,05-05-23-A41,WB: artic,a,0.9785967493813122,0.9428800749113772,0.9426459768577353,0.9425790916995519,0.9336164805029764,0.9334158250284262,0.8327871045415023,0.4769246204267273
MN908947.3,1,29903,whole genome,29902,29169,28184,28180,28175,28040,27903,24673,18331,05-05-23-A41,WB: artic,g,0.9754865895257843,0.9425456491204601,0.9424118788040934,0.9422446659086349,0.9377299177312555,0.9331482843956926,0.825128753929503,0.6130359173299444
MN908947.3,1,29903,whole genome,29902,29095,27955,27925,27923,27918,27650,24942,16107,05-05-23-A41,WB: artic,i,0.9730118386729985,0.934887298508461,0.93388402113571,0.9338171359775266,0.9336499230820681,0.9246873118854926,0.8341248077051702,0.5386596214300047
MN908947.3,1,29903,whole genome,29902,29414,28514,28501,28496,28368,28223,25081,18526,05-05-23-A41,WB: artic,d,0.9836800214032506,0.953581700220721,0.953146946692529,0.9529797337970705,0.9486990836733329,0.9438499097050365,0.8387733261989164,0.6195572202528259
MN908947.3,1,29903,whole genome,29902,29159,28266,27564,27560,27413,26935,23683,15344,05-05-23-A41,WB: artic,o1,0.9751521637348672,0.9452879406059795,0.9218112500836064,0.9216774797672397,0.9167614206407598,0.9007758678349275,0.7920206006287205,0.513142933583038
MN908947.3,1,29903,whole genome,29902,28995,28533,28189,28183,28051,27911,24567,15877,05-05-23-A41,WB: artic,o2,0.9696675807638285,0.9542171092234634,0.9427128620159186,0.9425122065413685,0.9380977861012642,0.9334158250284262,0.8215838405457829,0.5309678282389138
MN908947.3,1,29903,whole genome,29902,29148,28314,28239,28235,28107,27961,25764,20450,05-05-23-A41,WB: artic,0-3,0.9747842953648586,0.9468931844023811,0.9443849909705037,0.9442512206541368,0.9399705705303993,0.9350879539830111,0.8616146077185473,0.6839007424252558
MN908947.3,1,29903,whole genome,29902,28930,28309,28188,28184,28124,27761,24363,18195,05-05-23-A41,WB: artic,o3-2,0.9674938131228681,0.9467259715069226,0.942679419436827,0.9425456491204601,0.9405390943749582,0.9283994381646713,0.8147615544110762,0.6084877265734734
MN908947.3,1,29903,whole genome,29902,29075,27910,27599,27595,27593,27086,24050,15216,05-05-23-A41,WB: artic,o3-3,0.9723429870911645,0.9333823824493345,0.9229817403518159,0.9228479700354492,0.9227810848772657,0.9058256972777741,0.8042940271553742,0.5088622834593004
MN908947.3,1,29903,whole genome,29902,29210,27740,27345,27260,27076,26665,24511,18437,05-05-23-A41,WB: artic,o5-2,0.9768577352685439,0.9276971440037456,0.9144873252625243,0.9116447060397298,0.905491271486857,0.8917463714801686,0.8197110561166477,0.6165808307136647
MN908947.3,1,29903,whole genome,29902,29062,27703,27564,27561,27555,27047,23452,12295,05-05-23-A41,WB: artic,o5-3,0.9719082335629724,0.9264597685773527,0.9218112500836064,0.9217109223463313,0.9215102668717812,0.9045214366931977,0.7842953648585379,0.411176509932446
MN908947.3,1,29903,whole genome,29902,29479,28068,27861,27859,27709,27245,23806,12778,05-05-23-A41,WB: artic,o4-2,0.9858537890442111,0.938666309945823,0.9317436960738412,0.9316768109156578,0.9266604240519029,0.9111430673533543,0.7961340378569995,0.42732927563373685
MN908947.3,1,29903,whole genome,29902,29352,28109,27995,27868,27716,27251,25222,18833,05-05-23-A41,WB: artic,o4-3,0.9816065814995653,0.9400374556885827,0.936225001672129,0.9319777941274832,0.9268945221055448,0.9113437228279044,0.8434887298508461,0.6298240920339777
MN908947.3,1,29903,whole genome,29902,29316,28362,28189,28184,28179,27906,25923,20701,05-05-23-A41,WB: artic,o2-2,0.980402648652264,0.9484984281987827,0.9427128620159186,0.9425456491204601,0.9423784362250017,0.9332486121329677,0.8669319777941275,0.6922948297772724
MN908947.3,1,29903,whole genome,29902,29291,28287,27874,27867,27588,27246,23101,12417,05-05-23-A41,WB: artic,o2o3o4o5-2,0.9795665841749716,0.9459902347669052,0.9321784496020333,0.9319443515483914,0.9226138719818072,0.911176509932446,0.7725570195973513,0.4152565045816333
MN908947.3,1,29903,whole genome,29902,29386,28531,28505,28501,28427,27643,24921,19235,05-05-23-A41,WB: artic,o2o3o4o5-3,0.9827436291886831,0.9541502240652799,0.9532807170088957,0.953146946692529,0.9506721958397432,0.9244532138318508,0.8334225135442446,0.6432680088288408
MN908947.3,1,29903,whole genome,29902,29516,28816,28810,28806,28539,28527,23570,10579,05-05-23-A41,WB: artic,0adgio1-2,0.987091164470604,0.9636813591064143,0.9634807036318641,0.9633469333154973,0.9544177646980135,0.9540164537489131,0.7882415891913584,0.35378904421108953
MN908947.3,1,29903,whole genome,29902,29586,28820,28808,28803,28728,28530,26012,19215,05-05-23-A41,WB: artic,0aio1o2o3o4o5,0.9894321450070229,0.9638151294227811,0.9634138184736807,0.9632466055782222,0.9607384121463447,0.9541167814861882,0.8699083673332887,0.6425991572470069
MN908947.3,1,29903,whole genome,29902,29652,28261,28237,28235,28230,27962,25128,17056,05-05-23-A41,WB: artic,0-4,0.9916393552270751,0.945120727710521,0.9443181058123202,0.9442512206541368,0.9440840077586784,0.9351213965621029,0.8403451274162264,0.5703966289880276
MN908947.3,1,29903,whole genome,29902,29233,28210,28198,28183,28051,27911,22052,10964,05-05-23-A41,WB: artic,a-2,0.977626914587653,0.9434151561768443,0.943013845227744,0.9425122065413685,0.9380977861012642,0.9334158250284262,0.7374757541301585,0.3666644371613939
MN908947.3,1,29903,whole genome,29902,29430,28208,28178,28175,27903,27698,24417,14488,05-05-23-A41,WB: artic,g-2,0.9842151026687178,0.9433482710186609,0.94234499364591,0.9422446659086349,0.9331482843956926,0.9262925556818942,0.816567453682028,0.4845160858805431
MN908947.3,1,29903,whole genome,29902,28913,27956,27938,27923,27919,27650,25308,18387,05-05-23-A41,WB: artic,i-2,0.9669252892783091,0.9349207410875526,0.9343187746639021,0.9338171359775266,0.9336833656611598,0.9246873118854926,0.8463647916527323,0.6149087017590796
MN908947.3,1,29903,whole genome,29902,28952,28503,28500,28496,28223,27842,23282,14808,05-05-23-A41,WB: artic,d-2,0.9682295498628855,0.9532138318507123,0.9531135041134372,0.9529797337970705,0.9438499097050365,0.9311082870710989,0.778610126412949,0.49521771118988694
MN908947.3,1,29903,whole genome,29902,29405,28313,28197,28183,28051,27911,24306,14935,05-05-23-A41,WB: artic,o1-2,0.9833790381914254,0.9468597418232894,0.9429804026486522,0.9425122065413685,0.9380977861012642,0.9334158250284262,0.8128553274028493,0.4994649187345328
MN908947.3,1,29903,whole genome,29902,28773,27583,27563,27561,27283,26937,21752,10435,05-05-23-A41,WB: artic,o2-3,0.9622433282054712,0.9224466590863487,0.9217778075045148,0.9217109223463313,0.9124138853588388,0.9008427529931108,0.7274429804026487,0.3489733128218848
MN908947.3,1,29903,whole genome,29902,28803,27623,27607,27601,27230,26986,23263,15266,05-05-23-A41,WB: artic,o3-4,0.9632466055782222,0.9237843622500167,0.9232492809845495,0.9230486255099993,0.9106414286669788,0.9024814393686041,0.7779747174102066,0.5105344124138853
MN908947.3,1,29903,whole genome,29902,29360,28211,27875,27870,27862,27590,24846,17521,05-05-23-A41,WB: artic,o5-4,0.9818741221322989,0.943448598755936,0.932211892181125,0.9320446792856665,0.9317771386529329,0.9226807571399906,0.8309143201123671,0.5859474282656678
MN908947.3,1,29903,whole genome,29902,29134,27574,27562,27561,27555,27028,22629,9811,05-05-23-A41,WB: artic,o4-4,0.9743160992575748,0.9221456758745235,0.921744364925423,0.9217109223463313,0.9215102668717812,0.9038860276904555,0.7567721222660692,0.3281051434686643
MN908947.3,1,29903,whole genome,29902,29049,28808,28804,28528,27514,25816,15067,3713,05-16-23-A41,NWRB: artic,0adgio1o2o3o4o5,0.9714734800347803,0.9634138184736807,0.9632800481573139,0.9540498963280049,0.9201391211290215,0.8633536218313156,0.5038793391746371,0.12417229616748043
MN908947.3,1,29903,whole genome,29902,28976,28806,28804,28464,27260,26071,15127,3405,05-16-23-A41,NWRB: artic,0adgio1,0.9690321717610862,0.9633469333154973,0.9632800481573139,0.9519095712661361,0.9116447060397298,0.871881479499699,0.5058858939201392,0.11387198180723697
MN908947.3,1,29903,whole genome,29902,28851,28486,28479,27556,26230,24735,13612,2647,05-16-23-A41,NWRB: artic,o2o3o4o5,0.9648518493746238,0.9526453080061534,0.9524112099525115,0.9215437094508728,0.8771988495752793,0.8272021938331884,0.4552203865962143,0.08852250685572871
MN908947.3,1,29903,whole genome,29902,29155,28836,28803,28531,27406,26210,18310,6065,05-16-23-A41,NWRB: artic,0agio1o2,0.9750183934185004,0.9643502106882483,0.9632466055782222,0.9541502240652799,0.9165273225871179,0.8765299979934452,0.6123336231690188,0.20282924219115778
MN908947.3,1,29903,whole genome,29902,29349,28815,28804,28537,27437,26726,18488,6408,05-16-23-A41,NWRB: artic,0o5o3o4,0.9815062537622902,0.9636479165273226,0.9632800481573139,0.9543508795398301,0.9175640425389606,0.8937863688047623,0.6182864022473413,0.21430004681961073
MN908947.3,1,29903,whole genome,29902,29051,28808,28804,28444,27737,26255,18782,8013,05-16-23-A41,NWRB: artic,adgio1o2o3,0.9715403651929637,0.9634138184736807,0.9632800481573139,0.951240719684302,0.9275968162664705,0.8780349140525717,0.628118520500301,0.2679753862617885
MN908947.3,1,29903,whole genome,29902,29212,28491,28484,28007,27200,26018,15766,4288,05-16-23-A41,NWRB: artic,agio3o4o5,0.9769246204267273,0.952812520901612,0.95257842284797,0.9366263126212293,0.9096381512942278,0.870109022807839,0.5272557019597351,0.1434017791452077
MN908947.3,1,29903,whole genome,29902,29022,28488,28185,28179,27392,26422,17990,5338,05-16-23-A41,NWRB: artic,o1o2o3o4o5,0.9705705303993044,0.9527121931643369,0.9425790916995519,0.9423784362250017,0.9160591264798341,0.8836198247608855,0.6016319978596749,0.1785164871914922
MN908947.3,1,29903,whole genome,29902,29402,28500,28496,28491,28014,27766,17932,4602,05-16-23-A41,NWRB: artic,0,0.9832787104541503,0.9531135041134372,0.9529797337970705,0.952812520901612,0.9368604106748712,0.9285666510601298,0.5996923282723564,0.15390274898000134
MN908947.3,1,29903,whole genome,29902,29119,28487,28474,27604,25989,24353,16347,4599,05-16-23-A41,NWRB: artic,o1o2,0.9738144605711992,0.9526787505852451,0.9522439970570531,0.9231489532472744,0.8691391880141797,0.8144271286201592,0.5466858404120126,0.15380242124272625
MN908947.3,1,29903,whole genome,29902,28640,28276,27962,26568,25096,23046,15263,5214,05-16-23-A41,NWRB: artic,o3,0.9577954651862751,0.9456223663968966,0.9351213965621029,0.8885024413082737,0.839274964885292,0.7707176777473079,0.5104340846766102,0.17436960738412147
MN908947.3,1,29903,whole genome,29902,28878,27560,27381,26379,25322,23594,15167,4065,05-16-23-A41,NWRB: artic,o5,0.9657547990100996,0.9216774797672397,0.9156912581098254,0.8821817938599424,0.846832987760016,0.7890442110895592,0.5072235970838072,0.13594408400775868
MN908947.3,1,29903,whole genome,29902,29528,28532,28158,27592,26151,25466,17994,5924,05-16-23-A41,NWRB: artic,o4,0.9874924754197044,0.9541836666443716,0.941676142064076,0.9227476422981741,0.874556885827035,0.8516487191492208,0.6017657681760418,0.19811383853922815
MN908947.3,1,29903,whole genome,29902,29025,28510,28496,28228,27116,25908,16228,4704,05-16-23-A41,NWRB: artic,0-2,0.9706708581365795,0.9534479299043542,0.9529797337970705,0.944017122600495,0.906828974650525,0.866430339107752,0.5427061735001003,0.1573138920473547
MN908947.3,1,29903,whole genome,29902,28569,28491,28186,27712,26942,25089,16294,4133,05-16-23-A41,NWRB: artic,a,0.9554210420707645,0.952812520901612,0.9426125342786436,0.9267607517891779,0.9010099658885693,0.83904086683165,0.5449133837201525,0.13821817938599426
MN908947.3,1,29903,whole genome,29902,28547,28181,28176,27529,27110,25618,12880,2378,05-16-23-A41,NWRB: artic,g,0.9546853053307471,0.942445321383185,0.9422781084877265,0.920640759815397,0.9066283191759749,0.8567319911711592,0.43074041870109026,0.07952645308006154
MN908947.3,1,29903,whole genome,29902,28650,27928,27925,27661,26852,26026,17382,4694,05-16-23-A41,NWRB: artic,i,0.9581298909771921,0.9339843488729851,0.93388402113571,0.9250551802555013,0.8980001337703164,0.8703765634405726,0.5812989097719216,0.1569794662564377
MN908947.3,1,29903,whole genome,29902,28645,28506,28371,27615,26927,25330,16184,4719,05-16-23-A41,NWRB: artic,d,0.9579626780817336,0.9533141595879874,0.948799411410608,0.9235168216172831,0.9005083272021939,0.8471005283927496,0.5412347000200656,0.1578155307337302
MN908947.3,1,29903,whole genome,29902,28543,28350,28045,27219,24457,22793,15274,4997,05-16-23-A41,NWRB: artic,o1,0.9545515350143803,0.9480971172496823,0.937897130626714,0.9102735602969702,0.817905156845696,0.7622567052371079,0.5108019530466189,0.16711256772122265
MN908947.3,1,29903,whole genome,29902,28824,27894,27572,26887,25605,24751,16965,4797,05-16-23-A41,NWRB: artic,o2,0.9639488997391479,0.9328473011838673,0.92207879071634,0.8991706240385259,0.8562972376429671,0.8277372750986556,0.5673533542906829,0.16042405190288275
MN908947.3,1,29903,whole genome,29902,28724,28411,28249,27900,27008,25887,18238,5523,05-16-23-A41,NWRB: artic,0-3,0.960604641829978,0.950137114574276,0.9447194167614207,0.9330479566584174,0.9032171761086215,0.8657280449468263,0.6099257574744165,0.18470336432345663
MN908947.3,1,29903,whole genome,29902,28974,28498,28282,27091,25030,23062,15990,5884,05-16-23-A41,NWRB: artic,o3-2,0.9689652866029028,0.9530466189552538,0.9458230218714467,0.9059929101732326,0.8370677546652397,0.771252759012775,0.5347468396762758,0.19677613537556016
MN908947.3,1,29903,whole genome,29902,28584,27915,27898,27507,25968,24931,17173,6842,05-16-23-A41,NWRB: artic,o3-3,0.95592268075714,0.933549595344793,0.9329810715002341,0.9199050230753796,0.868436893853254,0.8337569393351615,0.5743094107417565,0.22881412614540833
MN908947.3,1,29903,whole genome,29902,28278,27102,27085,26522,25156,24104,15281,4335,05-16-23-A41,NWRB: artic,o5-2,0.9456892515550799,0.9063607785432413,0.9057922546986824,0.8869640826700556,0.8412815196307939,0.806099926426326,0.5110360511002608,0.14497358036251756
MN908947.3,1,29903,whole genome,29902,28723,27867,27570,27356,25860,24774,15877,4763,05-16-23-A41,NWRB: artic,o5-3,0.9605711992508862,0.9319443515483914,0.9220119055581566,0.914855193632533,0.8648250953113504,0.8285064544177647,0.5309678282389138,0.15928700421376496
MN908947.3,1,29903,whole genome,29902,28434,27872,27199,26585,25579,24133,17705,7547,05-16-23-A41,NWRB: artic,o4-2,0.9509062938933851,0.9321115644438499,0.9096047087151361,0.8890709651528326,0.8554277305865828,0.8070697612199853,0.5921008628185406,0.2523911444050565
MN908947.3,1,29903,whole genome,29902,28865,28419,28150,27829,25851,25015,16689,4991,05-16-23-A41,NWRB: artic,o4-3,0.9653200454819075,0.9504046552070096,0.9414086014313424,0.9306735335429068,0.8645241120995251,0.8365661159788643,0.5581232024613738,0.16691191224667246
MN908947.3,1,29903,whole genome,29902,28572,28198,28185,27979,26730,25134,17020,5918,05-16-23-A41,NWRB: artic,o2-2,0.9555213698080396,0.943013845227744,0.9425790916995519,0.9356899204066618,0.893920139121129,0.8405457828907765,0.5691926961407263,0.19791318306467795
MN908947.3,1,29903,whole genome,29902,29830,28821,28277,26945,25939,24389,16933,6202,05-16-23-A41,NWRB: artic,o2o3o4o5-2,0.9975921343053976,0.9638485720018728,0.9456558089759882,0.9011102936258444,0.8674670590595946,0.8156310614674603,0.5662831917597485,0.20741087552672063
MN908947.3,1,29903,whole genome,29902,29102,28807,28485,28483,27459,26423,18395,5005,05-16-23-A41,NWRB: artic,o2o3o4o5-3,0.9732459367266404,0.963380375894589,0.9526118654270618,0.9525449802688783,0.918299779278978,0.8836532673399773,0.6151762423918132,0.16738010835395625
MN908947.3,1,29903,whole genome,29902,29081,28820,28671,28160,26862,24655,17269,6192,05-16-23-A41,NWRB: artic,0adgio1-2,0.9725436425657147,0.9638151294227811,0.9588321851381179,0.9417430272222593,0.8983345595612333,0.8245267875058524,0.5775198983345595,0.20707644973580364
MN908947.3,1,29903,whole genome,29902,29016,28827,28814,28802,27717,27080,17725,5404,05-16-23-A41,NWRB: artic,0aio1o2o3o4o5,0.9703698749247542,0.964049227476423,0.9636144739482309,0.9632131629991305,0.9269279646846365,0.9056250418032239,0.5927697144003745,0.18072369741154437
MN908947.3,1,29903,whole genome,29902,29053,28369,28351,28234,27751,26843,17080,4031,05-16-23-A41,NWRB: artic,0-4,0.971607250351147,0.9487325262524245,0.948130559828774,0.9442177780750451,0.9280650123737543,0.897699150558491,0.5711992508862284,0.13480703631864088
MN908947.3,1,29903,whole genome,29902,29228,28713,28692,27715,26783,25341,16898,5483,05-16-23-A41,NWRB: artic,a-2,0.9774597016921945,0.9602367734599693,0.9595344792990436,0.9268610795264531,0.8956925958129891,0.8474683967627583,0.565112701491539,0.18336566115978864
MN908947.3,1,29903,whole genome,29902,28581,28189,28177,27844,26940,26244,17038,4603,05-16-23-A41,NWRB: artic,g-2,0.9558223530198648,0.9427128620159186,0.9423115510668183,0.9311751722292824,0.900943080730386,0.877667045682563,0.5697946625643769,0.15393619155909305
MN908947.3,1,29903,whole genome,29902,28511,28449,27947,27466,26701,24811,17248,5646,05-16-23-A41,NWRB: artic,i-2,0.9534813724834459,0.9514079325797605,0.9346197578757274,0.9185338773326199,0.8929503043274697,0.8297438298441576,0.5768176041736339,0.18881680155173566
MN908947.3,1,29903,whole genome,29902,28570,28515,28497,27848,27256,26297,18083,6300,05-16-23-A41,NWRB: artic,d-2,0.9554544846498562,0.9536151427998127,0.9530131763761621,0.9313089425456491,0.911510935723363,0.8794395023744231,0.604742157715203,0.21068824827770719
MN908947.3,1,29903,whole genome,29902,29253,28818,28476,27852,27125,25766,17266,5466,05-16-23-A41,NWRB: artic,o1-2,0.978295766169487,0.9637482442645977,0.9523108822152364,0.931442712862016,0.9071299578623503,0.8616814928767307,0.5774195705972844,0.18279713731522976
MN908947.3,1,29903,whole genome,29902,28367,27574,27563,27229,25860,24541,16272,5291,05-16-23-A41,NWRB: artic,o2-3,0.9486656410942412,0.9221456758745235,0.9217778075045148,0.9106079860878871,0.8648250953113504,0.8207143334893987,0.5441776469801352,0.17694468597418234
MN908947.3,1,29903,whole genome,29902,28278,28216,27600,26816,25076,23624,14924,4823,05-16-23-A41,NWRB: artic,o3-4,0.9456892515550799,0.9436158116513945,0.9230151829309077,0.8967962009230152,0.8386061133034579,0.7900474884623102,0.4990970503645241,0.16129355895926695
MN908947.3,1,29903,whole genome,29902,28392,27889,27552,26911,25861,24957,17971,7443,05-16-23-A41,NWRB: artic,o5-4,0.9495017055715337,0.9326800882884088,0.9214099391345061,0.8999732459367267,0.8648585378904421,0.8346264463915457,0.6009965888569326,0.24891311617951978
MN908947.3,1,29903,whole genome,29902,28784,28178,27868,27232,25861,25210,17932,5734,05-16-23-A41,NWRB: artic,o4-4,0.9626111965754799,0.94234499364591,0.9319777941274832,0.9107083138251622,0.8648585378904421,0.8430874189017457,0.5996923282723564,0.19175974851180522
MN908947.3,1,29903,whole genome,29902,29833,29830,29830,29229,27921,27727,20587,13991,06-26-23-A41,PWRB: artic,0adgio1o2o3o4o5,0.9976924620426727,0.9975921343053976,0.9975921343053976,0.9774931442712862,0.9337502508193432,0.9272623904755535,0.6884823757608187,0.4678951240719684
MN908947.3,1,29903,whole genome,29902,29248,29225,28817,28598,27743,27232,20759,14076,06-26-23-A41,PWRB: artic,0adgio1,0.9781285532740285,0.9773593739549195,0.9637148016855059,0.9563908768644238,0.9277974717410207,0.9107083138251622,0.694234499364591,0.47073774329476287
MN908947.3,1,29903,whole genome,29902,28847,28792,28787,28068,27454,27197,19732,14774,06-26-23-A41,PWRB: artic,o2o3o4o5,0.964718079058257,0.9628787372082135,0.962711524312755,0.938666309945823,0.9181325663835195,0.9095378235569527,0.6598889706374156,0.4940806635007692
MN908947.3,1,29903,whole genome,29902,29244,29017,28807,28598,27740,27416,21224,16500,06-26-23-A41,PWRB: artic,0agio1o2,0.9779947829576617,0.9704033175038459,0.963380375894589,0.9563908768644238,0.9276971440037456,0.9168617483780349,0.7097852986422313,0.5518025550130427
MN908947.3,1,29903,whole genome,29902,28997,28923,28901,28599,27743,27431,20950,15467,06-26-23-A41,PWRB: artic,0o5o3o4,0.969734465922012,0.9672597150692261,0.9665239783292088,0.9564243194435155,0.9277974717410207,0.9173633870644105,0.7006220319711056,0.5172563708113169
MN908947.3,1,29903,whole genome,29902,28868,28827,28824,28599,27917,27181,20476,14955,06-26-23-A41,PWRB: artic,adgio1o2o3,0.9654203732191826,0.964049227476423,0.9639488997391479,0.9564243194435155,0.9336164805029764,0.9090027422914855,0.68477024948164,0.5001337703163667
MN908947.3,1,29903,whole genome,29902,28930,28694,28485,28395,28094,27826,21716,14128,06-26-23-A41,PWRB: artic,agio3o4o5,0.9674938131228681,0.959601364457227,0.9526118654270618,0.9496020333088088,0.9395358170022072,0.9305732058056317,0.7262390475553475,0.47247675740753126
MN908947.3,1,29903,whole genome,29902,28269,28204,28186,28183,27798,27156,22181,16965,06-26-23-A41,PWRB: artic,o1o2o3o4o5,0.9453882683432546,0.9432145007022942,0.9426125342786436,0.9425122065413685,0.9296368135910641,0.908166677814193,0.7417898468329878,0.5673533542906829
MN908947.3,1,29903,whole genome,29902,29210,28506,28498,28496,28024,27611,22935,18890,06-26-23-A41,PWRB: artic,0,0.9768577352685439,0.9533141595879874,0.9530466189552538,0.9529797337970705,0.9371948364657883,0.9233830513009164,0.7670055514681292,0.6317303190422046
MN908947.3,1,29903,whole genome,29902,28960,28486,28310,27980,27363,27222,22519,17132,06-26-23-A41,PWRB: artic,o1o2,0.968497090495619,0.9526453080061534,0.9467594140860143,0.9357233629857534,0.9150892916861748,0.9103738880342452,0.7530934385659822,0.5729382649989967
MN908947.3,1,29903,whole genome,29902,28268,28204,28188,27769,27086,26394,20106,16177,06-26-23-A41,PWRB: artic,o3,0.945354825764163,0.9432145007022942,0.942679419436827,0.9286669787974049,0.9058256972777741,0.882683432546318,0.6723964952177112,0.5410006019664236
MN908947.3,1,29903,whole genome,29902,28973,28414,28399,27593,26517,25653,19614,15458,06-26-23-A41,PWRB: artic,o5,0.9689318440238112,0.950237442311551,0.9497358036251756,0.9227810848772657,0.886796869774597,0.8579024814393686,0.655942746304595,0.5169553875994917
MN908947.3,1,29903,whole genome,29902,28720,28498,28169,27955,27161,26431,21830,16060,06-26-23-A41,PWRB: artic,o4,0.9604708715136111,0.9530466189552538,0.9420440104340847,0.934887298508461,0.9083338907096515,0.8839208079727109,0.7300515015718012,0.5370878202126949
MN908947.3,1,29903,whole genome,29902,29676,29440,29036,28612,27846,27389,20890,13939,06-26-23-A41,PWRB: artic,0-2,0.9924419771252759,0.9845495284596348,0.9710387265065882,0.9568590729717076,0.9312420573874657,0.915958798742559,0.6986154772256037,0.46615610995920004
MN908947.3,1,29903,whole genome,29902,28558,28196,28186,27980,27354,27119,21504,15568,06-26-23-A41,PWRB: artic,a,0.9550531737007558,0.9429469600695606,0.9426125342786436,0.9357233629857534,0.9147883084743496,0.9069293023878001,0.7191492207879072,0.5206340712995786
MN908947.3,1,29903,whole genome,29902,29059,28508,28484,27971,27590,26768,20054,13352,06-26-23-A41,PWRB: artic,g,0.9718079058256973,0.9533810447461708,0.95257842284797,0.9354223797739282,0.9226807571399906,0.8951909571266136,0.6706574811049428,0.44652531603237244
MN908947.3,1,29903,whole genome,29902,29175,28348,27932,27718,27251,26714,22087,16102,06-26-23-A41,PWRB: artic,i,0.9756872450003344,0.948030232091499,0.9341181191893518,0.9269614072637282,0.9113437228279044,0.8933850578556618,0.738646244398368,0.5384924085345462
MN908947.3,1,29903,whole genome,29902,28619,28502,28321,28116,27668,27429,20442,14884,06-26-23-A41,PWRB: artic,d,0.9570931710253495,0.9531803892716206,0.947127282456023,0.9402715537422246,0.9252892783091432,0.917296501906227,0.6836332017925223,0.49775934720085613
MN908947.3,1,29903,whole genome,29902,28783,28734,28389,27980,27527,26933,20462,15345,06-26-23-A41,PWRB: artic,o1,0.9625777539963882,0.9609390676208949,0.9494013778342586,0.9357233629857534,0.9205738746572135,0.900708982676744,0.6843020533743562,0.5131763761621296
MN908947.3,1,29903,whole genome,29902,29467,28741,28508,27547,26556,25956,20337,16067,06-26-23-A41,PWRB: artic,o2,0.9854524780951107,0.9611731656745368,0.9533810447461708,0.9212427262390476,0.8881011303591733,0.8680355829041536,0.6801217309878937,0.5373219182663367
MN908947.3,1,29903,whole genome,29902,29336,29095,28492,28032,27382,27025,22036,15243,06-26-23-A41,PWRB: artic,0-3,0.9810715002340981,0.9730118386729985,0.9528459634807036,0.9374623770985219,0.9157247006889171,0.9037856999531804,0.7369406728646913,0.5097652330947763
MN908947.3,1,29903,whole genome,29902,28856,28512,28301,28089,26669,25891,19899,14923,06-26-23-A41,PWRB: artic,o3-2,0.9650190622700823,0.9535148150625377,0.946458430874189,0.9393686041067487,0.8918801417965353,0.8658618152631931,0.6654738813457294,0.4990636077854324
MN908947.3,1,29903,whole genome,29902,28222,27850,27635,27244,26322,25459,19675,14549,06-26-23-A41,PWRB: artic,o3-3,0.9438164671259448,0.9313758277038325,0.9241856731991172,0.9111096247742626,0.8802755668517156,0.8514146210955789,0.6579827436291887,0.48655608320513677
MN908947.3,1,29903,whole genome,29902,28462,27620,27404,26732,24994,23197,18144,14221,06-26-23-A41,PWRB: artic,o5-2,0.9518426861079526,0.9236840345127416,0.9164604374289346,0.8939870242793124,0.8358638218179386,0.7757675071901545,0.6067821550397967,0.47558691726305935
MN908947.3,1,29903,whole genome,29902,27934,27570,27261,27051,26340,25291,19255,12977,06-26-23-A41,PWRB: artic,o5-3,0.9341850043475353,0.9220119055581566,0.9116781486188215,0.9046552070095646,0.8808775332753662,0.8457962678081734,0.6439368604106749,0.4339843488729851
MN908947.3,1,29903,whole genome,29902,28975,28411,27857,27355,26482,25983,20365,14358,06-26-23-A41,PWRB: artic,o4-2,0.9689987291819945,0.950137114574276,0.9316099257574744,0.9148217510534412,0.8856263795063876,0.8689385325396295,0.6810581232024614,0.4801685505986222
MN908947.3,1,29903,whole genome,29902,28961,28409,27869,27654,27278,26297,22573,18253,06-26-23-A41,PWRB: artic,o4-3,0.9685305330747107,0.9500702294160925,0.9320112367065748,0.9248210822018594,0.9122466724633804,0.8794395023744231,0.754899337836934,0.6104273961607919
MN908947.3,1,29903,whole genome,29902,28445,28191,28187,27980,27447,26919,21974,16033,06-26-23-A41,PWRB: artic,o2-2,0.9512741622633938,0.9427797471741021,0.9426459768577353,0.9357233629857534,0.9178984683298776,0.9002407865694603,0.734867232961006,0.5361848705772189
MN908947.3,1,29903,whole genome,29902,28187,28086,27668,27453,26756,26243,21180,17100,06-26-23-A41,PWRB: artic,o2o3o4o5-2,0.9426459768577353,0.9392682763694736,0.9252892783091432,0.9180991238044278,0.8947896461775132,0.8776336031034714,0.7083138251621965,0.5718681024680623
MN908947.3,1,29903,whole genome,29902,29651,29643,29024,28406,27434,26568,20356,14794,06-26-23-A41,PWRB: artic,o2o3o4o5-3,0.9916059126479834,0.9913383720152498,0.9706374155574878,0.9499699016788175,0.9174637148016855,0.8885024413082737,0.680757139990636,0.4947495150826032
MN908947.3,1,29903,whole genome,29902,28858,28813,28810,28601,27749,26535,19551,12760,06-26-23-A41,PWRB: artic,0adgio1-2,0.9650859474282657,0.9635810313691392,0.9634807036318641,0.9564912046016989,0.9279981272155708,0.8873988361982476,0.6538358638218179,0.4267273092100863
MN908947.3,1,29903,whole genome,29902,29833,29647,29045,28599,27740,27737,20943,14973,06-26-23-A41,PWRB: artic,0aio1o2o3o4o5,0.9976924620426727,0.9914721423316166,0.9713397097184134,0.9564243194435155,0.9276971440037456,0.9275968162664705,0.7003879339174637,0.5007357367400174
MN908947.3,1,29903,whole genome,29902,29036,28245,28236,28031,27579,27026,22106,17045,06-26-23-A41,PWRB: artic,0-4,0.9710387265065882,0.9445856464450538,0.9442846632332286,0.9374289345194301,0.922312888769982,0.9038191425322721,0.7392816534011103,0.5700287606180189
MN908947.3,1,29903,whole genome,29902,28539,28201,28133,27980,27351,26721,20847,15237,06-26-23-A41,PWRB: artic,a-2,0.9544177646980135,0.9431141729650191,0.9408400775867835,0.9357233629857534,0.9146879807370745,0.8936191559093037,0.6971774463246606,0.5095645776202261
MN908947.3,1,29903,whole genome,29902,28242,28200,28156,27972,27344,26400,20462,15393,06-26-23-A41,PWRB: artic,g-2,0.9444853187077787,0.9430807303859273,0.9416092569058926,0.9354558223530198,0.9144538826834325,0.8828840880208682,0.6843020533743562,0.5147816199585312
MN908947.3,1,29903,whole genome,29902,28009,27951,27938,27721,27450,26947,23500,18330,06-26-23-A41,PWRB: artic,i-2,0.9366931977794127,0.9347535281920942,0.9343187746639021,0.9270617350010033,0.9179987960671527,0.9011771787840278,0.7859006086549395,0.6130024747508528
MN908947.3,1,29903,whole genome,29902,28564,28503,28322,28116,27664,27066,21186,17126,06-26-23-A41,PWRB: artic,d-2,0.955253829175306,0.9532138318507123,0.9471607250351147,0.9402715537422246,0.9251555079927763,0.90515684569594,0.7085144806367467,0.5727376095244465
MN908947.3,1,29903,whole genome,29902,28310,28209,28198,27991,27120,26803,19946,15239,06-26-23-A41,PWRB: artic,o1-2,0.9467594140860143,0.9433817135977527,0.943013845227744,0.9360912313557621,0.9069627449668919,0.896361447394823,0.6670456825630393,0.5096314627784094
MN908947.3,1,29903,whole genome,29902,28516,28059,27470,27056,26135,24541,19233,15748,06-26-23-A41,PWRB: artic,o2-3,0.9536485853789044,0.9383653267339978,0.9186676476489867,0.9048224199050231,0.8740218045615678,0.8207143334893987,0.6432011236706575,0.5266537355360845
MN908947.3,1,29903,whole genome,29902,29832,29533,29131,28721,26704,25419,19046,11618,06-26-23-A41,PWRB: artic,o3-4,0.997659019463581,0.9876596883151628,0.9742157715202997,0.9605043140927029,0.8930506320647449,0.8500769179319109,0.6369473613805097,0.3885358838873654
MN908947.3,1,29903,whole genome,29902,29835,29535,29320,29116,27595,26391,18882,12749,06-26-23-A41,PWRB: artic,o5-4,0.9977593472008561,0.9877265734733462,0.9805364189686309,0.9737141328339242,0.9228479700354492,0.8825831048090429,0.631462778409471,0.4263594408400776
MN908947.3,1,29903,whole genome,29902,28646,28101,27873,27664,27271,26403,22102,15957,06-26-23-A41,PWRB: artic,o4-4,0.9579961206608254,0.9397699150558491,0.9321450070229416,0.9251555079927763,0.9120125744097385,0.8829844157581432,0.7391478830847434,0.5336432345662497
MN908947.3,1,29903,whole genome,29902,29439,28678,28510,28508,28506,28504,26642,18438,05-05-23-V2,WB: varskip,0adgio1o2o3o4o5,0.9845160858805431,0.9590662831917598,0.9534479299043542,0.9533810447461708,0.9533141595879874,0.9532472744298041,0.8909771921610594,0.6166142732927563
MN908947.3,1,29903,whole genome,29902,29312,28033,27842,27833,27831,27570,26527,18650,05-05-23-V2,WB: varskip,0adgio1,0.9802688783358973,0.9374958196776135,0.9311082870710989,0.9308073038592737,0.9307404187010903,0.9220119055581566,0.8871312955655141,0.6237041000601966
MN908947.3,1,29903,whole genome,29902,29237,28563,28269,28261,28003,27742,24539,11141,05-05-23-V2,WB: varskip,o2o3o4o5,0.9777606849040198,0.9552203865962143,0.9453882683432546,0.945120727710521,0.9364925423048626,0.927764029161929,0.8206474483312153,0.37258377366062473
MN908947.3,1,29903,whole genome,29902,29406,28508,28289,28287,28285,28024,26473,15842,05-05-23-V2,WB: varskip,0agio1o2,0.983412480770517,0.9533810447461708,0.9460571199250887,0.9459902347669052,0.9459233496087218,0.9371948364657883,0.8853253962945622,0.5297973379707043
MN908947.3,1,29903,whole genome,29902,29328,28750,28519,28508,28506,28506,27595,20348,05-05-23-V2,WB: varskip,0o5o3o4,0.9808039596013645,0.9614741488863621,0.9537489131161795,0.9533810447461708,0.9533141595879874,0.9533141595879874,0.9228479700354492,0.6804895993579024
MN908947.3,1,29903,whole genome,29902,29364,28406,27886,27880,27877,27616,26341,18447,05-05-23-V2,WB: varskip,adgio1o2o3,0.9820078924486656,0.9499699016788175,0.9325797605511337,0.9323791050765835,0.9322787773393084,0.9235502641963749,0.8809109758544579,0.6169152565045817
MN908947.3,1,29903,whole genome,29902,29184,28807,28266,28261,28258,27996,24790,14356,05-05-23-V2,WB: varskip,agio3o4o5,0.9759882282121597,0.963380375894589,0.9452879406059795,0.945120727710521,0.9450203999732459,0.9362584442512206,0.8290415356832319,0.48010166544043875
MN908947.3,1,29903,whole genome,29902,29245,27965,27495,27485,27479,27208,25860,18494,05-05-23-V2,WB: varskip,o1o2o3o4o5,0.9780282255367534,0.935221724299378,0.9195037121262791,0.9191692863353622,0.918968630860812,0.9099056919269614,0.8648250953113504,0.6184870577218915
MN908947.3,1,29903,whole genome,29902,29086,27850,27837,27832,27831,27568,25134,14378,05-05-23-V2,WB: varskip,0,0.9727108554611732,0.9313758277038325,0.9309410741756404,0.9307738612801819,0.9307404187010903,0.9219450203999733,0.8405457828907765,0.4808374021804562
MN908947.3,1,29903,whole genome,29902,28938,27766,27496,27486,27482,27481,26121,19166,05-05-23-V2,WB: varskip,o1o2,0.9677613537556017,0.9285666510601298,0.9195371547053709,0.9192027289144539,0.9190689585980871,0.9190355160189954,0.873553608454284,0.6409604708715136
MN908947.3,1,29903,whole genome,29902,29027,28271,27873,27866,27611,27339,26396,20275,05-05-23-V2,WB: varskip,o3,0.9707377432947629,0.945455153501438,0.9321450070229416,0.9319109089692997,0.9233830513009164,0.914286669787974,0.8827503177045014,0.6780482910842084
MN908947.3,1,29903,whole genome,29902,29387,28122,27494,27485,27239,26975,24474,14859,05-05-23-V2,WB: varskip,o5,0.9827770717677747,0.9404722092167748,0.9194702695471875,0.9191692863353622,0.9109424118788041,0.9021135709985955,0.8184736806902548,0.4969232827235636
MN908947.3,1,29903,whole genome,29902,29026,28204,27889,27636,27372,27371,25019,15168,05-05-23-V2,WB: varskip,o4,0.9707043007156712,0.9432145007022942,0.9326800882884088,0.9242191157782088,0.9153902748980002,0.9153568323189084,0.8366998862952311,0.5072570396628988
MN908947.3,1,29903,whole genome,29902,28424,27603,27434,27427,27162,27161,26731,18833,05-05-23-V2,WB: varskip,0-2,0.9505718681024681,0.9231155106681828,0.9174637148016855,0.9172296167480436,0.9083673332887432,0.9083338907096515,0.8939535817002208,0.6298240920339777
MN908947.3,1,29903,whole genome,29902,29257,27364,27039,27030,27028,26765,25551,16016,05-05-23-V2,WB: varskip,a,0.9784295364858537,0.9151227342652666,0.9042538960604641,0.9039529128486389,0.9038860276904555,0.8950906293893385,0.8544913383720153,0.53561634673266
MN908947.3,1,29903,whole genome,29902,28927,27703,27456,27425,27424,27161,25824,17244,05-05-23-V2,WB: varskip,g,0.9673934853855929,0.9264597685773527,0.9181994515417029,0.9171627315898602,0.9171292890107685,0.9083338907096515,0.8636211624640492,0.5766838338572671
MN908947.3,1,29903,whole genome,29902,28635,26711,26535,26522,26508,26505,25120,16071,05-05-23-V2,WB: varskip,i,0.9576282522908167,0.8932847301183867,0.8873988361982476,0.8869640826700556,0.8864958865627717,0.8863955588254966,0.8400775867834928,0.5374556885827035
MN908947.3,1,29903,whole genome,29902,29018,27759,27435,27426,27423,27162,25765,18236,05-05-23-V2,WB: varskip,d,0.9704367600829376,0.9283325530064879,0.9174971573807772,0.9171961741689519,0.9170958464316769,0.9083673332887432,0.8616480502976389,0.609858872316233
MN908947.3,1,29903,whole genome,29902,29020,28081,27505,27486,27238,26975,25878,16354,05-05-23-V2,WB: varskip,o1,0.970503645241121,0.9391010634740151,0.9198381379171962,0.9192027289144539,0.9109089692997124,0.9021135709985955,0.8654270617350011,0.5469199384656545
MN908947.3,1,29903,whole genome,29902,28481,27341,27036,27030,26767,26764,20942,7312,05-05-23-V2,WB: varskip,o2,0.9524780951106949,0.9143535549461574,0.904153568323189,0.9039529128486389,0.8951575145475219,0.8950571868102468,0.700354491338372,0.24453213831850712
MN908947.3,1,29903,whole genome,29902,29311,27990,27839,27832,27831,27570,25979,16374,05-05-23-V2,WB: varskip,0-3,0.9802354357568056,0.9360577887766705,0.9310079593338239,0.9307738612801819,0.9307404187010903,0.9220119055581566,0.8688047622232626,0.5475887900474885
MN908947.3,1,29903,whole genome,29902,29244,27532,27041,27031,26784,26523,25765,18905,05-05-23-V2,WB: varskip,o3-2,0.9779947829576617,0.920741087552672,0.9043207812186476,0.9039863554277305,0.8957260383920808,0.8869975252491472,0.8616480502976389,0.63223195772858
MN908947.3,1,29903,whole genome,29902,28582,27685,27356,27346,27100,26837,25149,16314,05-05-23-V2,WB: varskip,o3-3,0.9558557955989566,0.9258578021537021,0.914855193632533,0.914520767841616,0.9062938933850578,0.8974984950839409,0.8410474215771521,0.5455822353019865
MN908947.3,1,29903,whole genome,29902,29118,27804,27498,27241,27239,26975,25325,16806,05-05-23-V2,WB: varskip,o5-2,0.9737810179921076,0.9298374690656144,0.9196040398635543,0.9110092970369875,0.9109424118788041,0.9021135709985955,0.8469333154972911,0.5620359842151027
MN908947.3,1,29903,whole genome,29902,29330,28344,27574,27488,27240,27238,26770,22206,05-05-23-V2,WB: varskip,o5-3,0.9808708447595479,0.9478964617751321,0.9221456758745235,0.9192696140726373,0.9109758544578958,0.9109089692997124,0.895257842284797,0.7426259113102802
MN908947.3,1,29903,whole genome,29902,28964,28348,27889,27880,27635,27633,26465,16614,05-05-23-V2,WB: varskip,o4-2,0.9686308608119858,0.948030232091499,0.9326800882884088,0.9323791050765835,0.9241856731991172,0.9241187880409337,0.8850578556618286,0.5556150090294963
MN908947.3,1,29903,whole genome,29902,29662,28044,27593,27486,27238,27235,26358,19404,05-05-23-V2,WB: varskip,o4-3,0.9919737810179922,0.9378636880476222,0.9227810848772657,0.9192027289144539,0.9109089692997124,0.9108086415624373,0.8814794996990167,0.648919804695338
MN908947.3,1,29903,whole genome,29902,28762,27824,27039,27030,26784,26522,24747,15587,05-05-23-V2,WB: varskip,o2-2,0.9618754598354625,0.9305063206474483,0.9042538960604641,0.9039529128486389,0.8957260383920808,0.8869640826700556,0.8276035047822888,0.5212694803023209
MN908947.3,1,29903,whole genome,29902,29017,28136,27878,27866,27619,27357,24701,14803,05-05-23-V2,WB: varskip,o2o3o4o5-2,0.9704033175038459,0.9409404053240585,0.9323122199184001,0.9319109089692997,0.92365059193365,0.9148886362116246,0.8260651461440707,0.4950504982944285
MN908947.3,1,29903,whole genome,29902,28989,28358,27887,27880,27634,27371,25482,16048,05-05-23-V2,WB: varskip,o2o3o4o5-3,0.9694669252892784,0.9483646578824159,0.9326132031302254,0.9323791050765835,0.9241522306200254,0.9153568323189084,0.852183800414688,0.5366865092635944
MN908947.3,1,29903,whole genome,29902,29333,27862,27841,27832,27831,27570,26739,19334,05-05-23-V2,WB: varskip,0adgio1-2,0.980971172496823,0.9317771386529329,0.9310748444920072,0.9307738612801819,0.9307404187010903,0.9220119055581566,0.8942211223329544,0.6465788241589191
MN908947.3,1,29903,whole genome,29902,29354,28730,28516,28508,28506,28506,27322,18854,05-05-23-V2,WB: varskip,0aio1o2o3o4o5,0.9816734666577487,0.9608052973045281,0.9536485853789044,0.9533810447461708,0.9533141595879874,0.9533141595879874,0.9137181459434152,0.6305263861949033
MN908947.3,1,29903,whole genome,29902,29018,28052,27841,27832,27832,27568,26922,19072,05-05-23-V2,WB: varskip,0-4,0.9704367600829376,0.9381312286803558,0.9310748444920072,0.9307738612801819,0.9307738612801819,0.9219450203999733,0.9003411143067354,0.6378168684368939
MN908947.3,1,29903,whole genome,29902,28780,27418,27041,27030,27028,27024,26406,17610,05-05-23-V2,WB: varskip,a-2,0.9624774262591131,0.9169286335362183,0.9043207812186476,0.9039529128486389,0.9038860276904555,0.9037522573740887,0.8830847434954183,0.5889238178048292
MN908947.3,1,29903,whole genome,29902,28630,27695,27440,27426,27423,27423,26113,18543,05-05-23-V2,WB: varskip,g-2,0.9574610393953582,0.9261922279446191,0.9176643702762357,0.9171961741689519,0.9170958464316769,0.9170958464316769,0.8732860678215504,0.6201257440973847
MN908947.3,1,29903,whole genome,29902,27922,26537,26518,26510,26507,26504,24189,12787,05-05-23-V2,WB: varskip,i-2,0.9337836933984349,0.887465721356431,0.8868303123536887,0.8865627717209551,0.88646244398368,0.8863621162464049,0.8089425456491205,0.42763025884556216
MN908947.3,1,29903,whole genome,29902,29057,27729,27435,27425,27423,26799,25324,16729,05-05-23-V2,WB: varskip,d-2,0.9717410206675139,0.9273292756337369,0.9174971573807772,0.9171627315898602,0.9170958464316769,0.8962276770784563,0.8468998729181995,0.5594609056250418
MN908947.3,1,29903,whole genome,29902,29257,27376,27039,27030,27028,26767,24967,18459,05-05-23-V2,WB: varskip,o1-2,0.9784295364858537,0.9155240452143669,0.9042538960604641,0.9039529128486389,0.9038860276904555,0.8951575145475219,0.8349608721824627,0.617316567453682
MN908947.3,1,29903,whole genome,29902,28965,27840,27513,27497,27240,27238,25922,18113,05-05-23-V2,WB: varskip,o2-3,0.9686643033910776,0.9310414019129155,0.9201056785499298,0.9195705972844626,0.9109758544578958,0.9109089692997124,0.8668985352150358,0.605745435087954
MN908947.3,1,29903,whole genome,29902,28901,27430,27359,27349,27098,26837,24362,15298,05-05-23-V2,WB: varskip,o3-4,0.9665239783292088,0.9173299444853187,0.9149555213698081,0.914621095578891,0.9062270082268744,0.8974984950839409,0.8147281118319845,0.5116045749448197
MN908947.3,1,29903,whole genome,29902,29203,28018,27497,27486,27239,27238,25286,16879,05-05-23-V2,WB: varskip,o5-4,0.976623637214902,0.936994180991238,0.9195705972844626,0.9192027289144539,0.9109424118788041,0.9109089692997124,0.8456290549127149,0.5644772924887967
MN908947.3,1,29903,whole genome,29902,28919,28148,27493,27485,27237,27232,24480,15629,05-05-23-V2,WB: varskip,o4-4,0.9671259447528593,0.941341716273159,0.9194368269680958,0.9191692863353622,0.9108755267206207,0.9107083138251622,0.818674336164805,0.5226740686241723
MN908947.3,1,29903,whole genome,29902,28769,28515,28510,28507,28239,27990,23123,11806,06-16-23-V2,NWRB: varskip,0adgio1o2o3o4o5,0.9621095578891045,0.9536151427998127,0.9534479299043542,0.9533476021670791,0.9443849909705037,0.9360577887766705,0.7732927563373687,0.39482308875660493
MN908947.3,1,29903,whole genome,29902,28323,27846,27836,27831,27570,27570,23982,15135,06-16-23-V2,NWRB: varskip,0adgio1,0.9471941676142064,0.9312420573874657,0.9309076315965488,0.9307404187010903,0.9220119055581566,0.9220119055581566,0.8020199317771387,0.5061534345528728
MN908947.3,1,29903,whole genome,29902,28335,19997,18938,18467,17821,16918,9053,6440,06-16-23-V2,NWRB: varskip,o2o3o4o5,0.9475954785633068,0.668751254096716,0.6333355628386061,0.6175841080864156,0.5959802019931777,0.565781553073373,0.302755668517156,0.21537020935054513
MN908947.3,1,29903,whole genome,29902,28538,28293,28288,28286,28024,27616,24616,15419,06-16-23-V2,NWRB: varskip,0agio1o2,0.9543843221189218,0.9461908902414554,0.9460236773459969,0.9459567921878135,0.9371948364657883,0.9235502641963749,0.8232225269212762,0.5156511270149154
MN908947.3,1,29903,whole genome,29902,28586,28515,28510,28508,28506,28244,25301,17364,06-16-23-V2,NWRB: varskip,0o5o3o4,0.9559895659153234,0.9536151427998127,0.9534479299043542,0.9533810447461708,0.9533141595879874,0.9445522038659622,0.8461306935990903,0.580696943348271
MN908947.3,1,29903,whole genome,29902,28539,27887,27884,27225,27221,27221,23981,15803,06-16-23-V2,NWRB: varskip,adgio1o2o3,0.9544177646980135,0.9326132031302254,0.9325128753929504,0.9104742157715203,0.9103404454551535,0.9103404454551535,0.8019864891980469,0.528493077386128
MN908947.3,1,29903,whole genome,29902,28457,28271,28262,28260,27997,27997,25220,15318,06-16-23-V2,NWRB: varskip,agio3o4o5,0.9516754732124941,0.945455153501438,0.9451541702896127,0.9450872851314294,0.9362918868303124,0.9362918868303124,0.8434218446926627,0.5122734265266538
MN908947.3,1,29903,whole genome,29902,28766,27501,27487,27484,27213,27208,23683,14735,06-16-23-V2,NWRB: varskip,o1o2o3o4o5,0.9620092301518293,0.9197043676008294,0.9192361714935455,0.9191358437562704,0.9100729048224199,0.9099056919269614,0.7920206006287205,0.4927764029161929
MN908947.3,1,29903,whole genome,29902,28948,27846,27837,27831,27831,27829,23840,11861,06-16-23-V2,NWRB: varskip,0,0.9680957795465186,0.9312420573874657,0.9309410741756404,0.9307404187010903,0.9307404187010903,0.9306735335429068,0.7972710855461174,0.3966624306066484
MN908947.3,1,29903,whole genome,29902,27919,27496,27489,27484,27221,27220,22102,11806,06-16-23-V2,NWRB: varskip,o1o2,0.9336833656611598,0.9195371547053709,0.919303056651729,0.9191358437562704,0.9103404454551535,0.9103070028760618,0.7391478830847434,0.39482308875660493
MN908947.3,1,29903,whole genome,29902,28295,27301,27032,27025,26584,26584,20432,13783,06-16-23-V2,NWRB: varskip,o3,0.9462577753996388,0.9130158517824895,0.9040197980068223,0.9037856999531804,0.8890375225737409,0.8890375225737409,0.6832987760016053,0.4609390676208949
MN908947.3,1,29903,whole genome,29902,27929,27258,27244,27239,26978,26789,23544,14104,06-16-23-V2,NWRB: varskip,o5,0.9340177914520768,0.9115778208815464,0.9111096247742626,0.9109424118788041,0.9022138987358705,0.8958932512875393,0.7873720821349742,0.47167413550933046
MN908947.3,1,29903,whole genome,29902,29004,27894,27641,27636,27372,27371,24895,16617,06-16-23-V2,NWRB: varskip,o4,0.9699685639756538,0.9328473011838673,0.9243863286736673,0.9242191157782088,0.9153902748980002,0.9153568323189084,0.8325530064878603,0.5557153367667714
MN908947.3,1,29903,whole genome,29902,28305,27442,27432,27426,27162,27162,24792,15578,06-16-23-V2,NWRB: varskip,0-2,0.9465922011905559,0.9177312554344191,0.9173968296435021,0.9171961741689519,0.9083673332887432,0.9083673332887432,0.8291084208414153,0.5209684970904956
MN908947.3,1,29903,whole genome,29902,28507,26711,26699,26435,26433,26432,18745,10941,06-16-23-V2,NWRB: varskip,a,0.9533476021670791,0.8932847301183867,0.8928834191692864,0.8840545782890776,0.8839876931308942,0.8839542505518025,0.6268811450739081,0.36589525784228477
MN908947.3,1,29903,whole genome,29902,28395,27441,27429,27164,26767,26757,20028,10586,06-16-23-V2,NWRB: varskip,g,0.9496020333088088,0.9176978128553274,0.917296501906227,0.9084342184469266,0.8951575145475219,0.8948230887566049,0.6697879740485586,0.35402314226473147
MN908947.3,1,29903,whole genome,29902,26914,26283,26269,26261,25796,23907,17361,10450,06-16-23-V2,NWRB: varskip,i,0.9000735736740018,0.8789713062671394,0.8785031101598555,0.8782355695271219,0.8626847702494816,0.7995117383452612,0.580596615610996,0.3494749515082603
MN908947.3,1,29903,whole genome,29902,28625,27439,27430,27061,26799,26403,22159,12646,06-16-23-V2,NWRB: varskip,d,0.9572938264998997,0.917630927697144,0.9173299444853187,0.9049896328004816,0.8962276770784563,0.8829844157581432,0.7410541100929704,0.42291485519363253
MN908947.3,1,29903,whole genome,29902,28091,26793,26443,26437,25570,24419,17719,12176,06-16-23-V2,NWRB: varskip,o1,0.9394354892649321,0.8960270216039061,0.8843221189218112,0.8841214634472611,0.8551267473747576,0.8166343388402113,0.5925690589258243,0.4071968430205337
MN908947.3,1,29903,whole genome,29902,27931,27259,27245,26985,26791,26773,22804,13870,06-16-23-V2,NWRB: varskip,o2,0.9340846766102602,0.911611263460638,0.9111430673533543,0.9024479967895124,0.8959601364457227,0.8953581700220721,0.7626245736071166,0.4638485720018728
MN908947.3,1,29903,whole genome,29902,27898,27853,27579,27571,27570,27149,22180,13958,06-16-23-V2,NWRB: varskip,0-3,0.9329810715002341,0.9314761554411076,0.922312888769982,0.9220453481372484,0.9220119055581566,0.9079325797605511,0.7417564042538961,0.4667915189619423
MN908947.3,1,29903,whole genome,29902,27393,27028,26794,26454,26189,26189,23344,15062,06-16-23-V2,NWRB: varskip,o3-2,0.9160925690589258,0.9038860276904555,0.8960604641829978,0.8846899872918199,0.8758277038325195,0.8758277038325195,0.7806835663166344,0.5037121262791786
MN908947.3,1,29903,whole genome,29902,28556,27367,27106,27101,26837,26837,22684,13600,06-16-23-V2,NWRB: varskip,o3-3,0.9549862885425724,0.9152230620025417,0.906494548859608,0.9063273359641496,0.8974984950839409,0.8974984950839409,0.7586114641161127,0.4548190756471139
MN908947.3,1,29903,whole genome,29902,28308,27258,26988,26979,26369,25762,18852,11107,06-16-23-V2,NWRB: varskip,o5-2,0.946692528927831,0.9115778208815464,0.9025483245267875,0.9022473413149622,0.8818473680690255,0.8615477225603638,0.63045950103672,0.3714467259715069
MN908947.3,1,29903,whole genome,29902,28312,27262,27246,27241,26790,26790,21618,12235,06-16-23-V2,NWRB: varskip,o5-3,0.9468262992441977,0.9117115911979132,0.911176509932446,0.9110092970369875,0.895926693866631,0.895926693866631,0.7229616748043609,0.409169955186944
MN908947.3,1,29903,whole genome,29902,28555,27648,27638,27375,27372,26951,20793,13167,06-16-23-V2,NWRB: varskip,o4-2,0.9549528459634807,0.9246204267273093,0.9242860009363922,0.9154906026352753,0.9153902748980002,0.9013109491003947,0.6953715470537087,0.440338438900408
MN908947.3,1,29903,whole genome,29902,28560,27496,27245,27241,27221,27026,23263,12229,06-16-23-V2,NWRB: varskip,o4-3,0.9551200588589392,0.9195371547053709,0.9111430673533543,0.9110092970369875,0.9103404454551535,0.9038191425322721,0.7779747174102066,0.4089692997123938
MN908947.3,1,29903,whole genome,29902,27555,27044,26793,26785,26450,26188,22226,12995,06-16-23-V2,NWRB: varskip,o2-2,0.9215102668717812,0.9044211089559226,0.8960270216039061,0.8957594809711725,0.8845562169754532,0.8757942612534279,0.7432947628921143,0.43458631529663566
MN908947.3,1,29903,whole genome,29902,28569,27641,27628,27361,27171,26750,21837,13528,06-16-23-V2,NWRB: varskip,o2o3o4o5-2,0.9554210420707645,0.9243863286736673,0.9239515751454752,0.9150224065279914,0.9086683165005686,0.894588990702963,0.7302855996254431,0.45241120995251155
MN908947.3,1,29903,whole genome,29902,28531,27864,27639,27636,27372,27372,23601,13230,06-16-23-V2,NWRB: varskip,o2o3o4o5-3,0.9541502240652799,0.9318440238111163,0.9243194435154839,0.9242191157782088,0.9153902748980002,0.9153902748980002,0.7892783091432011,0.4424453213831851
MN908947.3,1,29903,whole genome,29902,28552,27588,27574,27570,27149,26099,19489,12240,06-16-23-V2,NWRB: varskip,0adgio1-2,0.9548525182262056,0.9226138719818072,0.9221456758745235,0.9220119055581566,0.9079325797605511,0.8728178717142666,0.6517624239181325,0.4093371680824025
MN908947.3,1,29903,whole genome,29902,28556,28512,28248,28247,28207,27602,20101,12309,06-16-23-V2,NWRB: varskip,0aio1o2o3o4o5,0.9549862885425724,0.9535148150625377,0.9446859741823289,0.9446525316032373,0.9433148284395693,0.923082068089091,0.6722292823222527,0.4116447060397298
MN908947.3,1,29903,whole genome,29902,28939,27850,27838,27832,27826,27560,23976,12486,06-16-23-V2,NWRB: varskip,0-4,0.9677947963346933,0.9313758277038325,0.9309745167547321,0.9307738612801819,0.9305732058056317,0.9216774797672397,0.8018192763025884,0.4175640425389606
MN908947.3,1,29903,whole genome,29902,28188,27046,26702,26435,26430,26422,19792,9940,06-16-23-V2,NWRB: varskip,a-2,0.942679419436827,0.9044879941141061,0.8929837469065615,0.8840545782890776,0.8838873653936191,0.8836198247608855,0.6618955253829175,0.33241923617149355
MN908947.3,1,29903,whole genome,29902,27947,27443,27430,27426,26767,26767,22306,11386,06-16-23-V2,NWRB: varskip,g-2,0.9346197578757274,0.9177646980135108,0.9173299444853187,0.9171961741689519,0.8951575145475219,0.8951575145475219,0.7459701692194503,0.3807772055380911
MN908947.3,1,29903,whole genome,29902,27929,26534,26519,26249,26246,26246,21351,12209,06-16-23-V2,NWRB: varskip,i-2,0.9340177914520768,0.8873653936191559,0.8868637549327805,0.8778342585780216,0.8777339308407465,0.8777339308407465,0.7140325061868771,0.4083004481305598
MN908947.3,1,29903,whole genome,29902,28310,27440,27431,27422,26799,26404,23355,14295,06-16-23-V2,NWRB: varskip,d-2,0.9467594140860143,0.9176643702762357,0.9173633870644105,0.9170624038525851,0.8962276770784563,0.883017858337235,0.7810514346866431,0.4780616681158451
MN908947.3,1,29903,whole genome,29902,28073,27057,27037,26980,26433,26433,23198,14852,06-16-23-V2,NWRB: varskip,o1-2,0.9388335228412815,0.9048558624841148,0.9041870109022808,0.9022807838940539,0.8839876931308942,0.8839876931308942,0.7758009497692462,0.49668918466992173
MN908947.3,1,29903,whole genome,29902,27753,27271,27256,26980,26790,26369,19389,10123,06-16-23-V2,NWRB: varskip,o2-3,0.9281318975319377,0.9120125744097385,0.911510935723363,0.9022807838940539,0.895926693866631,0.8818473680690255,0.6484181660089626,0.33853922814527454
MN908947.3,1,29903,whole genome,29902,27978,27119,27109,26846,26834,26816,18993,9084,06-16-23-V2,NWRB: varskip,o3-4,0.9356564778275701,0.9069293023878001,0.9065948765968832,0.8977994782957661,0.8973981673466658,0.8967962009230152,0.6351749046886496,0.30379238846899875
MN908947.3,1,29903,whole genome,29902,27920,27264,27248,27240,26790,26369,20962,12677,06-16-23-V2,NWRB: varskip,o5-4,0.9337168082402515,0.9117784763560965,0.9112433950906293,0.9109758544578958,0.895926693866631,0.8818473680690255,0.701023342920206,0.4239515751454752
MN908947.3,1,29903,whole genome,29902,28510,27254,27244,27241,26789,26763,22201,12243,06-16-23-V2,NWRB: varskip,o4-4,0.9534479299043542,0.9114440505651796,0.9111096247742626,0.9110092970369875,0.8958932512875393,0.8950237442311552,0.7424586984148217,0.4094374958196776
MN908947.3,1,29903,whole genome,29902,29814,29156,29146,29142,28286,28285,23969,18746,07-12-23-V2A,PWRB: varskip,0adgio1o2o3o4o5,0.9970570530399304,0.9750518359975922,0.9747174102066751,0.9745836398903084,0.9459567921878135,0.9459233496087218,0.8015851782489466,0.6269145876529998
MN908947.3,1,29903,whole genome,29902,28572,27850,27839,27833,27831,27426,23583,18832,07-12-23-V2A,PWRB: varskip,0adgio1,0.9555213698080396,0.9313758277038325,0.9310079593338239,0.9308073038592737,0.9307404187010903,0.9171961741689519,0.7886763427195506,0.6297906494548859
MN908947.3,1,29903,whole genome,29902,28342,28274,28266,28261,28014,27479,24280,17271,07-12-23-V2A,PWRB: varskip,o2o3o4o5,0.9478295766169487,0.9455554812387131,0.9452879406059795,0.945120727710521,0.9368604106748712,0.918968630860812,0.8119858203464652,0.577586783492743
MN908947.3,1,29903,whole genome,29902,28686,28303,28291,28286,27424,27027,23789,18741,07-12-23-V2A,PWRB: varskip,0agio1o2,0.9593338238244934,0.9465253160323724,0.946124005083272,0.9459567921878135,0.9171292890107685,0.9038525851113638,0.7955655140124407,0.6267473747575413
MN908947.3,1,29903,whole genome,29902,28775,28503,28473,28443,28285,28129,25504,19921,07-12-23-V2A,PWRB: varskip,0o5o3o4,0.9623102133636546,0.9532138318507123,0.9522105544779613,0.9512072771052104,0.9459233496087218,0.9407063072704167,0.8529195371547054,0.6662096180857467
MN908947.3,1,29903,whole genome,29902,28530,27864,27491,27473,27028,26767,23583,19668,07-12-23-V2A,PWRB: varskip,adgio1o2o3,0.9541167814861882,0.9318440238111163,0.9193699418099124,0.9187679753862618,0.9038860276904555,0.8951575145475219,0.7886763427195506,0.6577486455755468
MN908947.3,1,29903,whole genome,29902,28263,27908,27888,27880,27876,27658,25817,20008,07-12-23-V2A,PWRB: varskip,agio3o4o5,0.9451876128687045,0.933315497291151,0.9326466457093171,0.9323791050765835,0.9322453347602168,0.9249548525182262,0.8633870644104074,0.6691191224667247
MN908947.3,1,29903,whole genome,29902,28862,27506,27494,27484,27482,27478,25594,21372,07-12-23-V2A,PWRB: varskip,o1o2o3o4o5,0.9652197177446324,0.9198715804962879,0.9194702695471875,0.9191358437562704,0.9190689585980871,0.9189351882817203,0.8559293692729584,0.7147348003478028
MN908947.3,1,29903,whole genome,29902,28968,27850,27840,27832,27565,27189,24676,19438,07-12-23-V2A,PWRB: varskip,0,0.9687646311283526,0.9313758277038325,0.9310414019129155,0.9307738612801819,0.9218446926626982,0.9092702829242191,0.8252290816667781,0.6500568523844559
MN908947.3,1,29903,whole genome,29902,28209,27510,27494,27485,27482,27482,24910,19555,07-12-23-V2A,PWRB: varskip,o1o2,0.9433817135977527,0.9200053508126547,0.9194702695471875,0.9191692863353622,0.9190689585980871,0.9190689585980871,0.8330546451742359,0.6539696341381848
MN908947.3,1,29903,whole genome,29902,28188,27321,27295,27286,26656,26200,22192,15126,07-12-23-V2A,PWRB: varskip,o3,0.942679419436827,0.9136847033643235,0.9128151963079393,0.912514213096114,0.8914453882683433,0.8761955722025283,0.7421577152029964,0.5058524513410474
MN908947.3,1,29903,whole genome,29902,29169,28748,28736,28295,27466,26608,22580,17462,07-12-23-V2A,PWRB: varskip,o5,0.9754865895257843,0.9614072637281788,0.9610059527790783,0.9462577753996388,0.9185338773326199,0.8898401444719417,0.7551334358905759,0.5839743160992575
MN908947.3,1,29903,whole genome,29902,28386,27903,27889,27643,27633,27633,25128,19741,07-12-23-V2A,PWRB: varskip,o4,0.9493010500969835,0.9331482843956926,0.9326800882884088,0.9244532138318508,0.9241187880409337,0.9241187880409337,0.8403451274162264,0.6601899538492408
MN908947.3,1,29903,whole genome,29902,29431,28962,28698,28688,28111,27847,23871,17761,07-12-23-V2A,PWRB: varskip,0-2,0.9842485452478095,0.9685639756538024,0.9597351347735937,0.9594007089826767,0.9401043408467661,0.9312754999665575,0.79830780549796,0.5939736472476758
MN908947.3,1,29903,whole genome,29902,27753,26713,26706,26696,26686,26055,23500,15504,07-12-23-V2A,PWRB: varskip,a,0.9281318975319377,0.8933516152765701,0.8931175172229282,0.8927830914320113,0.8924486656410943,0.8713463982342319,0.7859006086549395,0.5184937462377098
MN908947.3,1,29903,whole genome,29902,27893,27455,27432,27425,26865,26387,23192,18235,07-12-23-V2A,PWRB: varskip,g,0.9328138586047756,0.9181660089626112,0.9173968296435021,0.9171627315898602,0.8984348872985085,0.882449334492676,0.775600294294696,0.6098254297371414
MN908947.3,1,29903,whole genome,29902,28472,26925,26913,26685,26506,26501,24164,19387,07-12-23-V2A,PWRB: varskip,i,0.9521771118988697,0.9004414420440104,0.90004013109491,0.8924152230620025,0.8864290014045884,0.8862617885091298,0.8081064811718279,0.6483512808507792
MN908947.3,1,29903,whole genome,29902,28332,27448,27425,27416,27060,26034,23809,17006,07-12-23-V2A,PWRB: varskip,d,0.9474951508260318,0.9179319109089693,0.9171627315898602,0.9168617483780349,0.9049561902213898,0.8706441040733062,0.7962343655942746,0.5687245000334425
MN908947.3,1,29903,whole genome,29902,28303,27059,27039,26698,26687,26687,23397,16693,07-12-23-V2A,PWRB: varskip,o1,0.9465253160323724,0.9049227476422982,0.9042538960604641,0.8928499765901946,0.8924821082201859,0.8924821082201859,0.7824560230084944,0.5582569727777407
MN908947.3,1,29903,whole genome,29902,28336,27897,27878,27652,27616,26823,24133,17792,07-12-23-V2A,PWRB: varskip,o2,0.9476289211423985,0.9329476289211424,0.9323122199184001,0.924754197043676,0.9235502641963749,0.8970302989766571,0.8070697612199853,0.5950103671995184
MN908947.3,1,29903,whole genome,29902,28648,28090,28062,28053,27823,27822,24740,18965,07-12-23-V2A,PWRB: varskip,0-3,0.9580630058190087,0.9394020466858404,0.9384656544712728,0.9381646712594476,0.9304728780683567,0.9304394354892649,0.8273694067286469,0.634238512474082
MN908947.3,1,29903,whole genome,29902,28287,26821,26794,26786,26523,25973,23273,17289,07-12-23-V2A,PWRB: varskip,o3-2,0.9459902347669052,0.8969634138184737,0.8960604641829978,0.8957929235502642,0.8869975252491472,0.8686041067487125,0.7783091432011237,0.5781887499163936
MN908947.3,1,29903,whole genome,29902,27988,26742,26716,26492,25709,25489,19739,12819,07-12-23-V2A,PWRB: varskip,o3-3,0.935990903618487,0.8943214500702295,0.8934519430138452,0.8859608052973045,0.8597752658685037,0.8524178984683298,0.6601230686910574,0.42870042137649655
MN908947.3,1,29903,whole genome,29902,28759,27268,27248,26980,26978,25940,21310,15448,07-12-23-V2A,PWRB: varskip,o5-2,0.9617751320981874,0.9119122466724634,0.9112433950906293,0.9022807838940539,0.9022138987358705,0.8675005016386864,0.7126613604441174,0.5166209618085746
MN908947.3,1,29903,whole genome,29902,28556,27531,27270,27241,26978,26606,23056,16244,07-12-23-V2A,PWRB: varskip,o5-3,0.9549862885425724,0.9207076449735804,0.9119791318306468,0.9110092970369875,0.9022138987358705,0.8897732593137583,0.7710521035382248,0.5432412547655675
MN908947.3,1,29903,whole genome,29902,28337,27910,27888,27636,27634,27633,24446,16778,07-12-23-V2A,PWRB: varskip,o4-2,0.9476623637214902,0.9333823824493345,0.9326466457093171,0.9242191157782088,0.9241522306200254,0.9241187880409337,0.8175372884756873,0.561099592000535
MN908947.3,1,29903,whole genome,29902,28173,28113,28078,27866,27239,26958,24116,19344,07-12-23-V2A,PWRB: varskip,o4-3,0.9421777807504514,0.9401712260049495,0.93900073573674,0.9319109089692997,0.9109424118788041,0.9015450471540365,0.8065012373754263,0.6469132499498361
MN908947.3,1,29903,whole genome,29902,27948,27048,27039,27030,26450,26305,23935,19023,07-12-23-V2A,PWRB: varskip,o2-2,0.934653200454819,0.9045548792722895,0.9042538960604641,0.9039529128486389,0.8845562169754532,0.8797070430071567,0.8004481305598288,0.6361781820614005
MN908947.3,1,29903,whole genome,29902,28352,27649,27628,27623,27617,27606,24347,19168,07-12-23-V2A,PWRB: varskip,o2o3o4o5-2,0.9481640024078657,0.9246538693064009,0.9239515751454752,0.9237843622500167,0.9235837067754665,0.9232158384054578,0.814226473145609,0.641027356029697
MN908947.3,1,29903,whole genome,29902,29201,28911,28672,28652,28442,27372,25334,19807,07-12-23-V2A,PWRB: varskip,o2o3o4o5-3,0.9765567520567187,0.9668584041201257,0.9588656277172095,0.9581967761353756,0.9511738345261187,0.9153902748980002,0.8472342987091165,0.662397164069293
MN908947.3,1,29903,whole genome,29902,29426,28483,28267,28260,27570,27570,22665,16135,07-12-23-V2A,PWRB: varskip,0adgio1-2,0.9840813323523511,0.9525449802688783,0.9453213831850712,0.9450872851314294,0.9220119055581566,0.9220119055581566,0.7579760551133703,0.5395960136445722
MN908947.3,1,29903,whole genome,29902,29192,29154,29143,28936,28506,28024,24290,18083,07-12-23-V2A,PWRB: varskip,0aio1o2o3o4o5,0.9762557688448933,0.9749849508394087,0.9746170824694,0.9676944685974183,0.9533141595879874,0.9371948364657883,0.8123202461373821,0.604742157715203
MN908947.3,1,29903,whole genome,29902,27990,27850,27839,27833,27831,27353,24507,17091,07-12-23-V2A,PWRB: varskip,0-4,0.9360577887766705,0.9313758277038325,0.9310079593338239,0.9308073038592737,0.9307404187010903,0.9147548658952579,0.8195772858002809,0.571567119256237
MN908947.3,1,29903,whole genome,29902,28094,26713,26703,26694,26679,26048,23190,17102,07-12-23-V2A,PWRB: varskip,a-2,0.9395358170022072,0.8933516152765701,0.8930171894856531,0.8927162062738279,0.8922145675874523,0.8711123001805899,0.7755334091365126,0.5719349876262457
MN908947.3,1,29903,whole genome,29902,28498,28213,28208,27808,27148,26376,22605,16285,07-12-23-V2A,PWRB: varskip,g-2,0.9530466189552538,0.9435154839141194,0.9433482710186609,0.9299712393819811,0.9078991371814594,0.8820814661226674,0.7559695003678684,0.5446124005083272
MN908947.3,1,29903,whole genome,29902,28240,26531,26520,26511,26508,26030,22644,15842,07-12-23-V2A,PWRB: varskip,i-2,0.9444184335495953,0.8872650658818808,0.8868971975118721,0.8865962143000469,0.8864958865627717,0.8705103337569393,0.7572737609524447,0.5297973379707043
MN908947.3,1,29903,whole genome,29902,28242,27054,26776,26407,26404,25545,22418,16973,07-12-23-V2A,PWRB: varskip,d-2,0.9444853187077787,0.9047555347468397,0.8954584977593472,0.8831181860745101,0.883017858337235,0.854290682897465,0.7497157380777205,0.5676208949234165
MN908947.3,1,29903,whole genome,29902,27968,27051,27039,27032,26694,26694,23379,17961,07-12-23-V2A,PWRB: varskip,o1-2,0.9353220520366531,0.9046552070095646,0.9042538960604641,0.9040197980068223,0.8927162062738279,0.8927162062738279,0.7818540565848439,0.6006621630660156
MN908947.3,1,29903,whole genome,29902,28021,27506,27253,26983,26764,26749,22570,16245,07-12-23-V2A,PWRB: varskip,o2-3,0.9370945087285132,0.9198715804962879,0.9114106079860879,0.9023811116313291,0.8950571868102468,0.8945555481238713,0.7547990100996589,0.5432746973446593
MN908947.3,1,29903,whole genome,29902,29427,28735,28718,28206,27723,26989,20132,12946,07-12-23-V2A,PWRB: varskip,o3-4,0.9841147749314427,0.9609725101999866,0.9604039863554278,0.9432813858604776,0.9271286201591866,0.9025817671058792,0.6732660022740954,0.4329476289211424
MN908947.3,1,29903,whole genome,29902,29881,29422,29172,28944,28417,27871,23065,16721,07-12-23-V2A,PWRB: varskip,o5-4,0.9992977058390743,0.9839475620359842,0.9755869172630593,0.9679620092301519,0.9503377700488261,0.9320781218647582,0.7713530867500502,0.5591933649923082
MN908947.3,1,29903,whole genome,29902,29258,27513,27495,27440,27239,27238,25505,20788,07-12-23-V2A,PWRB: varskip,o4-4,0.9784629790649455,0.9201056785499298,0.9195037121262791,0.9176643702762357,0.9109424118788041,0.9109089692997124,0.852952979733797,0.6952043341582503
