chrom,start,end,gene,mean_coverage,plate,batch,mixture,read_counts,normalized_mean_coverage,normalized_read_counts
MN908947.3,1,29903,whole genome,10277.24,05-05-23-A41,WB: artic,0adgio1o2o3o4o5,769584.0,13354.279714754985,7773.575757575758
MN908947.3,1,29903,whole genome,9727.73,05-05-23-A41,WB: artic,0adgio1,728720.0,13349.06411241629,7360.80808080808
MN908947.3,1,29903,whole genome,10067.49,05-05-23-A41,WB: artic,o2o3o4o5,754486.0,13343.508030632775,7621.070707070707
MN908947.3,1,29903,whole genome,10632.67,05-05-23-A41,WB: artic,0agio1o2,797075.0,13339.61045071041,8051.262626262626
MN908947.3,1,29903,whole genome,13735.9,05-05-23-A41,WB: artic,0o5o3o4,1028126.0,13360.132901998393,10385.111111111111
MN908947.3,1,29903,whole genome,12326.8,05-05-23-A41,WB: artic,adgio1o2o3,922213.0,13366.543303987255,9315.282828282829
MN908947.3,1,29903,whole genome,11870.34,05-05-23-A41,WB: artic,agio3o4o5,887443.0,13375.890057164235,8964.070707070707
MN908947.3,1,29903,whole genome,11671.03,05-05-23-A41,WB: artic,o1o2o3o4o5,873485.0,13361.454403910771,8823.080808080807
MN908947.3,1,29903,whole genome,11615.22,05-05-23-A41,WB: artic,0,867937.0,13382.561176675265,8767.040404040405
MN908947.3,1,29903,whole genome,9276.81,05-05-23-A41,WB: artic,o1o2,695130.0,13345.431789737171,7021.515151515152
MN908947.3,1,29903,whole genome,9191.98,05-05-23-A41,WB: artic,o3,689510.0,13331.177212803294,6964.747474747474
MN908947.3,1,29903,whole genome,7808.61,05-05-23-A41,WB: artic,o5,585836.0,13329.003338818371,5917.535353535353
MN908947.3,1,29903,whole genome,10645.27,05-05-23-A41,WB: artic,o4,796961.0,13357.328652217611,8050.111111111111
MN908947.3,1,29903,whole genome,13721.49,05-05-23-A41,WB: artic,0-2,1026932.0,13361.63446070431,10373.050505050505
MN908947.3,1,29903,whole genome,10153.17,05-05-23-A41,WB: artic,a,760242.0,13355.18163953057,7679.212121212121
MN908947.3,1,29903,whole genome,11978.82,05-05-23-A41,WB: artic,g,896553.0,13360.972524769868,9056.09090909091
MN908947.3,1,29903,whole genome,11237.66,05-05-23-A41,WB: artic,i,840492.0,13370.335470176991,8489.818181818182
MN908947.3,1,29903,whole genome,12327.93,05-05-23-A41,WB: artic,d,922326.0,13366.130847444396,9316.424242424242
MN908947.3,1,29903,whole genome,14190.08,05-05-23-A41,WB: artic,0-3,1061646.0,13366.112621344591,10723.69696969697
MN908947.3,1,29903,whole genome,12355.99,05-05-23-A41,WB: artic,o3-2,924908.0,13359.155721433915,9342.505050505051
MN908947.3,1,29903,whole genome,10432.05,05-05-23-A41,WB: artic,o3-3,781520.0,13348.41078923124,7894.141414141414
MN908947.3,1,29903,whole genome,11843.01,05-05-23-A41,WB: artic,o5-2,886426.0,13360.40459102057,8953.79797979798
MN908947.3,1,29903,whole genome,9430.22,05-05-23-A41,WB: artic,o5-3,706648.0,13345.003452921397,7137.858585858586
MN908947.3,1,29903,whole genome,9813.73,05-05-23-A41,WB: artic,o4-2,734534.0,13360.484334285411,7419.535353535353
MN908947.3,1,29903,whole genome,12314.62,05-05-23-A41,WB: artic,o4-3,921579.0,13362.522366503577,9308.878787878788
MN908947.3,1,29903,whole genome,15059.66,05-05-23-A41,WB: artic,o2-2,1131313.0,13311.665295104007,11427.40404040404
MN908947.3,1,29903,whole genome,9419.9,05-05-23-A41,WB: artic,o2o3o4o5-2,706062.0,13341.462931017388,7131.939393939394
MN908947.3,1,29903,whole genome,12878.7,05-05-23-A41,WB: artic,o2o3o4o5-3,963614.0,13364.998848086476,9733.474747474747
MN908947.3,1,29903,whole genome,9336.51,05-05-23-A41,WB: artic,0adgio1-2,699547.0,13346.508526231977,7066.131313131313
MN908947.3,1,29903,whole genome,13191.68,05-05-23-A41,WB: artic,0aio1o2o3o4o5,986990.0,13365.56601384006,9969.59595959596
MN908947.3,1,29903,whole genome,11811.64,05-05-23-A41,WB: artic,0-4,883708.0,13365.998723560271,8926.343434343435
MN908947.3,1,29903,whole genome,8965.34,05-05-23-A41,WB: artic,a-2,672294.0,13335.445504496545,6790.848484848485
MN908947.3,1,29903,whole genome,10216.57,05-05-23-A41,WB: artic,g-2,763618.0,13379.163403691375,7713.313131313132
MN908947.3,1,29903,whole genome,12236.62,05-05-23-A41,WB: artic,i-2,915900.0,13360.213997161263,9251.515151515152
MN908947.3,1,29903,whole genome,10191.52,05-05-23-A41,WB: artic,d-2,764377.0,13333.10656914062,7720.979797979798
MN908947.3,1,29903,whole genome,10418.06,05-05-23-A41,WB: artic,o1-2,781035.0,13338.787634356975,7889.242424242424
MN908947.3,1,29903,whole genome,8738.89,05-05-23-A41,WB: artic,o2-3,654682.0,13348.297341304633,6612.949494949495
MN908947.3,1,29903,whole genome,10149.97,05-05-23-A41,WB: artic,o3-4,761874.0,13322.3735158307,7695.69696969697
MN908947.3,1,29903,whole genome,11925.49,05-05-23-V2,WB: varskip,0adgio1o2o3o4o5,629867.0,18933.346246112273,8511.716216216217
MN908947.3,1,29903,whole genome,12383.86,05-05-23-V2,WB: varskip,0adgio1,652920.0,18966.887214360107,8823.243243243243
MN908947.3,1,29903,whole genome,9212.16,05-05-23-V2,WB: varskip,o2o3o4o5,486295.0,18943.56306357252,6571.554054054054
MN908947.3,1,29903,whole genome,11560.03,05-05-23-V2,WB: varskip,0agio1o2,610326.0,18940.746420765296,8247.648648648648
MN908947.3,1,29903,whole genome,14196.73,05-05-23-V2,WB: varskip,0o5o3o4,750507.0,18916.18599160301,10141.986486486487
MN908947.3,1,29903,whole genome,12756.69,05-05-23-V2,WB: varskip,adgio1o2o3,673110.0,18951.865222623346,9096.081081081082
MN908947.3,1,29903,whole genome,10149.29,05-05-23-V2,WB: varskip,agio3o4o5,536038.0,18933.900208567306,7243.756756756757
MN908947.3,1,29903,whole genome,12383.8,05-05-23-V2,WB: varskip,o1o2o3o4o5,653245.0,18957.35903068527,8827.635135135135
MN908947.3,1,29903,whole genome,9907.49,05-05-23-V2,WB: varskip,0,523570.0,18922.952040796838,7075.27027027027
MN908947.3,1,29903,whole genome,12449.35,05-05-23-V2,WB: varskip,o1o2,656812.0,18954.206074188656,8875.837837837838
MN908947.3,1,29903,whole genome,14154.63,05-05-23-V2,WB: varskip,o3,746901.0,18951.146135833264,10093.256756756757
MN908947.3,1,29903,whole genome,10180.54,05-05-23-V2,WB: varskip,o5,536828.0,18964.24925674518,7254.4324324324325
MN908947.3,1,29903,whole genome,10324.82,05-05-23-V2,WB: varskip,o4,543873.0,18983.88042796756,7349.635135135135
MN908947.3,1,29903,whole genome,12364.1,05-05-23-V2,WB: varskip,0-2,654420.0,18893.218422419854,8843.513513513513
MN908947.3,1,29903,whole genome,10999.27,05-05-23-V2,WB: varskip,a,581659.0,18910.169016554373,7860.256756756757
MN908947.3,1,29903,whole genome,11946.86,05-05-23-V2,WB: varskip,g,631360.0,18922.421439432335,8531.891891891892
MN908947.3,1,29903,whole genome,11328.89,05-05-23-V2,WB: varskip,i,597943.0,18946.43803840834,8080.310810810811
MN908947.3,1,29903,whole genome,12461.99,05-05-23-V2,WB: varskip,d,657983.0,18939.683852014412,8891.662162162162
MN908947.3,1,29903,whole genome,10994.36,05-05-23-V2,WB: varskip,0-3,580039.0,18954.518575475096,7838.364864864865
MN908947.3,1,29903,whole genome,13046.34,05-05-23-V2,WB: varskip,o3-2,687598.0,18973.78991794624,9291.864864864865
MN908947.3,1,29903,whole genome,11629.53,05-05-23-V2,WB: varskip,o3-3,612177.0,18997.005767939663,8272.662162162162
MN908947.3,1,29903,whole genome,11650.56,05-05-23-V2,WB: varskip,o5-2,613793.0,18981.25263728977,8294.5
MN908947.3,1,29903,whole genome,15183.4,05-05-23-V2,WB: varskip,o5-3,799671.0,18987.058427778426,10806.364864864865
MN908947.3,1,29903,whole genome,11468.52,05-05-23-V2,WB: varskip,o4-2,604201.0,18981.299269613923,8164.878378378378
MN908947.3,1,29903,whole genome,12858.92,05-05-23-V2,WB: varskip,o4-3,677552.0,18978.499067230267,9156.108108108108
MN908947.3,1,29903,whole genome,10477.62,05-05-23-V2,WB: varskip,o2-2,552756.0,18955.235221327315,7469.675675675676
MN908947.3,1,29903,whole genome,10186.76,05-05-23-V2,WB: varskip,o2o3o4o5-2,536891.0,18973.609168341434,7255.283783783784
MN908947.3,1,29903,whole genome,10801.93,05-05-23-V2,WB: varskip,o2o3o4o5-3,569358.0,18972.122987645733,7694.027027027027
MN908947.3,1,29903,whole genome,13085.09,05-05-23-V2,WB: varskip,0adgio1-2,690829.0,18941.141729718933,9335.527027027027
MN908947.3,1,29903,whole genome,13041.59,05-05-23-V2,WB: varskip,0aio1o2o3o4o5,688005.0,18955.661659435616,9297.364864864865
MN908947.3,1,29903,whole genome,12505.75,05-05-23-V2,WB: varskip,0-4,660822.0,18924.53641071272,8930.027027027027
MN908947.3,1,29903,whole genome,12053.28,05-05-23-V2,WB: varskip,a-2,636562.0,18934.966271942092,8602.18918918919
MN908947.3,1,29903,whole genome,12676.85,05-05-23-V2,WB: varskip,g-2,668374.0,18966.701278026972,9032.081081081082
MN908947.3,1,29903,whole genome,9331.33,05-05-23-V2,WB: varskip,i-2,491657.0,18979.34942449716,6644.013513513513
MN908947.3,1,29903,whole genome,11393.65,05-05-23-V2,WB: varskip,d-2,600694.0,18967.477617555694,8117.486486486487
MN908947.3,1,29903,whole genome,12387.28,05-05-23-V2,WB: varskip,o1-2,652805.0,18975.46740604009,8821.68918918919
MN908947.3,1,29903,whole genome,12523.53,05-05-23-V2,WB: varskip,o2-3,659526.0,18988.68278127019,8912.513513513513
MN908947.3,1,29903,whole genome,10984.29,05-05-23-V2,WB: varskip,o3-4,579048.0,18969.567289758364,7824.972972972973
MN908947.3,1,29903,whole genome,5354.6,05-16-23-A41,NWRB: artic,0adgio1o2o3o4o5,402121.0,13315.892480124143,4061.8282828282827
MN908947.3,1,29903,whole genome,5273.08,05-16-23-A41,NWRB: artic,0adgio1,395480.0,13333.367047638312,3994.747474747475
MN908947.3,1,29903,whole genome,4892.13,05-16-23-A41,NWRB: artic,o2o3o4o5,368647.0,13270.499963379601,3723.7070707070707
MN908947.3,1,29903,whole genome,6626.74,05-16-23-A41,NWRB: artic,0agio1o2,497125.0,13330.128237364846,5021.464646464647
MN908947.3,1,29903,whole genome,6881.52,05-16-23-A41,NWRB: artic,0o5o3o4,516960.0,13311.51346332405,5221.818181818182
MN908947.3,1,29903,whole genome,7294.09,05-16-23-A41,NWRB: artic,adgio1o2o3,546834.0,13338.764597665837,5523.575757575758
MN908947.3,1,29903,whole genome,5639.16,05-16-23-A41,NWRB: artic,agio3o4o5,423866.0,13304.110261261814,4281.474747474747
MN908947.3,1,29903,whole genome,6238.4,05-16-23-A41,NWRB: artic,o1o2o3o4o5,468162.0,13325.30192540189,4728.909090909091
MN908947.3,1,29903,whole genome,6050.46,05-16-23-A41,NWRB: artic,0,454517.0,13311.845321517127,4591.080808080808
MN908947.3,1,29903,whole genome,5776.92,05-16-23-A41,NWRB: artic,o1o2,434707.0,13289.226996574704,4390.979797979798
MN908947.3,1,29903,whole genome,5711.74,05-16-23-A41,NWRB: artic,o3,430361.0,13271.973993926029,4347.080808080808
MN908947.3,1,29903,whole genome,5351.36,05-16-23-A41,NWRB: artic,o5,404669.0,13224.042365488831,4087.5656565656564
MN908947.3,1,29903,whole genome,6433.27,05-16-23-A41,NWRB: artic,o4,482326.0,13338.012049941326,4871.979797979798
MN908947.3,1,29903,whole genome,5854.82,05-16-23-A41,NWRB: artic,0-2,438960.0,13337.935119373062,4433.939393939394
MN908947.3,1,29903,whole genome,5491.56,05-16-23-A41,NWRB: artic,a,413049.0,13295.178053935491,4172.212121212121
MN908947.3,1,29903,whole genome,4716.78,05-16-23-A41,NWRB: artic,g,353555.0,13341.007763997113,3571.2626262626263
MN908947.3,1,29903,whole genome,5870.64,05-16-23-A41,NWRB: artic,i,440910.0,13314.82615499762,4453.636363636364
MN908947.3,1,29903,whole genome,5773.16,05-16-23-A41,NWRB: artic,d,433157.0,13328.100434715356,4375.323232323232
MN908947.3,1,29903,whole genome,6495.93,05-16-23-A41,NWRB: artic,0-3,486182.0,13361.107568770543,4910.929292929293
MN908947.3,1,29903,whole genome,5998.41,05-16-23-A41,NWRB: artic,o3-2,449808.0,13335.489808985167,4543.515151515152
MN908947.3,1,29903,whole genome,6584.67,05-16-23-A41,NWRB: artic,o3-3,493017.0,13355.86805323143,4979.969696969697
MN908947.3,1,29903,whole genome,5534.97,05-16-23-A41,NWRB: artic,o5-2,415861.0,13309.663565470195,4200.616161616162
MN908947.3,1,29903,whole genome,5745.91,05-16-23-A41,NWRB: artic,o5-3,431009.0,13331.29934641736,4353.626262626262
MN908947.3,1,29903,whole genome,6895.16,05-16-23-A41,NWRB: artic,o4-2,517942.0,13312.610292272107,5231.737373737374
MN908947.3,1,29903,whole genome,5910.31,05-16-23-A41,NWRB: artic,o4-3,443198.0,13335.597182297754,4476.747474747474
MN908947.3,1,29903,whole genome,6166.99,05-16-23-A41,NWRB: artic,o2-2,462621.0,13330.544873665483,4672.939393939394
MN908947.3,1,29903,whole genome,6462.61,05-16-23-A41,NWRB: artic,o2o3o4o5-2,485424.0,13313.330202050167,4903.272727272727
MN908947.3,1,29903,whole genome,6361.71,05-16-23-A41,NWRB: artic,o2o3o4o5-3,477368.0,13326.63689229274,4821.89898989899
MN908947.3,1,29903,whole genome,6184.5,05-16-23-A41,NWRB: artic,0adgio1-2,464743.0,13307.354817608872,4694.373737373738
MN908947.3,1,29903,whole genome,6190.19,05-16-23-A41,NWRB: artic,0aio1o2o3o4o5,464183.0,13335.667182986019,4688.717171717171
MN908947.3,1,29903,whole genome,5680.25,05-16-23-A41,NWRB: artic,0-4,427234.0,13295.407200737769,4315.49494949495
MN908947.3,1,29903,whole genome,6060.16,05-16-23-A41,NWRB: artic,a-2,454546.0,13332.336001196798,4591.373737373738
MN908947.3,1,29903,whole genome,5863.17,05-16-23-A41,NWRB: artic,g-2,439249.0,13348.169261626093,4436.858585858586
MN908947.3,1,29903,whole genome,6093.86,05-16-23-A41,NWRB: artic,i-2,456854.0,13338.747170868592,4614.686868686868
MN908947.3,1,29903,whole genome,6495.19,05-16-23-A41,NWRB: artic,d-2,487012.0,13336.817162616117,4919.313131313132
MN908947.3,1,29903,whole genome,6221.64,05-16-23-A41,NWRB: artic,o1-2,465984.0,13351.61722290894,4706.909090909091
MN908947.3,1,29903,whole genome,5728.21,05-16-23-A41,NWRB: artic,o2-3,429871.0,13325.416229520019,4342.131313131313
MN908947.3,1,29903,whole genome,5533.57,05-16-23-A41,NWRB: artic,o3-4,415918.0,13304.473477945172,4201.19191919192
MN908947.3,1,29903,whole genome,9298.23,06-16-23-V2,NWRB: varskip,0adgio1o2o3o4o5,491987.0,18899.34083624161,6648.472972972973
MN908947.3,1,29903,whole genome,10751.51,06-16-23-V2,NWRB: varskip,0adgio1,568441.0,18914.0297761773,7681.635135135135
MN908947.3,1,29903,whole genome,4868.03,06-16-23-V2,NWRB: varskip,o2o3o4o5,259646.0,18748.71941027399,3508.7297297297296
MN908947.3,1,29903,whole genome,11181.84,06-16-23-V2,NWRB: varskip,0agio1o2,591700.0,18897.819841135708,7995.945945945946
MN908947.3,1,29903,whole genome,11977.38,06-16-23-V2,NWRB: varskip,0o5o3o4,635474.0,18847.946572165027,8587.486486486487
MN908947.3,1,29903,whole genome,11825.95,06-16-23-V2,NWRB: varskip,adgio1o2o3,625570.0,18904.27929728088,8453.648648648648
MN908947.3,1,29903,whole genome,10788.7,06-16-23-V2,NWRB: varskip,agio3o4o5,570678.0,18905.05679209642,7711.864864864865
MN908947.3,1,29903,whole genome,10545.77,06-16-23-V2,NWRB: varskip,o1o2o3o4o5,556972.0,18934.111589092452,7526.648648648648
MN908947.3,1,29903,whole genome,9150.28,06-16-23-V2,NWRB: varskip,0,483842.0,18911.710847756087,6538.405405405405
MN908947.3,1,29903,whole genome,9078.9,06-16-23-V2,NWRB: varskip,o1o2,479837.0,18920.80018839731,6484.283783783784
MN908947.3,1,29903,whole genome,10226.8,06-16-23-V2,NWRB: varskip,o3,541055.0,18901.59041132602,7311.554054054054
MN908947.3,1,29903,whole genome,9969.93,06-16-23-V2,NWRB: varskip,o5,526969.0,18919.386149849423,7121.2027027027025
MN908947.3,1,29903,whole genome,11531.76,06-16-23-V2,NWRB: varskip,o4,608164.0,18961.59588532041,8218.432432432432
MN908947.3,1,29903,whole genome,11054.66,06-16-23-V2,NWRB: varskip,0-2,585563.0,18878.685982550127,7913.013513513513
MN908947.3,1,29903,whole genome,7983.55,06-16-23-V2,NWRB: varskip,a,423103.0,18869.046071523953,5717.608108108108
MN908947.3,1,29903,whole genome,7996.41,06-16-23-V2,NWRB: varskip,g,422680.0,18918.35431058957,5711.891891891892
MN908947.3,1,29903,whole genome,8278.68,06-16-23-V2,NWRB: varskip,i,438071.0,18898.032510711735,5919.878378378378
MN908947.3,1,29903,whole genome,8987.47,06-16-23-V2,NWRB: varskip,d,475307.0,18908.768438083174,6423.0675675675675
MN908947.3,1,29903,whole genome,9792.95,06-16-23-V2,NWRB: varskip,0-3,517411.0,18926.829928238865,6992.040540540541
MN908947.3,1,29903,whole genome,10985.49,06-16-23-V2,NWRB: varskip,o3-2,579706.0,18950.105743256063,7833.864864864865
MN908947.3,1,29903,whole genome,9830.9,06-16-23-V2,NWRB: varskip,o3-3,518203.0,18971.13679388193,7002.743243243243
MN908947.3,1,29903,whole genome,8368.77,06-16-23-V2,NWRB: varskip,o5-2,441361.0,18961.281128146802,5964.3378378378375
MN908947.3,1,29903,whole genome,9071.38,06-16-23-V2,NWRB: varskip,o5-3,478221.0,18969.01223492904,6462.445945945946
MN908947.3,1,29903,whole genome,9395.27,06-16-23-V2,NWRB: varskip,o4-2,496115.0,18937.68581881217,6704.256756756757
MN908947.3,1,29903,whole genome,9527.14,06-16-23-V2,NWRB: varskip,o4-3,503792.0,18910.86003747578,6808.0
MN908947.3,1,29903,whole genome,9396.89,06-16-23-V2,NWRB: varskip,o2-2,496244.0,18936.027438115118,6706.0
MN908947.3,1,29903,whole genome,9495.91,06-16-23-V2,NWRB: varskip,o2o3o4o5-2,501966.0,18917.43663913492,6783.324324324324
MN908947.3,1,29903,whole genome,9539.7,06-16-23-V2,NWRB: varskip,o2o3o4o5-3,504204.0,18920.317966537357,6813.5675675675675
MN908947.3,1,29903,whole genome,8785.4,06-16-23-V2,NWRB: varskip,0adgio1-2,464853.0,18899.307953266944,6281.7972972972975
MN908947.3,1,29903,whole genome,8998.32,06-16-23-V2,NWRB: varskip,0aio1o2o3o4o5,475683.0,18916.631454140675,6428.148648648648
MN908947.3,1,29903,whole genome,9493.35,06-16-23-V2,NWRB: varskip,0-4,503104.0,18869.55778526905,6798.7027027027025
MN908947.3,1,29903,whole genome,8267.82,06-16-23-V2,NWRB: varskip,a-2,438083.0,18872.725031557948,5920.040540540541
MN908947.3,1,29903,whole genome,8643.73,06-16-23-V2,NWRB: varskip,g-2,457485.0,18894.018383116385,6182.22972972973
MN908947.3,1,29903,whole genome,9183.13,06-16-23-V2,NWRB: varskip,i-2,485304.0,18922.428003890345,6558.1621621621625
MN908947.3,1,29903,whole genome,10057.41,06-16-23-V2,NWRB: varskip,d-2,531169.0,18934.48224576359,7177.959459459459
MN908947.3,1,29903,whole genome,10472.61,06-16-23-V2,NWRB: varskip,o1-2,552447.0,18956.768703604146,7465.5
MN908947.3,1,29903,whole genome,7914.32,06-16-23-V2,NWRB: varskip,o2-3,417577.0,18952.959573922893,5642.9324324324325
MN908947.3,1,29903,whole genome,7745.09,06-16-23-V2,NWRB: varskip,o3-4,409775.0,18900.835824537855,5537.5
MN908947.3,1,29903,whole genome,10648.02,06-26-23-A41,PWRB: artic,0adgio1o2o3o4o5,797922.0,13344.687826629672,8059.818181818182
MN908947.3,1,29903,whole genome,10191.6,06-26-23-A41,PWRB: artic,0adgio1,763061.0,13356.206122446305,7707.686868686868
MN908947.3,1,29903,whole genome,10551.58,06-26-23-A41,PWRB: artic,o2o3o4o5,789372.0,13367.05634352371,7973.454545454545
MN908947.3,1,29903,whole genome,12006.22,06-26-23-A41,PWRB: artic,0agio1o2,898609.0,13360.894449087422,9076.858585858587
MN908947.3,1,29903,whole genome,12108.87,06-26-23-A41,PWRB: artic,0o5o3o4,905087.0,13378.680723510559,9142.29292929293
MN908947.3,1,29903,whole genome,11086.54,06-26-23-A41,PWRB: artic,adgio1o2o3,829899.0,13358.902709847825,8382.818181818182
MN908947.3,1,29903,whole genome,10101.11,06-26-23-A41,PWRB: artic,agio3o4o5,754728.0,13383.775346879936,7623.515151515152
MN908947.3,1,29903,whole genome,12481.28,06-26-23-A41,PWRB: artic,o1o2o3o4o5,931864.0,13393.885803078561,9412.767676767677
MN908947.3,1,29903,whole genome,18864.76,06-26-23-A41,PWRB: artic,0,1409051.0,13388.273384001004,14232.838383838383
MN908947.3,1,29903,whole genome,14201.93,06-26-23-A41,PWRB: artic,o1o2,1061147.0,13383.565142247022,10718.656565656565
MN908947.3,1,29903,whole genome,14566.47,06-26-23-A41,PWRB: artic,o3,1088648.0,13380.330464943672,10996.444444444445
MN908947.3,1,29903,whole genome,11181.44,06-26-23-A41,PWRB: artic,o5,838065.0,13341.97228138629,8465.30303030303
MN908947.3,1,29903,whole genome,11721.1,06-26-23-A41,PWRB: artic,o4,878552.0,13341.384459883991,8874.262626262625
MN908947.3,1,29903,whole genome,10205.48,06-26-23-A41,PWRB: artic,0-2,763045.0,13374.676460759196,7707.525252525253
MN908947.3,1,29903,whole genome,11700.78,06-26-23-A41,PWRB: artic,a,875670.0,13362.088457980746,8845.151515151516
MN908947.3,1,29903,whole genome,9595.35,06-26-23-A41,PWRB: artic,g,716993.0,13382.766637889074,7242.353535353535
MN908947.3,1,29903,whole genome,10877.57,06-26-23-A41,PWRB: artic,i,812912.0,13380.993268644084,8211.232323232323
MN908947.3,1,29903,whole genome,10900.51,06-26-23-A41,PWRB: artic,d,814610.0,13381.262199089135,8228.38383838384
MN908947.3,1,29903,whole genome,10569.0,06-26-23-A41,PWRB: artic,0-3,790303.0,13373.351739775757,7982.858585858586
MN908947.3,1,29903,whole genome,11027.26,06-26-23-A41,PWRB: artic,o3-2,824343.0,13377.028736824355,8326.69696969697
MN908947.3,1,29903,whole genome,10699.07,06-26-23-A41,PWRB: artic,o3-3,798899.0,13392.268609674064,8069.686868686868
MN908947.3,1,29903,whole genome,11463.35,06-26-23-A41,PWRB: artic,o5-2,857798.0,13363.694016540025,8664.626262626263
MN908947.3,1,29903,whole genome,10079.29,06-26-23-A41,PWRB: artic,o5-3,753839.0,13370.613619088428,7614.535353535353
MN908947.3,1,29903,whole genome,10661.9,06-26-23-A41,PWRB: artic,o4-2,797660.0,13366.471930396408,8057.171717171717
MN908947.3,1,29903,whole genome,14168.61,06-26-23-A41,PWRB: artic,o4-3,1062265.0,13338.11242957266,10729.949494949495
MN908947.3,1,29903,whole genome,12772.89,06-26-23-A41,PWRB: artic,o2-2,956988.0,13346.969867960726,9666.545454545454
MN908947.3,1,29903,whole genome,13335.45,06-26-23-A41,PWRB: artic,o2o3o4o5-2,1000187.0,13332.956737090164,10102.89898989899
MN908947.3,1,29903,whole genome,10987.56,06-26-23-A41,PWRB: artic,o2o3o4o5-3,820480.0,13391.624414976597,8287.676767676769
MN908947.3,1,29903,whole genome,9591.18,06-26-23-A41,PWRB: artic,0adgio1-2,719364.0,13332.860693612693,7266.30303030303
MN908947.3,1,29903,whole genome,10863.25,06-26-23-A41,PWRB: artic,0aio1o2o3o4o5,810778.0,13398.550528011368,8189.676767676768
MN908947.3,1,29903,whole genome,12918.66,06-26-23-A41,PWRB: artic,0-4,965092.0,13385.936263071293,9748.40404040404
MN908947.3,1,29903,whole genome,11657.92,06-26-23-A41,PWRB: artic,a-2,872599.0,13359.996974555323,8814.131313131313
MN908947.3,1,29903,whole genome,12585.29,06-26-23-A41,PWRB: artic,g-2,940984.0,13374.605731872169,9504.888888888889
MN908947.3,1,29903,whole genome,15039.41,06-26-23-A41,PWRB: artic,i-2,1125170.0,13366.34464125421,11365.353535353535
MN908947.3,1,29903,whole genome,13351.72,06-26-23-A41,PWRB: artic,d-2,1001636.0,13329.912263536853,10117.535353535353
MN908947.3,1,29903,whole genome,11077.93,06-26-23-A41,PWRB: artic,o1-2,826970.0,13395.806377498579,8353.232323232323
MN908947.3,1,29903,whole genome,11277.3,06-26-23-A41,PWRB: artic,o2-3,843686.0,13366.702778047757,8522.080808080807
MN908947.3,1,29903,whole genome,9491.65,06-26-23-A41,PWRB: artic,o3-4,711255.0,13344.932548804576,7184.393939393939
MN908947.3,1,29903,whole genome,13516.06,07-12-23-V2A,PWRB: varskip,0adgio1o2o3o4o5,716952.0,18852.11283321617,9688.54054054054
MN908947.3,1,29903,whole genome,13818.08,07-12-23-V2A,PWRB: varskip,0adgio1,732389.0,18867.132084179306,9897.148648648648
MN908947.3,1,29903,whole genome,12016.3,07-12-23-V2A,PWRB: varskip,o2o3o4o5,636043.0,18892.276151140726,8595.175675675675
MN908947.3,1,29903,whole genome,13896.43,07-12-23-V2A,PWRB: varskip,0agio1o2,734684.0,18914.83957728765,9928.162162162162
MN908947.3,1,29903,whole genome,14479.62,07-12-23-V2A,PWRB: varskip,0o5o3o4,768352.0,18845.034567489904,10383.135135135135
MN908947.3,1,29903,whole genome,14885.33,07-12-23-V2A,PWRB: varskip,adgio1o2o3,787575.0,18900.206329555916,10642.905405405405
MN908947.3,1,29903,whole genome,14446.85,07-12-23-V2A,PWRB: varskip,agio3o4o5,767216.0,18830.2251256491,10367.783783783783
MN908947.3,1,29903,whole genome,15645.57,07-12-23-V2A,PWRB: varskip,o1o2o3o4o5,825770.0,18946.643738571274,11159.054054054053
MN908947.3,1,29903,whole genome,14326.33,07-12-23-V2A,PWRB: varskip,0,762632.0,18785.377482193246,10305.837837837838
MN908947.3,1,29903,whole genome,15172.12,07-12-23-V2A,PWRB: varskip,o1o2,802373.0,18909.06099781523,10842.878378378378
MN908947.3,1,29903,whole genome,11530.51,07-12-23-V2A,PWRB: varskip,o3,612095.0,18837.778449423702,8271.554054054053
MN908947.3,1,29903,whole genome,12305.52,07-12-23-V2A,PWRB: varskip,o5,652215.0,18867.275361652217,8813.716216216217
MN908947.3,1,29903,whole genome,13821.77,07-12-23-V2A,PWRB: varskip,o4,734056.0,18829.31274998093,9919.675675675675
MN908947.3,1,29903,whole genome,13403.99,07-12-23-V2A,PWRB: varskip,0-2,713023.0,18798.818551435226,9635.445945945947
MN908947.3,1,29903,whole genome,12108.19,07-12-23-V2A,PWRB: varskip,a,642853.0,18835.083603872114,8687.202702702703
MN908947.3,1,29903,whole genome,12657.99,07-12-23-V2A,PWRB: varskip,g,673234.0,18801.768775789697,9097.756756756757
MN908947.3,1,29903,whole genome,13658.18,07-12-23-V2A,PWRB: varskip,i,724461.0,18852.88511044763,9790.013513513513
MN908947.3,1,29903,whole genome,12599.63,07-12-23-V2A,PWRB: varskip,d,669099.0,18830.741041310775,9041.878378378378
MN908947.3,1,29903,whole genome,13078.39,07-12-23-V2A,PWRB: varskip,0-3,695257.0,18810.871375620813,9395.364864864865
MN908947.3,1,29903,whole genome,13685.4,07-12-23-V2A,PWRB: varskip,o3-2,725511.0,18863.118546789778,9804.202702702703
MN908947.3,1,29903,whole genome,12174.08,07-12-23-V2A,PWRB: varskip,o3-3,650442.0,18716.626540106576,8789.756756756757
MN908947.3,1,29903,whole genome,13393.71,07-12-23-V2A,PWRB: varskip,o5-2,708906.0,18893.492226049715,9579.81081081081
MN908947.3,1,29903,whole genome,12716.2,07-12-23-V2A,PWRB: varskip,o5-3,675355.0,18828.912201730946,9126.418918918918
MN908947.3,1,29903,whole genome,12189.2,07-12-23-V2A,PWRB: varskip,o4-2,644348.0,18917.1069049644,8707.405405405405
MN908947.3,1,29903,whole genome,13798.15,07-12-23-V2A,PWRB: varskip,o4-3,731264.0,18868.903706458954,9881.945945945947
MN908947.3,1,29903,whole genome,13599.75,07-12-23-V2A,PWRB: varskip,o2-2,722778.0,18815.943484721447,9767.27027027027
MN908947.3,1,29903,whole genome,14509.76,07-12-23-V2A,PWRB: varskip,o2o3o4o5-2,769740.0,18850.209161535062,10401.891891891892
MN908947.3,1,29903,whole genome,14410.32,07-12-23-V2A,PWRB: varskip,o2o3o4o5-3,763592.0,18871.75350187011,10318.81081081081
MN908947.3,1,29903,whole genome,12428.84,07-12-23-V2A,PWRB: varskip,0adgio1-2,659763.0,18838.3404343681,8915.716216216217
MN908947.3,1,29903,whole genome,13429.79,07-12-23-V2A,PWRB: varskip,0aio1o2o3o4o5,711256.0,18881.795021764316,9611.567567567568
MN908947.3,1,29903,whole genome,12772.84,07-12-23-V2A,PWRB: varskip,0-4,678102.0,18836.163291068304,9163.54054054054
MN908947.3,1,29903,whole genome,13045.34,07-12-23-V2A,PWRB: varskip,a-2,694526.0,18783.08371464855,9385.486486486487
MN908947.3,1,29903,whole genome,12578.3,07-12-23-V2A,PWRB: varskip,g-2,667408.0,18846.492700117466,9019.027027027027
MN908947.3,1,29903,whole genome,12103.44,07-12-23-V2A,PWRB: varskip,i-2,642371.0,18841.821937789842,8680.68918918919
MN908947.3,1,29903,whole genome,13919.07,07-12-23-V2A,PWRB: varskip,d-2,741515.0,18771.123982657125,10020.472972972973
MN908947.3,1,29903,whole genome,13623.84,07-12-23-V2A,PWRB: varskip,o1-2,720699.0,18903.64770868282,9739.175675675675
MN908947.3,1,29903,whole genome,13115.62,07-12-23-V2A,PWRB: varskip,o2-3,695223.0,18865.34248723072,9394.905405405405
MN908947.3,1,29903,whole genome,11692.39,07-12-23-V2A,PWRB: varskip,o3-4,622205.0,18791.86120330116,8408.175675675675
