target_id	length	eff_length	est_counts	tpm
hCoV-19/USA/NY-Wadsworth-21009431-01/2021|EPI_ISL_1016469|2021-01-06	29853	29286	382.219	321.218
hCoV-19/USA/MA-CDC-STM-000008422/2021|EPI_ISL_1016637|2021-01-31	29883	29316	1154.12	968.932
hCoV-19/USA/GA-CDC-LC0000950/2020|EPI_ISL_1029353|2020-12-26	29713	29146	664.833	561.412
hCoV-19/USA/NM-CDC-LC0001539/2020|EPI_ISL_1029563|2020-12-31	29713	29146	1556.35	1314.25
hCoV-19/USA/NC-CDC-LC0010904/2021|EPI_ISL_1031995|2021-01-26	29713	29146	671.8	567.295
hCoV-19/USA/NM-CDC-LC0009213/2021|EPI_ISL_1032417|2021-01-21	29713	29146	4191.41	3539.4
hCoV-19/USA/CO-CDC-LC0009200/2021|EPI_ISL_1032568|2021-01-19	29714	29147	2314.92	1954.75
hCoV-19/USA/AZ-CDC-LC0011229/2021|EPI_ISL_1038533|2021-01-28	29713	29146	1739.86	1469.21
hCoV-19/USA/CA-CDC-LC0013646/2021|EPI_ISL_1038687|2021-02-01	29713	29146	852.204	719.636
hCoV-19/USA/IL-CDC-QDX21674385/2021|EPI_ISL_1087475|2021-02-02	29782	29215	3846.61	3240.56
hCoV-19/USA/TX-HMH-MCoV-20978/2021|EPI_ISL_1075422|2021-01-05	29834	29267	1133.16	952.931
hCoV-19/USA/TX-HMH-MCoV-20620/2021|EPI_ISL_1075062|2021-01-04	29823	29256	1044.79	878.943
hCoV-19/USA/TX-HMH-MCoV-20328/2021|EPI_ISL_1074770|2021-01-05	29864	29297	1328.6	1116.14
hCoV-19/USA/AZ-ASPHL-3157/2020|EPI_ISL_1064184|2020-12-18	29883	29316	7.11247	5.97123
hCoV-19/USA/NY-PRL-2021_02_17_00O19/2021|EPI_ISL_1041921|2021-02-15	29743	29176	1270.14	1071.46
hCoV-19/USA/NY-PRL-2021_02_10_02H09/2021|EPI_ISL_1041269|2021-02-08	29736	29169	4348.7	3669.32
hCoV-19/USA/FL-MML-B05387461/2020|EPI_ISL_1027665|2020	29813	29246	1273.89	1072.05
hCoV-19/USA/NY-NYCPHL-003028/2021|EPI_ISL_1017984|2021-02-04	29752	29185	1174.2	990.22
hCoV-19/USA/OR-PROV-509/2020|EPI_ISL_1017405|2020-06-13	29903	29336	84.1748	70.6203
hCoV-19/USA/OR-PROV-474/2020|EPI_ISL_1017347|2020-06-22	29903	29336	671.928	563.729
hCoV-19/USA/AZ-ASPHL-3268/2020|EPI_ISL_1016899|2020-12-28	29897	29330	3183.6	2671.49
hCoV-19/USA/NY-Wadsworth-21015596-01/2021|EPI_ISL_1016285|2021-01-19	29812	29245	1304.57	1097.9
hCoV-19/USA/NY-Wadsworth-21017646-01/2021|EPI_ISL_1016163|2021-01-19	29812	29245	1213.07	1020.9
hCoV-19/USA/NY-Wadsworth-21017574-01/2021|EPI_ISL_1016152|2021-01-17	29858	29291	817.063	686.546
hCoV-19/USA/AZ-ASPHL-3242/2020|EPI_ISL_1015726|2020-12-23	29856	29289	3086.44	2593.59
hCoV-19/USA/MD-MDH-0868/2021|EPI_ISL_1015576|2021-02-03	29858	29291	981.02	824.313
hCoV-19/USA/MI-UM-10038088991/2021|EPI_ISL_1014857|2021-01-30	29782	29215	811.958	684.031
hCoV-19/USA/MA-Broad_CRSP-00833/2021|EPI_ISL_1011693|2021-01-27	29832	29265	1631.87	1372.41
hCoV-19/USA/DE-DHSS-FLW00751071/2021|EPI_ISL_1009646|2021-01-29	29813	29246	1106.23	930.952
hCoV-19/USA/NY-UB-00703/2021|EPI_ISL_1009609|2021-01-25	29782	29215	1231.15	1037.18
hCoV-19/USA/AZ-CDC-LC0007663/2021|EPI_ISL_1022378|2021-01-15	29714	29147	621.999	525.223
hCoV-19/USA/IL-CDC-LC0001876/2020|EPI_ISL_1029656|2020-12-26	29713	29146	2609.83	2203.85
hCoV-19/USA/FL-CDC-LC0001066/2020|EPI_ISL_1029404|2020-12-26	29713	29146	614.616	519.007
hCoV-19/USA/NY-PRL-2021_02_12_01C05/2021|EPI_ISL_1041321|2021-02-09	29734	29167	425.622	359.154
hCoV-19/USA/NY-PRL-2021_02_10_02F03/2021|EPI_ISL_1041258|2021-02-08	29744	29177	368.667	310.987
hCoV-19/USA/CA-CZB-22797/2020|EPI_ISL_1027406|2020-12-28	29831	29264	10.2444	8.61587
hCoV-19/USA/MI-UM-S504729/2021|EPI_ISL_1014882|2021-01-26	29782	29215	646.741	544.844
hCoV-19/USA/CA-CZB-23320/2021|EPI_ISL_1030310|2021-01-19	29848	29281	513.775	431.853
hCoV-19/USA/IL-CDC-LC0011619/2021|EPI_ISL_1038727|2021-01-31	29704	29137	2118.38	1789.4
hCoV-19/USA/NY-Wadsworth-21007442-01/2020|EPI_ISL_1020548|2020-12-29	29812	29245	1716.58	1444.64
hCoV-19/USA/NY-UB-00329/2020|EPI_ISL_1009464|2020-12-09	29782	29215	196.142	165.239
hCoV-19/USA/CA-ACPHD-00034/2020|EPI_ISL_1093576|2020-12-01	29782	29215	3466.15	2920.05
hCoV-19/USA/CA-CDC-QDX22440894/2021|EPI_ISL_1336104|2021-02-22	29763	29196	970.768	818.353
hCoV-19/USA/FL-CDC-STM-000035986/2021|EPI_ISL_1553787|2021-03-14	29816	29249	0	0
hCoV-19/USA/FL-CDC-STM-000044935/2021|EPI_ISL_1592525|2021-03-27	29827	29260	313.376	263.596
hCoV-19/USA/WA-UW-68478/2021|EPI_ISL_1497879|2021-03-22	29531	28964	27.3108	23.2073
hCoV-19/USA/FL-CDC-LC0026602/2021|EPI_ISL_1481292|2021-03-10	29708	29141	967.385	817.04
hCoV-19/USA/NY-PRL-2021_03_01_01B14/2021|EPI_ISL_1172579|2021-02-26	29745	29178	947.359	799.111
hCoV-19/USA/ME-HETL-J1767/2021|EPI_ISL_1163630|2021-02-23	29655	29088	1123.95	951.004
hCoV-19/USA/RI-Broad_RIDOH-00337/2021|EPI_ISL_1121851|2021-02-10	29821	29254	2179.4	1833.58
hCoV-19/USA/WA-UW-2021040207658/2021|EPI_ISL_1628181|2021-04-02	29531	28964	12.1162	10.2957
hCoV-19/USA/TX-HMH-MCoV-16948/2020|EPI_ISL_1202659|2020-07-10	29903	29336	196.896	165.19
hCoV-19/USA/CA-CDC-IBX620764696519/2021|EPI_ISL_2087772|2021-04-27	29821	29254	174.666	146.951
hCoV-19/USA/MN-MDH-8307/2021|EPI_ISL_2663222|2021-06-13	29769	29202	981.637	827.345
hCoV-19/USA/AK-PHL9309/2021|EPI_ISL_2467805|2021-06-01	29837	29270	1601.11	1346.31
hCoV-19/USA/PA-VSP1672/2021|EPI_ISL_2653029|2021-03-21	29901	29334	253.876	213.009
hCoV-19/USA/KY-CDC-ASC210059111/2021|EPI_ISL_2146201|2021-05-04	29889	29322	644.479	540.958
hCoV-19/USA/GA-CDC-QDX26763717/2021|EPI_ISL_3214357|2021-07-11	29769	29202	624.152	526.049
hCoV-19/USA/TN-ASC-210505723/2021|EPI_ISL_10082230|2021-12-28	29814	29247	1478.32	1244.04
hCoV-19/USA/IL-CDC-LC0530239/2022|EPI_ISL_10074465|2022-02-03	29653	29086	1575.77	1333.39
hCoV-19/USA/NE-NPHL22-876/2022|EPI_ISL_10073335|2022-01-04	29684	29117	1010.46	854.12
hCoV-19/USA/WA-CDC-LC0528988/2022|EPI_ISL_10042476|2022-02-04	29717	29150	0	0
hCoV-19/USA/ID-CDC-2-5541481/2022|EPI_ISL_10073692|2022-01-19	29815	29248	229.979	193.527
hCoV-19/USA/NY-CDC-ASC210690795/2022|EPI_ISL_10075534|2022-01-30	29786	29219	1407.72	1185.77
hCoV-19/USA/FL-CDC-ASC210695781/2022|EPI_ISL_10077080|2022-02-04	29792	29225	1495.59	1259.52
hCoV-19/USA/CA-CDC-FG-268281/2022|EPI_ISL_10144725|2022-02-07	29757	29190	1330.21	1121.59
hCoV-19/USA/TN-CDC-ASC210650985/2022|EPI_ISL_10228523|2022-02-05	29792	29225	4381.43	3689.86
hCoV-19/USA/OH-CDC-ASC210694157/2022|EPI_ISL_10229733|2022-02-06	29793	29226	59.7602	50.3258
hCoV-19/USA/SC-CDC-LC0540411/2022|EPI_ISL_10325983|2022-02-12	29694	29127	0.100613	0.0850173
hCoV-19/USA/AZ-CDC-LC0539654/2022|EPI_ISL_10326518|2022-02-13	29693	29126	7874.64	6654.24
hCoV-19/USA/IL-CDC-ASC210552756/2022|EPI_ISL_10371465|2022-02-10	29766	29199	0.00987791	0.00832617
hCoV-19/USA/CA-CDPH-5003872952/2021|EPI_ISL_10019679|2021-11-15	29810	29243	1526.69	1284.93
hCoV-19/USA/IA-SHL-1679590/2021|EPI_ISL_10335123|2021-04-28	29778	29211	1653.02	1392.77
hCoV-19/USA/HI-BL236/2021|EPI_ISL_10239241|2021-04-25	29749	29182	5502.97	4641.2
hCoV-19/USA/VA-DCLS-10517/2021|EPI_ISL_10218967|2021-10-01	29829	29262	179.606	151.066
hCoV-19/USA/VA-DCLS-10505/2021|EPI_ISL_10218955|2021-10-06	29826	29259	436.016	366.768
hCoV-19/USA/NY-URMC-21093877-1/2021|EPI_ISL_10209555|2021-09-26	29764	29197	906.189	763.886
hCoV-19/USA/FL-BPHL-1856/2022|EPI_ISL_10175656|2022-01-06	29684	29117	0	0
hCoV-19/USA/MT-MTPHL-3982504/2022|EPI_ISL_10056839|2022-02-07	29684	29117	1651.16	1395.7
hCoV-19/USA/NE-NPHL22-7276/2022|EPI_ISL_10032906|2022-01-19	29684	29117	0	0
hCoV-19/USA/IA-SHL-2040821/2022|EPI_ISL_10013661|2022-02-08	29684	29117	1342.59	1134.87
hCoV-19/USA/NJ-CDC-ASC210863005/2022|EPI_ISL_10565315|2022-02-19	29792	29225	3717.45	3130.68
hCoV-19/USA/CA-CDC-QDX34681848/2022|EPI_ISL_11353657|2022-03-06	29724	29157	4147.73	3501.19
hCoV-19/USA/FL-MSL-2615/2021|EPI_ISL_10555048|2021-10	29802	29235	94.9572	79.9417
hCoV-19/USA/CT-Yale-13969/2021|EPI_ISL_10459731|2021-08-13	29797	29230	67.9156	57.1859
hCoV-19/USA/CA-HLX-STM-3J28GEBQ7/2021|EPI_ISL_12833743|2021-11-30	29890	29323	1205.57	1011.89
hCoV-19/USA/OH-CWRU_CICB21075_CB106/2021|EPI_ISL_12828411|2021-04-19	29863	29296	1100.45	924.507
hCoV-19/USA/CA-CDPH-6000006293/2021|EPI_ISL_12693204|2021-09-23	29701	29134	1022.24	863.574
hCoV-19/USA/VA-VTVAS3-GSC31385/2022|EPI_ISL_12374478|2022-01-04	29769	29202	236.577	199.393
hCoV-19/USA/NY-MSK-1359/2021|EPI_ISL_12175126|2021-04-20	29738	29171	1860.23	1569.51
hCoV-19/USA/NY-MSK-1894/2020|EPI_ISL_12175018|2020-12-13	29776	29209	173.08	145.84
hCoV-19/USA/CA-CDPH-500037203/2021|EPI_ISL_12052497|2021-12-01	29829	29262	2212.12	1860.6
hCoV-19/USA/CA-CDPH-500037164/2021|EPI_ISL_12052468|2021-12-01	29837	29270	1840.38	1547.51
hCoV-19/USA/CA-CDPH-6000009370/2021|EPI_ISL_11972153|2021-07-31	29701	29134	275.268	232.543
hCoV-19/USA/MD-HP29441-PIDJGDGQBV/2020|EPI_ISL_11963245|2020-04-06	29753	29186	11.441	9.64802
hCoV-19/USA/NJ-NYGC-V1057-TQDC840/2021|EPI_ISL_11892251|2021-11-08	29727	29160	1314.77	1109.71
hCoV-19/USA/IA-SHL-1699130/2021|EPI_ISL_11749211|2021-05-13	29767	29200	3245.79	2735.81
hCoV-19/USA/CA-HLX-STM-QM5T5998X/2021|EPI_ISL_11685141|2021-12-23	29890	29323	1633.77	1371.3
hCoV-19/USA/VA-VTVAS3-GSC28322/2021|EPI_ISL_11579529|2021-11-19	29769	29202	320.74	270.326
hCoV-19/USA/TX-TAMGHRC-EQ04585466/2021|EPI_ISL_11413384|2021-08-30	29903	29336	1764.22	1480.13
hCoV-19/USA/WV-VTVAS3-GSC27845/2021|EPI_ISL_11413037|2021-11-09	29769	29202	1278.94	1077.92
hCoV-19/USA/CA-OC-FG-239008/2021|EPI_ISL_11411520|2021-12-24	29812	29245	1657.01	1394.51
hCoV-19/USA/CA-LACPHL-AF07679/2021|EPI_ISL_11312715|2021-12-13	29780	29213	1733.55	1460.52
hCoV-19/USA/CA-HLX-STM-TSQ5GV3VJ/2021|EPI_ISL_11192167|2021-12-17	29889	29322	398.432	334.433
hCoV-19/USA/VA-VTVAS3-GSC27340/2021|EPI_ISL_11171710|2021-10-07	29769	29202	321.165	270.685
hCoV-19/USA/MN-UMGC-29876/2021|EPI_ISL_11145277|2021-12-30	29759	29192	523.145	441.069
hCoV-19/env/USA/CA-SEARCH-73045/2022|EPI_ISL_11102901|2022-02-01	29820	29253	501.995	422.355
hCoV-19/USA/HI-TAMC_993/2021|EPI_ISL_11052467|2021-11-26	29890	29323	1916.39	1608.51
hCoV-19/USA/CA-CDPH-500033894/2021|EPI_ISL_11043729|2021-11-16	29809	29242	741.325	623.95
hCoV-19/USA/CA-CDPH-500033707/2021|EPI_ISL_11043602|2021-11-13	29835	29268	2109.89	1774.25
hCoV-19/USA/CA-CDPH-500033578/2021|EPI_ISL_11043510|2021-11-15	29828	29261	821.141	690.68
hCoV-19/USA/CA-CDPH-500037783/2021|EPI_ISL_11042617|2021-12-04	29814	29247	498.976	419.901
hCoV-19/USA/CA-CDPH-500037129/2021|EPI_ISL_11042381|2021-11-30	29791	29224	1188.35	1000.81
hCoV-19/USA/CO-CDPHE-2102262644/2021|EPI_ISL_10955346|2021-11-09	29738	29171	2510.69	2118.31
hCoV-19/USA/NE-COPH-M8406/2021|EPI_ISL_10910312|2021-08-30	29701	29134	555.994	469.698
hCoV-19/USA/KY-GD_02096/2021|EPI_ISL_10723892|2021-12-19	29769	29202	865.891	729.792
hCoV-19/USA/KY-GD_02073/2021|EPI_ISL_10723869|2021-12-19	29764	29197	1336.47	1126.6
hCoV-19/USA/PA-0456/2021|EPI_ISL_10658189|2021-09-06	29782	29215	228.297	192.328
hCoV-19/USA/MI-UM-10043900615/2022|EPI_ISL_10640244|2022-02-02	29724	29157	4375.86	3693.76
hCoV-19/USA/NY-Wadsworth-21099723-01/2021|EPI_ISL_10590022|2021-11-05	29772	29205	2030.45	1711.13
hCoV-19/USA/CO-UW21111866696/2021|EPI_ISL_10565662|2021-11-18	29527	28960	408.596	347.252
hCoV-19/USA/NM-NMDOH-2021237893/2021|EPI_ISL_10556471|2021-12-21	29714	29147	217.308	183.498
hCoV-19/USA/FL-MSL-2649/2021|EPI_ISL_10555076|2021-10	29810	29243	647.02	544.558
hCoV-19/USA/NY-URMC-21093997-1/2021|EPI_ISL_10429469|2021-09-30	29764	29197	1732.37	1460.33
hCoV-19/USA/ID-UI-IIDS-U1586/2021|EPI_ISL_10403358|2021-02-05	29728	29161	5589.06	4717.21
hCoV-19/USA/CT-Yale-16965/2021|EPI_ISL_10402120|2021-08-16	29802	29235	786.986	662.54
hCoV-19/USA/MN-Mayo-106/2020|EPI_ISL_13594233|2020-08-26	29826	29259	2148.55	1807.32
hCoV-19/USA/MN-Mayo-13206/2021|EPI_ISL_13597130|2021-10-04	29794	29227	1336.32	1125.31
hCoV-19/USA/AK-CDC-2-6089451/2021|EPI_ISL_13654289|2021-10-14	29836	29269	1624.64	1366.15
hCoV-19/USA/MN-Mayo19596/2021|EPI_ISL_13679495|2021-09-02	29814	29247	296.241	249.294
hCoV-19/USA/NY-MSK-3986/2022|EPI_ISL_14487481|2022-01-03	29789	29222	735.406	619.392
hCoV-19/USA/NY-HQE-2591862/2021|EPI_ISL_15259125|2021-08-11	29787	29220	700.7	590.201
hCoV-19/USA/FL-BPHL-21036/2021|EPI_ISL_15438210|2021-08-06	29800	29233	664.423	559.397
hCoV-19/USA/KY-GD_03140/2021|EPI_ISL_15515888|2021-10-04	29703	29136	429.386	362.715
hCoV-19/USA/SC-6356/2021|EPI_ISL_17116172|2021-11-30	29801	29234	8778.3	7390.44
hCoV-19/USA/PA-UPENN-5147/2021|EPI_ISL_17534234|2021-06-21	29902	29335	484.214	406.256
hCoV-19/USA/TN-CDC-LC0000693/2020|EPI_ISL_1029270|2020-12-27	29714	29147	1455.59	1229.12
hCoV-19/USA/AZ-CDC-ASC210064219/2021|EPI_ISL_2280418|2021-05-16	29893	29326	0	0
hCoV-19/USA/KS-KHEL-0181/2021|EPI_ISL_1054890|2021-02-09	29782	29215	2533.83	2134.62
hCoV-19/USA/OH-2829/2021|EPI_ISL_2657689|2021-05-24	29830	29263	0	0
hCoV-19/USA/TX-HMH-MCoV-21473/2021|EPI_ISL_1075919|2021-01-06	29870	29303	460.332	386.64
hCoV-19/USA/TX-HMH-MCoV-20489/2021|EPI_ISL_1074931|2021-01-04	29828	29261	181.351	152.538
hCoV-19/USA/TX-HMH-MCoV-20149/2021|EPI_ISL_1074588|2021-01-04	29864	29297	422.265	354.74
hCoV-19/USA/CA-IGI-1036/2020|EPI_ISL_1041084|2020-09-01	29839	29272	678.987	570.896
hCoV-19/USA/NC-CDC-LC0007602/2021|EPI_ISL_1021317|2021-01-19	29713	29146	2755.39	2326.76
hCoV-19/USA/OR-PROV-593/2020|EPI_ISL_1017185|2020-11-06	29903	29336	1216.5	1020.61
hCoV-19/USA/NY-Wadsworth-21015425-01/2021|EPI_ISL_1016323|2021-01-15	29789	29222	3295.73	2775.81
hCoV-19/USA/FL-CDC-LC0095068/2021|EPI_ISL_3111986|2021-07-11	29671	29104	548.227	463.613
hCoV-19/USA/SD-UMGC_126/2020|EPI_ISL_1017005|2020-10-20	29782	29215	456.726	384.768
hCoV-19/USA/WY-WPHL-21000201/2021|EPI_ISL_1017893|2021-01-02	29876	29309	903.509	758.717
hCoV-19/USA/SC-PED-0037/2021|EPI_ISL_10386248|2021-12-06	29772	29205	174.575	147.12
hCoV-19/USA/NV-CDC-QDX33787561/2022|EPI_ISL_10330746|2022-02-11	29724	29157	10919.1	9217.08
hCoV-19/USA/TX-CDC-QDX33831868/2022|EPI_ISL_10430519|2022-02-09	29724	29157	4817.63	4066.67
hCoV-19/USA/MA-CDC-LC0542858/2022|EPI_ISL_10560811|2022-02-14	29727	29160	20450.7	17261.1
hCoV-19/USA/DE-CDC-LC0559886/2022|EPI_ISL_11039013|2022-03-06	29722	29155	9328.12	7874.62
hCoV-19/USA/NY-CDC-ASC210731972/2022|EPI_ISL_11117550|2022-03-04	29774	29207	3830.89	3228.2
hCoV-19/USA/MA-CDC-STM-JDAQQ6WE2/2022|EPI_ISL_11355008|2022-03-11	29850	29283	5357.06	4502.56
hCoV-19/USA/NY-CDC-QDX34884345/2022|EPI_ISL_11579055|2022-03-14	29724	29157	706.595	596.453
hCoV-19/USA/UT-CDC-QDX34992925/2022|EPI_ISL_11628329|2022-03-15	29724	29157	12765	10775.3
hCoV-19/USA/CA-CDC-QDX35038504/2022|EPI_ISL_11697486|2022-03-19	29724	29157	10426.8	8801.48
hCoV-19/USA/TX-CDC-STM-JFDDKPUEZ/2022|EPI_ISL_12046465|2022-03-29	29850	29283	8092.5	6801.67
hCoV-19/USA/NJ-CDC-LC0568969/2022|EPI_ISL_12048330|2022-04-02	29631	29064	104266	88294.8
hCoV-19/USA/CA-CDC-STM-SS4FHRNC8/2022|EPI_ISL_12300640|2022-04-11	29844	29277	264.32	222.204
hCoV-19/USA/NJ-PED-0048/2021|EPI_ISL_10386284|2021-07-31	29772	29205	70.4887	59.4033
hCoV-19/USA/VA-CDC-2-5589001/2022|EPI_ISL_10226779|2022-01-27	29789	29222	0	0
hCoV-19/USA/NC-CLT-007118/2021|EPI_ISL_12286486|2021-09-15	29740	29173	1709.5	1442.24
hCoV-19/USA/NY-MSK-3108/2021|EPI_ISL_12157387|2021-09-28	29817	29250	1108.86	933.039
hCoV-19/USA/NY-PRL-2022_0406_03E10/2022|EPI_ISL_11937616|2022-04-02	29778	29211	7205.55	6071.13
hCoV-19/USA/NY-PRL-2022_0406_00A07/2022|EPI_ISL_11933878|2022-04-04	29803	29236	622.507	524.052
hCoV-19/USA/IL-S22WGS1317/2022|EPI_ISL_11894118|2022-03-23	29729	29162	4430.54	3739.28
hCoV-19/USA/HI-H229136/2022|EPI_ISL_11683657|2022-03-24	29667	29100	7087.27	5994.24
hCoV-19/USA/CA-61210652220079/2021|EPI_ISL_11300453|2021-11-23	29816	29249	232.985	196.049
hCoV-19/USA/NM-NCGR-231250_PBvcfC/2021|EPI_ISL_11259124|2021-11-05	29766	29199	709.766	598.268
hCoV-19/USA/VA-VTVAS3-GSC27804/2021|EPI_ISL_11256462|2021-10-31	29769	29202	84.1829	70.9512
hCoV-19/USA/NY-MSHSPSP-PV49041/2021|EPI_ISL_11178975|2021-12-27	29686	29119	373.515	315.704
hCoV-19/USA/CA-CDPH-500033697/2021|EPI_ISL_11043592|2021-11-15	29837	29270	1651.13	1388.37
hCoV-19/USA/HI-H228803/2022|EPI_ISL_10952386|2022-03-03	29667	29100	5108.71	4320.82
hCoV-19/USA/UT-UPHL-220304330692/2022|EPI_ISL_10868262|2022-02-06	29775	29208	5237.72	4413.56
hCoV-19/USA/KY-GD_02056/2021|EPI_ISL_10723852|2021-12-19	29736	29169	1459.51	1231.5
hCoV-19/USA/NC-S61D7/2020|EPI_ISL_10657522|2020-04-07	29903	29336	0	0
hCoV-19/USA/AZ-TG1247928/2021|EPI_ISL_10603822|2021-10-16	29827	29260	1499.33	1261.16
hCoV-19/USA/FL-MSL-3471/2021|EPI_ISL_10555636|2021-12	29801	29234	620.15	522.104
hCoV-19/USA/NE-PED-0067/2021|EPI_ISL_10386336|2021-10-27	29769	29202	1176.5	991.583
hCoV-19/USA/UT-UPHL-220216784957/2022|EPI_ISL_10093135|2022-02-01	29737	29170	3017.63	2546.12
hCoV-19/USA/LA-CDC-STM-NS6C93EZR/2022|EPI_ISL_13188632|2022-05-27	29813	29246	1276.68	1074.4
hCoV-19/USA/CA-CDC-STM-NMPKTZXSK/2022|EPI_ISL_13258198|2022-05-31	29844	29277	3195.33	2686.19
hCoV-19/USA/CA-CDC-QDX37501563/2022|EPI_ISL_13291257|2022-05-29	29718	29151	5878.5	4963.19
hCoV-19/USA/HI-CDC-QDX36111698/2022|EPI_ISL_12592584|2022-04-16	29724	29157	8535.17	7204.73
hCoV-19/USA/TX-CDC-STM-KH7HGMD4F/2022|EPI_ISL_12639248|2022-05-01	29848	29281	2493.26	2095.7
hCoV-19/USA/NV-CDC-QDX36361012/2022|EPI_ISL_12660487|2022-04-27	29709	29142	8697.65	7345.66
hCoV-19/USA/FL-CDC-STM-Q9KKS65MD/2022|EPI_ISL_12712134|2022-05-03	29850	29283	6788.1	5705.33
hCoV-19/USA/CA-CDC-LC0632829/2022|EPI_ISL_12887463|2022-05-10	29615	29048	31294.2	26515.3
hCoV-19/USA/NC-CDC-LC0631449/2022|EPI_ISL_12889682|2022-05-12	29688	29121	6571.49	5554
hCoV-19/USA/TX-CDC-QDX36807300/2022|EPI_ISL_13061002|2022-05-08	29709	29142	70911.1	59888.5
hCoV-19/USA/IL-CDC-STM-CU9US2JEE/2022|EPI_ISL_13072244|2022-05-22	29835	29268	14469.2	12167.4
hCoV-19/USA/MA-CDCBI-CRSP_P7G7LUGN5D7D577C/2022|EPI_ISL_13536303|2022-06-13	29401	28834	4017.23	3429.02
hCoV-19/USA/TX-CDC-QDX37977867/2022|EPI_ISL_13528273|2022-06-08	29718	29151	6565.33	5543.08
hCoV-19/USA/UT-CDC-QDX37911509/2022|EPI_ISL_13528258|2022-06-08	29718	29151	3648.26	3080.21
hCoV-19/USA/TX-CDC-STM-YWZ3K35NZ/2022|EPI_ISL_13505439|2022-06-14	29806	29239	1763.68	1484.59
hCoV-19/USA/MS-UMMC-S175K03-534931/2022|EPI_ISL_13503868|2022-06-13	29723	29156	16109.3	13598.7
hCoV-19/USA/CA-CDC-STM-GKRKKUVBV/2022|EPI_ISL_13486355|2022-06-12	29813	29246	535.697	450.818
hCoV-19/USA/NY-PRL-220621_01D06/2022|EPI_ISL_13480006|2022-06-19	29781	29214	2294.85	1933.36
hCoV-19/USA/NY-PRL-220621_00E06/2022|EPI_ISL_13479499|2022-06-17	29784	29217	0	0
hCoV-19/USA/NY-PRL-220621_00D12/2022|EPI_ISL_13479483|2022-06-18	29748	29181	4457.11	3759.25
hCoV-19/USA/NY-PRL-220621_01A22/2022|EPI_ISL_13479988|2022-06-19	29785	29218	881.573	742.602
hCoV-19/USA/TX-CDC-QDX37750721/2022|EPI_ISL_13434478|2022-06-06	29718	29151	18825.8	15894.5
hCoV-19/USA/IL-CDC-QDX37665100/2022|EPI_ISL_13433153|2022-06-03	29718	29151	0	0
hCoV-19/USA/FL-CDC-STM-HF8XJNNND/2022|EPI_ISL_13423482|2022-06-05	29844	29277	1141.32	959.469
hCoV-19/USA/IL-CDC-STM-X5EAQXTCC/2022|EPI_ISL_13486162|2022-06-11	29806	29239	2403.08	2022.81
hCoV-19/USA/CO-CDPHE-2103315947/2022|EPI_ISL_13396676|2022-06-01	29723	29156	1742.88	1471.25
hCoV-19/USA/NY-PRL-220613_00F08/2022|EPI_ISL_13366183|2022-06-10	29749	29182	585.838	494.096
hCoV-19/USA/FL-CDC-STM-TMDXAZQ9F/2022|EPI_ISL_13258632|2022-05-31	29811	29244	3700.01	3113.97
hCoV-19/USA/NY-PRL-220530_04J02/2022|EPI_ISL_13255976|2022-05-28	29774	29207	1400.37	1180.06
hCoV-19/USA/NY-PRL-220606_01G19/2022|EPI_ISL_13254952|2022-06-03	29785	29218	6.04885	5.09531
hCoV-19/USA/NY-PRL-220603_01A15/2022|EPI_ISL_13254432|2022-05-31	29805	29238	2730.27	2298.3
hCoV-19/USA/NY-PRL-220603_02D02/2022|EPI_ISL_13254291|2022-05-31	29766	29199	5620.11	4737.24
hCoV-19/USA/TX-CDC-QDX37299077/2022|EPI_ISL_13226837|2022-05-22	29718	29151	2913.22	2459.62
hCoV-19/USA/FL-CDC-STM-2SZXTUX6G/2022|EPI_ISL_13188207|2022-05-26	29840	29273	15845.5	13322.6
hCoV-19/USA/GA-CDC-STM-7X6TC4H2U/2022|EPI_ISL_13146398|2022-05-24	29844	29277	3373.24	2835.75
hCoV-19/USA/SC-CDC-QDX37100425/2022|EPI_ISL_13116238|2022-05-17	29718	29151	1045.22	882.478
hCoV-19/USA/GA-EHC-2647U/2021|EPI_ISL_13105767|2021-10-06	29815	29248	293.443	246.931
hCoV-19/USA/FL-CDC-STM-XFXM8QH3C/2022|EPI_ISL_13098682|2022-05-23	29802	29235	60971.4	51330
hCoV-19/USA/TX-HMH-MCoV-97440/2022|EPI_ISL_13054439|2022-05-10	29775	29208	536.86	452.385
hCoV-19/USA/NY-PRL-220522_02K12/2022|EPI_ISL_13044810|2022-05-20	29767	29200	14471	12197.3
hCoV-19/USA/NY-PRL-220522_02I13/2022|EPI_ISL_13044778|2022-05-20	29771	29204	0	0
hCoV-19/USA/NY-PRL-220516_02I10/2022|EPI_ISL_12857361|2022-05-15	29776	29209	0	0
hCoV-19/USA/NY-PRL-220518_01C13/2022|EPI_ISL_12856769|2022-05-15	29737	29170	24478	20653.2
hCoV-19/USA/CA-CDPH-6000000269/2021|EPI_ISL_12692978|2021-06-29	29768	29201	2685.25	2263.27
hCoV-19/USA/CA-HLX-STM-VX58S6N2W/2021|EPI_ISL_12692876|2021-12-07	29896	29329	774.956	650.322
hCoV-19/USA/CA-HLX-STM-X7T9S9S72/2021|EPI_ISL_12692660|2021-12-21	29856	29289	2587.95	2174.71
hCoV-19/USA/HI-H2210185/2022|EPI_ISL_12544446|2022-04-21	29667	29100	1147.65	970.653
hCoV-19/USA/VA-CDC-QDX38007185/2022|EPI_ISL_13591162|2022-06-09	29718	29151	5634.34	4757.05
hCoV-19/USA/CA-CDC-LC0756965/2022|EPI_ISL_13864321|2022-07-03	29657	29090	3731.47	3157.07
hCoV-19/USA/OH-CDC-QDX38721286/2022|EPI_ISL_14035830|2022-07-05	29718	29151	3034.99	2562.43
hCoV-19/USA/NY-URMC-22077513-1/2022|EPI_ISL_14010529|2022-07-02	29718	29151	2756.88	2327.62
hCoV-19/USA/CA-FG-288476/2022|EPI_ISL_13981777|2022-07-04	29799	29232	1886.98	1588.76
hCoV-19/USA/NY-PRL-220708_04C19/2022|EPI_ISL_13887981|2022-07-05	29807	29240	10157.3	8549.69
hCoV-19/USA/CT-CDC-LC0755842/2022|EPI_ISL_13863709|2022-06-29	29615	29048	2530.46	2144.03
hCoV-19/USA/WA-S21247/2022|EPI_ISL_13834472|2022-06-21	29751	29184	2331.04	1965.86
hCoV-19/USA/NJ-CDC-LC0740900/2022|EPI_ISL_13723017|2022-06-25	29720	29153	0	0
hCoV-19/USA/AZ-CDC-LC0731642/2022|EPI_ISL_13645264|2022-06-19	29720	29153	0	0
hCoV-19/USA/VA-CDC-QDX38152108/2022|EPI_ISL_13643936|2022-06-16	29718	29151	4165.99	3517.33
hCoV-19/USA/NY-PRL-220624_01A06/2022|EPI_ISL_13622237|2022-06-21	29773	29206	0	0
hCoV-19/USA/NY-PRL-220624_00D19/2022|EPI_ISL_13622113|2022-06-21	29772	29205	5690.93	4795.95
hCoV-19/USA/NY-CDC-LC0725251/2022|EPI_ISL_13584812|2022-06-17	29624	29057	4709.9	3989.42
hCoV-19/USA/MN-CDC-STM-9C4CQD5XA/2022|EPI_ISL_13582429|2022-06-21	29844	29277	0	0
hCoV-19/USA/WI-CDC-STM-VHMKPG3G4/2022|EPI_ISL_13581397|2022-06-17	29842	29275	2017.48	1696.13
hCoV-19/USA/NC-CDC-LC0699622/2022|EPI_ISL_13551584|2022-06-05	29723	29156	682.577	576.198
hCoV-19/USA/NJ-CDC-LC0724869/2022|EPI_ISL_13585646|2022-06-20	29592	29025	7146.96	6060.34
hCoV-19/USA/VA-CDC-LC0819390/2022|EPI_ISL_14501414|2022-08-02	29376	28809	2067.05	1765.92
hCoV-19/USA/IL-RUSH-00839/2020|EPI_ISL_14379681|2020-04-08	29863	29296	1003.67	843.2
hCoV-19/USA/MA-CDC-QDX40158478/2022|EPI_ISL_14656476|2022-08-06	29718	29151	4033.4	3405.39
hCoV-19/USA/IL-CDC-QDX40273497/2022|EPI_ISL_14742024|2022-08-12	29718	29151	2153.31	1818.03
hCoV-19/USA/CA-CDC-STM-MDYXA49VF/2022|EPI_ISL_14898781|2022-08-29	29806	29239	1324.94	1115.28
hCoV-19/USA/FL-CDC-QDX40520451/2022|EPI_ISL_14825989|2022-08-18	29718	29151	4.27993e-08	3.61353e-08
hCoV-19/USA/FL-CDC-STM-NNJFMPUKT/2022|EPI_ISL_15220859|2022-09-19	29844	29277	1565.45	1316.02
hCoV-19/USA/IL-CDC-QDX42001146/2022|EPI_ISL_15341878|2022-10-01	29718	29151	1.00629e-05	8.49603e-06
hCoV-19/USA/NJ-CDC-LC0894017/2022|EPI_ISL_15398788|2022-09-20	29593	29026	4846.07	4109.14
hCoV-19/USA/IL-CDC-QDX42254126/2022|EPI_ISL_15425111|2022-10-04	29715	29148	4278.85	3612.99
hCoV-19/USA/NY-CDC-LC0904395/2022|EPI_ISL_15410226|2022-09-28	29720	29153	0	0
hCoV-19/USA/NJ-CDC-LC0874150/2022|EPI_ISL_15042484|2022-09-01	29720	29153	6388.54	5393.45
hCoV-19/USA/TX-CDC-STM-7GQ9HXGR3/2022|EPI_ISL_15532297|2022-10-13	29841	29274	1805.6	1518.05
hCoV-19/USA/CA-CDC-STM-USBTNVF4R/2022|EPI_ISL_15704864|2022-10-24	29805	29238	1198.73	1009.07
hCoV-19/USA/CT-Yale-7549/2021|EPI_ISL_15573610|2021-08-04	29819	29252	162.987	137.134
hCoV-19/USA/CA-CDPH-3000117841/2021|EPI_ISL_16327937|2021-07-07	29868	29301	43.9888	36.9494
hCoV-19/deer/USA/NY-22-006202-002/2021|EPI_ISL_16384469|2021-11-30	29775	29208	422.992	356.434
hCoV-19/USA/OH-PLMI-HCF7G-16149/2022|EPI_ISL_16448827|2022	29756	29189	364.531	307.371
hCoV-19/USA/NC-CDC-LC0976164/2022|EPI_ISL_16573362|2022-12-28	29658	29091	2043.88	1729.2
hCoV-19/USA/AL-UAB-511/2021|EPI_ISL_17331983|2021-07-20	29778	29211	25.8758	21.802
hCoV-19/USA/IL-NM-09363/2021|EPI_ISL_17587565|2021-08-25	29831	29264	2940.39	2472.98
hCoV-19/USA/KS-KHEL-0229/2020|EPI_ISL_1073822|2020-10-21	29850	29283	1382.17	1161.7
hCoV-19/USA/NY-CDC-LC0559869/2022|EPI_ISL_11038912|2022-03-05	29694	29127	4466.58	3774.22
hCoV-19/USA/WA-CDC-LC0574298/2022|EPI_ISL_12168333|2022-04-06	29634	29067	0	0
hCoV-19/USA/NC-CDC-LC0593770/2022|EPI_ISL_12594477|2022-04-23	29727	29160	3597.54	3036.45
hCoV-19/USA/TX_GCID_192005579D/2020|EPI_ISL_1113022|2020-06-29	29856	29289	254.109	213.533
hCoV-19/USA/CA-IGI-2142/2020|EPI_ISL_1049316|2020-12-10	29782	29215	2530.32	2131.66
hCoV-19/USA/WA-PROV-734/2020|EPI_ISL_1017236|2020-10-29	29903	29336	1104.32	926.497
hCoV-19/USA/ID-IVREF-810144/2020|EPI_ISL_12037175|2020-08-04	29831	29264	861.22	724.317
hCoV-19/USA/OR-CGRB-072520-065/2020|EPI_ISL_1004206|2020-07-25	29903	29336	20.407	17.1209
hCoV-19/USA/MO-MSPHL-000072/2020|EPI_ISL_1362623|2020-04-10	29816	29249	791.442	665.973
hCoV-19/USA/WA-UW-5500425/2020|EPI_ISL_1526825|2020-06-13	29540	28973	0	0
hCoV-19/USA/NY-PRL-211029_00A08/2021|EPI_ISL_12912662|2021-10-26	29736	29169	659.116	556.146
hCoV-19/USA/CA-HLX-STM-36AE9PT72/2022|EPI_ISL_12233978|2022-03-22	29850	29283	3005.4	2526.01
hCoV-19/USA/OH-PLMI-HLL5M-08982/2022|EPI_ISL_12079972|2022	29754	29187	53210.3	44869.8
hCoV-19/USA/CA-OC-FG-194557/2021|EPI_ISL_11410360|2021-12-04	29845	29278	1070.56	899.947
hCoV-19/USA/GA-EHC-2693O/2021|EPI_ISL_11107981|2021-10-22	29815	29248	1060.67	892.553
hCoV-19/USA/MD-HP27754-PIDWBGBGCD/2020|EPI_ISL_10879404|2020-03-13	29753	29186	262.654	221.492
hCoV-19/USA/CT-Yale-16953/2021|EPI_ISL_10402108|2021-08-16	29764	29197	292.866	246.876
hCoV-19/USA/TX-CDC-QDX37750538/2022|EPI_ISL_13464511|2022-06-06	29701	29134	5731.36	4841.79
hCoV-19/USA/CA-CDC-LC0736982/2022|EPI_ISL_13707493|2022-06-23	29721	29154	5577.31	4708.42
hCoV-19/USA/IL-CDC-STM-BJ79PY35B/2022|EPI_ISL_13977371|2022-07-11	29844	29277	1364.15	1146.79
hCoV-19/USA/CA-CDC-LC0784536/2022|EPI_ISL_14105229|2022-07-12	29625	29058	4498.53	3810.25
hCoV-19/USA/NJ-CDC-LC0788067/2022|EPI_ISL_14184252|2022-07-18	29657	29090	9322.03	7887.06
hCoV-19/USA/GA-CDC-QDX38830115/2022|EPI_ISL_14191910|2022-07-09	29718	29151	0	0
hCoV-19/USA/WA-CDC-QDX39168822/2022|EPI_ISL_14267833|2022-07-13	29718	29151	3597.92	3037.71
hCoV-19/USA/FL-CDC-QDX39612684/2022|EPI_ISL_14555331|2022-07-29	29718	29151	230.527	194.633
hCoV-19/USA/TX-CDC-STM-4FE3MA9CD/2022|EPI_ISL_14897958|2022-08-27	29844	29277	208.902	175.616
hCoV-19/USA/NV-CDC-QDX40817008/2022|EPI_ISL_14910343|2022-08-28	29718	29151	3198.06	2700.11
hCoV-19/USA/WV-CDC-LC0875013/2022|EPI_ISL_15041897|2022-08-31	29655	29088	4206.83	3559.5
hCoV-19/USA/NY-CDC-QDX41378751/2022|EPI_ISL_15161402|2022-09-13	29718	29151	0	0
hCoV-19/USA/NY-PRL-220715_04C08/2022|EPI_ISL_14029208|2022-07-14	29740	29173	7288.78	6149.25
hCoV-19/USA/AK-PHL22017/2022|EPI_ISL_14600448|2022-07-29	29777	29210	969.52	816.909
hCoV-19/USA/SC-CDC-LC0771696/2022|EPI_ISL_13978996|2022-07-11	29409	28842	3985.08	3400.63
hCoV-19/USA/GA-CDC-STM-8J4D4J5WG/2022|EPI_ISL_13976680|2022-07-08	29804	29237	102.226	86.0551
hCoV-19/USA/NY-PRL-220705_05C08/2022|EPI_ISL_13745781|2022-07-02	29802	29235	2885.24	2429
hCoV-19/USA/NC-UNC-7007/2022|EPI_ISL_13726848|2022-06-29	29745	29178	422.678	356.535
hCoV-19/USA/MN-CDC-LC0731367/2022|EPI_ISL_13644837|2022-06-16	29375	28808	1451.45	1240.04
hCoV-19/USA/AZ-CDC-LC0725679/2022|EPI_ISL_13641416|2022-06-17	29592	29025	4480.17	3799.01
hCoV-19/USA/CA-HLX-STM-N6TENUSDC/2022|EPI_ISL_13586360|2022-06-14	29804	29237	113.469	95.5199
hCoV-19/USA/CA-CDC-LC0721520/2022|EPI_ISL_13583796|2022-06-15	29711	29144	6248.75	5277.06
hCoV-19/USA/CA-CDC-STM-P9HA8ZAHN/2022|EPI_ISL_13759313|2022-06-27	29842	29275	593.416	498.897
hCoV-19/USA/AZ-ASU83079/2022|EPI_ISL_13418233|2022-06-15	29719	29152	0	0
hCoV-19/USA/CA-HLX-STM-GKQCP32J8/2022|EPI_ISL_13415016|2022-06-08	29842	29275	1692.18	1422.65
hCoV-19/USA/CA-FG-296117/2022|EPI_ISL_15324920|2022-09-28	29772	29205	5569.52	4693.63
hCoV-19/USA/CA-FG-295929/2022|EPI_ISL_15324745|2022-09-26	29754	29187	674.982	569.182
hCoV-19/USA/GA-CDC-STM-RUWDRG6UM/2022|EPI_ISL_15260243|2022-09-21	29844	29277	3162.83	2658.87
hCoV-19/USA/MI-CDC-QDX41593620/2022|EPI_ISL_15227448|2022-09-19	29718	29151	1351.43	1141.01
hCoV-19/USA/NC-UNC-8051/2022|EPI_ISL_15196158|2022-09-15	29744	29177	1828.19	1542.16
hCoV-19/USA/MA-CDCBI-CRSP_VV7XHOERTGLJVMR7/2022|EPI_ISL_15145788|2022-09-20	29355	28788	857.225	732.878
hCoV-19/USA/PA-CDC-QDX41075068/2022|EPI_ISL_15027624|2022-09-03	29718	29151	2469.31	2084.83
hCoV-19/USA/CA-HLX-STM-DYSKVC5J4/2022|EPI_ISL_14902776|2022-08-18	29800	29233	812.753	684.28
hCoV-19/USA/CA-HLX-STM-NZ57PVZCZ/2022|EPI_ISL_14902404|2022-08-22	29844	29277	2721.41	2287.78
hCoV-19/USA/TX-CDC-QDX40621867/2022|EPI_ISL_14833542|2022-08-19	29718	29151	2258.6	1906.93
hCoV-19/USA/CA-CDC-STM-VN59QX4YE/2022|EPI_ISL_14830826|2022-08-17	29850	29283	8739.77	7345.69
hCoV-19/USA/TX-CDC-STM-VPWQAXRFC/2022|EPI_ISL_14830785|2022-08-17	29844	29277	0	0
hCoV-19/USA/MN-MDH-29232/2022|EPI_ISL_14800729|2022-08-24	29717	29150	5857.61	4945.73
hCoV-19/USA/NY-PRL-220817_00C24/2022|EPI_ISL_14684423|2022-08-14	29808	29241	1538.9	1295.29
hCoV-19/USA/FL-CDC-QDX41999905/2022|EPI_ISL_15341496|2022-09-29	29724	29157	424.063	357.961
hCoV-19/USA/NY-CDC-LC0904589/2022|EPI_ISL_15410638|2022-10-01	29723	29156	861.434	727.181
hCoV-19/USA/TX-CDC-LC0901257/2022|EPI_ISL_15411988|2022-09-27	29720	29153	1070.18	903.489
hCoV-19/USA/DC-CDC-LC0908105/2022|EPI_ISL_15414740|2022-10-06	29720	29153	359.569	303.562
hCoV-19/USA/IL-CDC-LC0910552/2022|EPI_ISL_15481834|2022-10-05	29474	28907	1028.64	875.809
hCoV-19/USA/NY-CDC-QDX42511645/2022|EPI_ISL_15511740|2022-10-15	29718	29151	2545.87	2149.47
hCoV-19/USA/PA-CDC-STM-JTTM9D75B/2022|EPI_ISL_15529707|2022-09-29	29844	29277	647.93	544.69
hCoV-19/USA/CA-CDC-STM-C825DPR9V/2022|EPI_ISL_15532020|2022-10-12	29844	29277	0	0
hCoV-19/USA/NY-CDC-QDX42511611/2022|EPI_ISL_15546965|2022-10-15	29718	29151	2595.46	2191.34
hCoV-19/USA/CA-CDC-STM-55YK752AC/2022|EPI_ISL_15582860|2022-10-14	29816	29249	2869.44	2414.54
hCoV-19/USA/CA-CDC-LC0919875/2022|EPI_ISL_15638629|2022-10-23	29687	29120	664.028	561.233
hCoV-19/USA/GA-CDC-STM-EYQFQJ5TN/2022|EPI_ISL_15704964|2022-10-24	29830	29263	1435.38	1207.24
hCoV-19/USA/CA-CDC-STM-U34CQH7QB/2022|EPI_ISL_15704980|2022-10-25	29841	29274	473.864	398.4
hCoV-19/USA/CA-CDC-STM-KH8Z2JMSD/2022|EPI_ISL_15803945|2022-11-01	29827	29260	898.239	755.555
hCoV-19/USA/AZ-CDC-STM-EYZ4Q9N4H/2022|EPI_ISL_15805052|2022-11-03	29822	29255	2758.56	2320.76
hCoV-19/USA/CA-CDC-QDX43427694/2022|EPI_ISL_15847427|2022-11-08	29718	29151	10899.4	9202.36
hCoV-19/USA/CA-CDC-LC0934402/2022|EPI_ISL_15890664|2022-11-13	29690	29123	1098.7	928.522
hCoV-19/USA/SC-CDC-QDX43473885/2022|EPI_ISL_15902624|2022-11-09	29715	29148	571.536	482.595
hCoV-19/USA/CA-CDC-STM-ZKWKDJVGF/2022|EPI_ISL_15841014|2022-11-06	29844	29277	155.825	130.996
hCoV-19/USA/CA-CDC-STM-T5PWXQJ46/2022|EPI_ISL_15804551|2022-11-02	29805	29238	976.557	822.05
hCoV-19/USA/OH-CDC-QDX43024411/2022|EPI_ISL_15771045|2022-10-26	29718	29151	2750.16	2321.95
hCoV-19/USA/CA-CDC-STM-GTQEVU78Y/2022|EPI_ISL_15767138|2022-11-02	29835	29268	3313.08	2786.04
hCoV-19/USA/NC-WFSM-1085-7818/2022|EPI_ISL_15731413|2022-10-30	29700	29133	6822.58	5763.84
hCoV-19/USA/MI-CDC-STM-CH6BCVSW2/2022|EPI_ISL_15705029|2022-10-25	29844	29277	49.3894	41.5198
hCoV-19/USA/CA-SCPHL-22WGS02176/2022|EPI_ISL_15667745|2022-10-27	29652	29085	1090.2	922.542
hCoV-19/USA/NC-WFSM-1085-7769/2022|EPI_ISL_15640380|2022-10-24	29694	29127	3910.17	3304.06
hCoV-19/USA/FL-CDC-LC0919463/2022|EPI_ISL_15619011|2022-10-18	29592	29025	0	0
hCoV-19/USA/DE-CDC-LC0917946/2022|EPI_ISL_15618703|2022-10-15	29663	29096	2189.08	1851.72
hCoV-19/USA/NY-CDC-LC0917524/2022|EPI_ISL_15618523|2022-10-11	29621	29054	2118.41	1794.54
hCoV-19/USA/MD-IGS-042229100460A/2022|EPI_ISL_15586258|2022-10-18	29839	29272	7193.63	6048.45
hCoV-19/USA/CA-CDC-STM-PJTDA3VVR/2022|EPI_ISL_15583048|2022-10-15	29812	29245	491.275	413.449
hCoV-19/USA/NM-CDC-LC0916881/2022|EPI_ISL_15545738|2022-10-14	29624	29057	2780.33	2355.01
hCoV-19/USA/PA-CDC-STM-5DJQHEJYD/2022|EPI_ISL_15532199|2022-10-13	29850	29283	3457.97	2906.39
hCoV-19/USA/NC-CDC-LC0914696/2022|EPI_ISL_15499965|2022-10-14	29625	29058	1019.95	863.893
hCoV-19/USA/AZ-CDC-LC0912161/2022|EPI_ISL_15482177|2022-10-07	29442	28875	0	0
hCoV-19/USA/IL-CDC-LC0913154/2022|EPI_ISL_15481415|2022-10-02	29657	29090	391.236	331.012
hCoV-19/USA/WA-UW-22092696644/2022|EPI_ISL_15420822|2022-09-26	29499	28932	1351.06	1149.33
hCoV-19/USA/CT-CDC-LC0907081/2022|EPI_ISL_15414152|2022-10-03	29687	29120	1677.8	1418.07
hCoV-19/USA/CT-CDC-LC0898531/2022|EPI_ISL_15411236|2022-09-22	29687	29120	298.06	251.919
hCoV-19/USA/CA-CDC-LC0938146/2022|EPI_ISL_15947402|2022-11-18	29684	29117	83.3231	70.4315
hCoV-19/USA/NY-CDC-LC0943606/2022|EPI_ISL_16089703|2022-11-28	29628	29061	2376.99	2013.1
hCoV-19/USA/NY-CDC-LC0950535/2022|EPI_ISL_16168744|2022-12-04	29685	29118	4044.11	3418.3
hCoV-19/USA/NY-NYULH9670/2022|EPI_ISL_16137787|2022-11-30	29789	29222	272.777	229.745
hCoV-19/USA/NY-CDC-LC0954828/2022|EPI_ISL_16206219|2022-12-05	29723	29156	178.268	150.485
hCoV-19/USA/CA-CDC-STM-FWD7USH94/2022|EPI_ISL_16267077|2022-12-07	29815	29248	0	0
hCoV-19/USA/NJ-CDC-STM-7SHYKHHPS/2022|EPI_ISL_16267153|2022-12-07	29847	29280	1988.63	1671.59
hCoV-19/USA/CT-CDC-LC0957474/2022|EPI_ISL_16268057|2022-12-10	29723	29156	60.5143	51.0833
hCoV-19/USA/CT-CDC-LC0958282/2022|EPI_ISL_16268385|2022-12-11	29628	29061	389.959	330.26
hCoV-19/USA/DC-CDC-LC0963537/2022|EPI_ISL_16293716|2022-12-15	29724	29157	418.104	352.931
hCoV-19/USA/NJ-CDC-LC0964254/2022|EPI_ISL_16294063|2022-12-17	29628	29061	548.227	464.299
hCoV-19/USA/NJ-CDC-LC0963878/2022|EPI_ISL_16294104|2022-12-17	29690	29123	21.0728	17.8088
hCoV-19/USA/RI-CDC-LC0964239/2022|EPI_ISL_16294116|2022-12-17	29628	29061	2337.27	1979.46
hCoV-19/USA/NH-CDC-LC0964359/2022|EPI_ISL_16294118|2022-12-17	29595	29028	425.73	360.966
hCoV-19/USA/IL-CDC-STM-S934QSJ57/2022|EPI_ISL_16307699|2022-12-12	29847	29280	1657.77	1393.48
hCoV-19/USA/NY-CDC-LC0964766/2022|EPI_ISL_16361358|2022-12-18	29660	29093	49.7708	42.1051
hCoV-19/USA/SC-CDC-LC0964642/2022|EPI_ISL_16363380|2022-12-19	29628	29061	3173.62	2687.77
hCoV-19/USA/NY-CDC-LC0967430/2022|EPI_ISL_16381276|2022-12-19	29723	29156	275.235	232.34
hCoV-19/USA/NJ-CDC-LC0969154/2022|EPI_ISL_16382903|2022-12-23	29598	29031	217.924	184.753
hCoV-19/USA/MA-CDCBI-CRSP_ZPD7BNYW2VUOGKKO/2022|EPI_ISL_16243833|2022-12-12	29404	28837	1781.65	1520.62
hCoV-19/USA/CA-CDC-LC0973696/2022|EPI_ISL_16416741|2022-12-26	29691	29124	506.652	428.161
hCoV-19/USA/IN-CDC-LC0973993/2022|EPI_ISL_16569572|2022-12-20	29660	29093	53.4254	45.1968
hCoV-19/USA/CT-CDC-LC0977874/2022|EPI_ISL_16572685|2022-12-26	29724	29157	307.334	259.427
hCoV-19/USA/NC-CDC-LC0986864/2023|EPI_ISL_16666034|2023-01-09	29691	29124	1468.78	1241.24
hCoV-19/USA/OR-OSPHL08039/2023|EPI_ISL_16609677|2023-01-10	29684	29117	166.322	140.589
hCoV-19/USA/HI-H2319321/2023|EPI_ISL_16608705|2023-01-05	29649	29082	330.79	279.947
hCoV-19/USA/TX-HMH-123247/2023|EPI_ISL_16599352|2023-01-11	29772	29205	713.507	601.298
hCoV-19/USA/OH-PLMI-HCF7J-16185/2023|EPI_ISL_16533535|2023	29748	29181	2448.1	2064.79
hCoV-19/USA/MI-UM-RR2494013161/2022|EPI_ISL_16529732|2022-12-19	29610	29043	15.0234	12.7313
hCoV-19/USA/NC-WFSM-1085-8808/2023|EPI_ISL_16492929|2023-01-03	29697	29130	680.655	575.089
hCoV-19/USA/NY-NYULH9987/2022|EPI_ISL_16483112|2022-12-27	29796	29229	347.958	292.996
hCoV-19/USA/IN-CDC-STM-N8WT247WH/2023|EPI_ISL_16681046|2023-01-14	29819	29252	2026.96	1705.45
hCoV-19/USA/VA-CDC-88390756/2023|EPI_ISL_16835058|2023-01-16	29845	29278	528.455	444.237
hCoV-19/USA/TX-CDC-QDX45690418/2023|EPI_ISL_16778677|2023-01-12	29721	29154	1060.9	895.626
hCoV-19/USA/TX-CDC-LC0998933/2023|EPI_ISL_16859397|2023-01-17	29660	29093	668.185	565.27
hCoV-19/USA/TX-HMH-M-126564/2023|EPI_ISL_17181019|2023-03-02	29773	29206	1122.64	946.053
hCoV-19/USA/UT-CDC-QDX47043512/2023|EPI_ISL_17147462|2023-02-20	29721	29154	764.308	645.236
hCoV-19/USA/CA-CDC-LC1022590/2023|EPI_ISL_17181883|2023-02-28	29687	29120	655.521	554.043
hCoV-19/USA/CA-CDC-VSX-A078855/2023|EPI_ISL_17190406|2023-02-25	29814	29247	2385.9	2007.8
hCoV-19/USA/TX-CDC-QDX47492582/2023|EPI_ISL_17250093|2023-03-03	29721	29154	271.938	229.573
